move_verdict,usdot,slug,move_row_id,mc,legal_name,public_name,capabilities,sharing_row_ids
CANDIDATE,1534531,1-800-pack-rat,1-800-pack-rat,648624,1-800-PACK-RAT LLC,1-800-Pack-Rat,hhg_broker hhg_interstate_carrier,
CANDIDATE,2787568,2-college-brothers-moving-and-storage,2-college-brothers-moving-and-storage,982991,SMARTER MOVING SOLUTIONS LLC,2 College Brothers Moving and Storage,hhg_interstate_carrier,
CANDIDATE,92851,a-c-white-transfer-storage,a-c-white-transfer-storage,120606,A C WHITE TRANSFER & STORAGE COMPANY INC,A.C. White Transfer & Storage,hhg_broker hhg_interstate_carrier,
CANDIDATE,1774499,absolute-moving-storage,absolute-moving-storage,,ABSOLUTE MOVING AND STORAGE INC,Absolute Moving & Storage,hhg_interstate_carrier,
CANDIDATE,754250,adsi-moving-systems,adsi-moving-systems,,ADSI MOVING SYSTEMS INC,ADSI Moving Systems,hhg_interstate_carrier,
CANDIDATE,1605569,all-my-sons-moving-storage-birmingham,all-my-sons-moving-storage-birmingham,,ALL MY SONS MOVING AND STORAGE OF BIRMINGHAM LLC,All My Sons Moving & Storage Birmingham,hhg_interstate_carrier,
CANDIDATE,2087637,all-my-sons-moving-storage-knoxville,all-my-sons-moving-storage-knoxville,,ALL MY SONS MOVING AND STORAGE OF KNOXVILLE LLC,All My Sons Moving & Storage Knoxville,hhg_interstate_carrier,
CANDIDATE,2117516,all-my-sons-moving-storage-memphis,all-my-sons-moving-storage-memphis,,ALL MY SONS MOVING & STORAGE OF MEMPHIS LLC,All My Sons Moving & Storage Memphis,hhg_interstate_carrier,
CANDIDATE,825563,all-my-sons-moving-storage-nashville,all-my-sons-moving-storage-nashville,,ALL MY SONS MOVING & STORAGE OF NASHVILLE LLC,All My Sons Moving & Storage Nashville,hhg_interstate_carrier,
CANDIDATE,902281,all-my-sons-moving-storage-savannah,all-my-sons-moving-storage-savannah,,ALL MY SONS MOVING & STORAGE OF AUSTIN LLC,All My Sons Moving & Storage Savannah,hhg_interstate_carrier,
CANDIDATE,76235,allied-van-lines,allied,15735,ALLIED VAN LINES INC,Allied Van Lines,auto_broker auto_carrier hhg_broker hhg_interstate_carrier,
CANDIDATE,2007351,american-moving-hauling,american-moving-hauling,,AMERICAN MOVING AND HAULING INC,American Moving & Hauling,hhg_interstate_carrier,
CANDIDATE,614506,american-van-lines,american-van-lines,295026,AMERICAN VAN LINES INC,American Van Lines,hhg_intrastate hhg_local,
CANDIDATE,3341650,amerisafe-van-lines,amerisafe,1066696,AMS MOVING INC,Amerisafe Van Lines,hhg_intrastate hhg_local,
CANDIDATE,3101918,amex-moving-and-storage-llc,amex-moving-and-storage-llc,,AMEX MOVING AND STORAGE LLC,Amex Moving And Storage LLC,hhg_interstate_carrier,
CANDIDATE,1270079,armstrong-relocation-birmingham,armstrong-relocation-birmingham,,ARMSTRONG TRANSFER & STORAGE COMPANY INCARMSTRONG RELOCATION COMPANY,Armstrong Relocation Birmingham,hhg_interstate_carrier,
CANDIDATE,1170867,armstrong-relocation-durham,armstrong-relocation-durham,,ARMSTRONG RELOCATION COMPANY OHIO LLC,Armstrong Relocation Durham,hhg_interstate_carrier,
CANDIDATE,1925341,armstrong-relocation-jackson,armstrong-relocation-jackson,16850,ARMSTRONG TRANSFER AND STORAGE COMPANY INC ARMSTRONG RELOCATION COMPANY,Armstrong Relocation Jackson,hhg_interstate_carrier,
CANDIDATE,1463768,armstrong-relocation-nashville-tennessee,armstrong-relocation-nashville,,ARMSTRONG TRANSFER AND STORAGE COMPANY INC NASHVILLE TENNESSEE,Armstrong Relocation Nashville Tennessee,hhg_interstate_carrier,
CANDIDATE,49922,arpin-van-lines,arpin,621,ARPIN MOVING INC,Arpin Van Lines,hhg_broker hhg_interstate_carrier,
CANDIDATE,2844367,ashe-van-lines-moving-and-storage,ashe-van-lines-moving-and-storage,,ASHE VAN LINES LLC,Ashe Van Lines Moving and Storage,hhg_interstate_carrier,
CANDIDATE,3020455,asheville-area-movers,asheville-area-movers,,ASHEVILLE AREA MOVERS LLC,Asheville Area Movers,hhg_interstate_carrier,
CANDIDATE,3205320,athens-moving-experts,athens-moving-experts,,ATHENS MOVING EXPERTS INC,Athens Moving Experts,hhg_interstate_carrier,
CANDIDATE,125550,atlas-van-lines,atlas,79658,ATLAS VAN LINES INC,Atlas Van Lines,auto_broker auto_carrier hhg_broker hhg_interstate_carrier,
CANDIDATE,1980694,atmosphere-movers,atmosphere-movers,,ALL MY SONS MOVING & STORAGE OF BATON ROUGE LLC,Atmosphere Movers,hhg_interstate_carrier,
CANDIDATE,384361,carson-valley-movers,barry-elwood-jones,,BARRY ELWOOD JONES,Carson Valley Movers,hhg_intrastate hhg_local,
CANDIDATE,4323483,beulah-moving-storage,beulah-moving-storage,851763,5 RIVER TRUCKING INC,Beulah Moving & Storage,hhg_interstate_carrier,
CANDIDATE,2989016,brandon-express-moving,brandon-express-moving,109012,YAAR BELI CARRIERS INC,Brandon Express Moving,hhg_interstate_carrier,
CANDIDATE,120995,brooks-transfer-storage,brooks-transfer-storage,,BROOKS TRANSFER & STORAGE COINC,Brooks Transfer & Storage,hhg_interstate_carrier,
CANDIDATE,3411160,brothers-ez-moving-of-alabama,brothers-ez-moving-of-alabama,,BROTHERS EZ MOVING OF ALABAMA LLC,Brothers EZ Moving of Alabama,hhg_interstate_carrier,
CANDIDATE,2145512,budget-movers-of-augusta,budget-movers-of-augusta,,BUDGET MOVERS OF AUGUSTA INC,Budget Movers of Augusta,hhg_interstate_carrier,
CANDIDATE,980198,cicero-s-moving-storage,cicero-s-moving-storage,,CICERO'S MOVING AND STORAGE LLC,Cicero's Moving & Storage,hhg_interstate_carrier,
CANDIDATE,4074980,cirta-moving-llc,cirta-moving-llc,,CIRTA MOVING LLC,Cirta Moving LLC,hhg_interstate_carrier,
CANDIDATE,3335675,clare-moving-storage,clare-moving-storage,828099,MIREMPIRE EXPRESS INC,Clare Moving & Storage,hhg_interstate_carrier,
CANDIDATE,2897746,coleman-worldwide-moving-augusta,coleman-worldwide-moving-augusta,,COLEMAN WORLDWIDE MOVING LLC,Coleman Worldwide Moving Augusta,hhg_interstate_carrier,
CANDIDATE,3969328,college-hunks-hauling-junk-moving-chattanooga,college-hunks-hauling-junk-moving-chattanooga,,WIN SERVICES LLC,College Hunks Hauling Junk & Moving Chattanooga,hhg_interstate_carrier,
CANDIDATE,2533629,college-hunks-hauling-junk-moving-nashville,college-hunks-hauling-junk-moving-nashville,,NORTHERN VOLUNTEER ENTERPRISES LLC,College Hunks Hauling Junk & Moving Nashville,hhg_interstate_carrier,
CANDIDATE,143437,colonial-van-lines,colonial-van-lines,707818,SPECIAL SERVICE CO INC,Colonial Van Lines,hhg_intrastate hhg_local,
CANDIDATE,181102,cord-moving-storage-memphis,cord-moving-storage-memphis,,CORD MOVING AND STORAGE COMPANY,Cord Moving & Storage Memphis,hhg_interstate_carrier,
CANDIDATE,153343,corrigan-moving-systems-premier-relocations,corrigan-moving-systems,,CORRIGAN MOVING & STORAGE COMPANY,Corrigan Moving Systems Premier Relocations,hhg_interstate_carrier,
CANDIDATE,1573959,crossin-moving-storage,crossin-moving-storage,,CROSSIN MOVING LLC,Crossin Moving & Storage,hhg_interstate_carrier,
CANDIDATE,15010,dimon-bacorn-company-of-binghamton,dimon-bacorn-company-of-binghamton,,PETTIS MOVING CO INC,Dimon & Bacorn Company of Binghamton,hhg_interstate_carrier,
CANDIDATE,4411535,dumbo-movers-inc,dumbo-movers-inc,,DUMBO MOVERS INC,Dumbo Movers INC,hhg_intrastate hhg_local,
CANDIDATE,2438253,elizabeth-s-moving-storage,elizabeth-s-moving-storage,,ELIZABETH'S MOVING SERVICES LLC,Elizabeth's Moving & Storage,hhg_interstate_carrier,
CANDIDATE,3542515,faith-moving-llc,faith-moving-llc,,FAITH MOVING LLC,Faith Moving Company,hhg_intrastate hhg_local,
CANDIDATE,723427,fortson-moving-systems,fortson-moving-systems,,TOMMY FORTSON IV,Fortson Moving Systems,hhg_interstate_carrier,
CANDIDATE,281010,gasperson-moving-storage,gasperson-moving-storage,,WNC MOVING & STORAGE INC,Gasperson Moving & Storage,hhg_interstate_carrier,
CANDIDATE,373544,gentle-giant-moving,gentle-giant,228137,GENTLE GIANT INTERSTATE COMPANY LLC,Gentle Giant Moving Company,hhg_interstate_carrier,
CANDIDATE,1442337,gentlemen-movers-inc,gentlemen-movers-inc,,GENTLEMEN MOVERS INC,Gentlemen Movers Inc.,hhg_interstate_carrier,
CANDIDATE,1906318,good-guys-moving-delivery-chattanooga,good-guys-moving-delivery-chattanooga,,GOOD GUYS MOVING & DELIVERY LLC,Good Guys Moving & Delivery Chattanooga,hhg_interstate_carrier,
CANDIDATE,553340,gouffon-moving-storage,gouffon-moving-storage,,GOUFFON MOVING AND STORAGE CO,Gouffon Moving & Storage,hhg_interstate_carrier,
CANDIDATE,4073065,hardy-moving-storage,hardy-moving-storage,,MAAVS TRANSIT LLC,Hardy Moving & Storage,hhg_interstate_carrier,
CANDIDATE,2792009,hhg-movers,hhg-movers,,HHG MOVERS LLC,HHG Movers,hhg_interstate_carrier,
CANDIDATE,4128186,hills-moving-storage,hills-moving-storage,,AMERICAN HILLS MOVING & STORAGE INC,Hills Moving & Storage,hhg_interstate_carrier,
CANDIDATE,967169,hired-hands-moving-company,hired-hands-moving-company,,STUDENT AGENCIES INC,Hired Hands Moving Company,hhg_interstate_carrier,
CANDIDATE,3415437,home-and-office-movers-llc,home-and-office-movers-llc,,HOME AND OFFICE MOVERS LLC,Home And Office Movers LLC,hhg_interstate_carrier,
CANDIDATE,304797,horne-moving-systems,horne-moving-systems,,HORNE MOVING SYSTEMS INC,Horne Moving Systems,hhg_interstate_carrier,
CANDIDATE,3120882,house-to-house-moving,house-to-house-moving,87878,HOUSE TO HOUSE MOVING LLC,House to House Moving,hhg_interstate_carrier,
CANDIDATE,1418527,j-e-thomas-sons-moving,j-e-thomas-sons-moving,,JE THOMAS & SONS MOVING LLC,J.E. Thomas & Sons Moving,hhg_interstate_carrier,
CANDIDATE,3583359,jega-movers-llc,jega-movers-llc,,JEGA TRANSPORT LLC,JEGA Movers LLC,hhg_interstate_carrier,
CANDIDATE,1065394,jk-moving-services,jk-moving,225850,JK MOVING & STORAGE INC,JK Moving Services,hhg_intrastate hhg_local auto_carrier hhg_interstate_carrier,
CANDIDATE,3585744,jp-moving-llc,jp-moving-llc,,JP MOVING LLC,Jp Moving LLC,hhg_intrastate hhg_local,
CANDIDATE,3046622,jr-brown-moving,jr-brown-inc,,JR BROWN INC,Jr Brown Moving,hhg_intrastate hhg_local,
CANDIDATE,3919190,lake-county-moving,lake-county-moving,822754,BIG BLACK TRANSPORTATION LLC,Lake County Moving,hhg_interstate_carrier,
CANDIDATE,3337911,later-gator-moving-llc,later-gator-moving-llc,1064843,LATER GATOR MOVING LLC,Later Gator Moving LLC,hhg_interstate_carrier,
CANDIDATE,3372702,lee-moving-storage,lee-moving-storage,,LEE MOVING AND STORAGE INC,Lee Moving & Storage,hhg_interstate_carrier,
CANDIDATE,1931566,little-guys-movers,little-guys-movers,,BESO DEL SOL HOLDINGS LLC,Little Guys Movers,hhg_interstate_carrier,
CANDIDATE,758674,mark-the-mover,mark-the-mover,,MARK THE MOVER INC,Mark the Mover,hhg_interstate_carrier,
CANDIDATE,125563,aero-mayflower-transit-company,mayflower,2934,MAYFLOWER TRANSIT LLC,Aero Mayflower Transit Company,hhg_broker hhg_interstate_carrier,
CANDIDATE,92776,mccarley-moving-storage,mccarley-moving-storage,,MCCARLEY MOVING AND STORAGE COMPANY INC,McCarley Moving & Storage,hhg_interstate_carrier,
CANDIDATE,713589,mccorquodale-transfer,mccorquodale-transfer,,MCCORQUODALE TRANSFER LLC,McCorquodale Transfer,hhg_interstate_carrier,
CANDIDATE,921143,meathead-movers,meathead-movers,,MEATHEAD MOVERS INC,Meathead Movers,hhg_interstate_carrier,
CANDIDATE,3788656,mighty-moving-knoxville,mighty-moving-knoxville,,MIGHTY MOVING INC,Mighty Moving Knoxville,hhg_interstate_carrier,
CANDIDATE,2461529,miracle-movers-raleigh,miracle-movers-raleigh,,MIRACLE MOVERS INC,Miracle Movers Raleigh,hhg_interstate_carrier,
CANDIDATE,2799088,monro-moving-storage,monro-moving-storage,,NEWTON RENTALS LLC,Monro Moving & Storage,hhg_interstate_carrier,
CANDIDATE,1885461,mother-lode-van-storage,mother-lode-van-storage,,MOTHER LODE VAN & STORAGE INC,Mother Lode Van & Storage,hhg_interstate_carrier,
CANDIDATE,173472,mountain-lake-mover,mountain-lake-mover,,OWENS BROTHERS TRANSFER COMPANY,Mountain Lake Mover,hhg_interstate_carrier,
CANDIDATE,1929143,movers-201-inc,movers-201-inc,689440,MOVERS 201 INC,Movers 201 Inc.,hhg_interstate_carrier,
CANDIDATE,15251,naglee-moving-storage,naglee-moving-storage,,NAGLEE MOVING & STORAGE INC,Naglee Moving & Storage,hhg_interstate_carrier,
CANDIDATE,76628,national-van-lines,national,42866,NATIONAL VAN LINES INC,National Van Lines,hhg_broker hhg_interstate_carrier,
CANDIDATE,2179652,new-latitude-movers,new-latitude-movers,,MOVE & STORE LLC,New Latitude Movers,hhg_interstate_carrier,
CANDIDATE,122025,nilson-van-and-storage,nilson-van-and-storage,,NILSON VAN & STORAGE,Nilson Van and Storage,hhg_interstate_carrier,
CANDIDATE,70851,north-american-moving-storage,north-american,107012,NORTH AMERICAN VAN LINES INC,North American Moving & Storage,auto_broker auto_carrier hhg_broker hhg_interstate_carrier,
CANDIDATE,2550206,obx-movers,obx-movers,,MATTHEW HILL,OBX Movers,hhg_interstate_carrier,
CANDIDATE,1780669,ocean-moving-storage-corp,ocean-moving-storage-corp,,OCEAN MOVING & STORAGE CORP,Ocean Moving & Storage CORP,hhg_interstate_carrier,
CANDIDATE,2551548,on-track-moving,on-track-moving,,ONTRACK MOVING LLC,On Track Moving,hhg_interstate_carrier,
CANDIDATE,3632936,osceola-county-moving,osceola-county-moving,884980,DARRELL LANIGAN TRUCKING LLC,Osceola County Moving,hhg_interstate_carrier,
CANDIDATE,3374772,our-family-moving-storage,our-family-moving-storage,1082468,OUR FAMILY MOVING AND STORAGE LLC,Our Family Moving & Storage,hhg_interstate_carrier,
CANDIDATE,3588230,ox-strong-moving,ox-strong-moving,,OX STRONG MOVING LLC,Ox Strong Moving,hhg_interstate_carrier,
CANDIDATE,3429630,page-relocation,page-relocation,1111955,PAGE RELOCATION LLC,Page Relocation,hhg_interstate_carrier,
CANDIDATE,1166324,phelps-moving-storage,phelps-moving-storage,,PHELPS MOVING & STORAGE INC,Phelps Moving & Storage,hhg_interstate_carrier,
CANDIDATE,1397252,pods,pods,530785,PODS ENTERPRISES LLC,Pods,hhg_broker hhg_interstate_carrier,
CANDIDATE,3065202,rickey-s-gold-country-moving,rickey-s-gold-country-moving,,RICKEY'S GOLD COUNTRY MOVING,Rickey's Gold Country Moving,hhg_intrastate hhg_local,
CANDIDATE,227698,royal-hawaiian-trucking-warehousing,royal-hawaiian-movers-inc,,ROYAL HAWAIIAN MOVERS INC,Royal Hawaiian Trucking & Warehousing,hhg_intrastate hhg_local,
CANDIDATE,4086767,rushmore-van-lines-inc,rushmore-van-lines-inc,,RUSHMORE VAN LINES INC,Rushmore Van Lines INC,hhg_intrastate hhg_local,
CANDIDATE,2900155,safebound-moving-storage,safebound-logistics-llc,,SAFEBOUND LOGISTICS LLC,Safebound Moving Storage,hhg_intrastate hhg_local,
CANDIDATE,804775,secure-moving-storage,secure-moving-storage,358359,SECURE MOVING INC,Secure Moving & Storage,hhg_interstate_carrier,
CANDIDATE,2357653,smooth-move-charleston,smooth-move-charleston,,GO SMOOTH MOVE LLC,Smooth Move Charleston,hhg_interstate_carrier,
CANDIDATE,4474403,spyder-moving-kalamazoo,spyder-moving-kalamazoo,848687,RELIABLE RUSH LOGISTICS LLC,Spyder Moving Kalamazoo,hhg_interstate_carrier,
CANDIDATE,3187084,spyder-moving-storage-memphis,spyder-moving-storage-memphis,,SPYDER MOVING SERVICES LLC,Spyder Moving & Storage Memphis,hhg_interstate_carrier,
CANDIDATE,3978928,stanford-van-lines-inc,stanford-van-lines-inc,,STANFORD VAN LINES INC,Stanford Van Lines INC,hhg_interstate_carrier,
CANDIDATE,72029,stevens-worldwide,stevens,1063,STEVENS MOVING & STORAGE INC,Stevens Worldwide Van Lines,auto_carrier hhg_interstate_carrier,
CANDIDATE,1194537,stewart-moving-and-storage,stewart-moving-storage,,THE WES STEWART CORPORATION,Stewart Moving And Storage,hhg_interstate_carrier,
CANDIDATE,29609,suddath-relocation-systems-charlotte,suddath-relocation-systems-charlotte,,SUDDATH VAN LINES INC,Suddath Relocation Systems Charlotte,hhg_interstate_carrier,
CANDIDATE,2799474,sunbelt-moving-delivery-inc,sunbelt-moving-delivery-inc,,SUNBELT MOVING & DELIVERY INC,"Sunbelt Moving & Delivery, Inc.",hhg_interstate_carrier,
CANDIDATE,2533789,suttons-bay-moving-storage,suttons-bay-moving-storage,939841,GRAND TRANSPORTATION LLC,Suttons Bay Moving & Storage,hhg_interstate_carrier,
CANDIDATE,4465712,tawas-city-moving-storage,tawas-city-moving-storage,866316,SHINE CC LOGISTICS LLC,Tawas City Moving & Storage,hhg_interstate_carrier,
CANDIDATE,3239067,the-home-moving-solution,the-home-moving-solution,,THE HOME MOVING SOLUTION LLC,The Home Moving Solution,hhg_interstate_carrier,
CANDIDATE,3170846,the-moving-truck-inc,the-moving-truck-inc,,THE MOVING TRUCK INC,The Moving Truck Inc,hhg_interstate_carrier,
CANDIDATE,1874024,this-side-up-moving-storage,this-side-up-moving-storage,,THIS SIDE UP MOVING,This Side Up Moving & Storage,hhg_interstate_carrier,
CANDIDATE,2390090,todd-s-easy-moves,todd-s-easy-moves,,TODD BENTLEY CUMMINGS,Todd's Easy Moves,hhg_interstate_carrier,
CANDIDATE,675014,trosa-moving,trosa-moving,,TRIANGLE RESIDENTIAL OPTIONS FOR SUBSTANCE ABUSERS INC,TROSA Moving,hhg_interstate_carrier,
CANDIDATE,90823,troy-humphrey-moving-storage,troy-humphrey-moving-storage,,TROY HUMPHREY MOVING & STORAGE INC,Troy Humphrey Moving & Storage,hhg_interstate_carrier,
CANDIDATE,2527384,two-men-and-a-truck-auburn,two-men-and-a-truck-auburn,,CHESAPEAKE BAY MOVERS INC,Two Men and a Truck Auburn,hhg_interstate_carrier,
CANDIDATE,3421940,two-men-and-a-truck-chico,two-men-and-a-truck-chico,,MURDOCK'S MOVING & HAULING INC,Two Men and a Truck Chico,hhg_interstate_carrier,
CANDIDATE,2973885,two-men-and-a-truck-fresno,two-men-and-a-truck-fresno,,TWO MEN AND A TRUCK INTERNATIONAL LLC,Two Men and a Truck Fresno,hhg_broker hhg_interstate_carrier,
CANDIDATE,1669783,two-men-and-a-truck-gainesville,two-men-and-a-truck-gainesville,,GOLDEN MOVING SYSTEMS INC,Two Men and a Truck Gainesville,hhg_interstate_carrier,
CANDIDATE,2254709,two-men-and-a-truck-knoxville-west,two-men-and-a-truck-knoxville,,KNOXVILLE 072 LLC,Two Men And A Truck Knoxville West,hhg_interstate_carrier,
CANDIDATE,4336160,two-men-and-a-truck-memphis,two-men-and-a-truck-memphis,,TMT MEMPHIS LLC,Two Men and a Truck Memphis,hhg_interstate_carrier,
CANDIDATE,2256609,two-men-and-a-truck,two-men-and-truck,820431,BEKINS VAN LINES INC,Two Men and a Truck,hhg_intrastate hhg_local,
CANDIDATE,2632086,u-pack,u-pack,914011,MOVING SOLUTIONS INC,U-Pack,hhg_broker hhg_interstate_carrier,
CANDIDATE,1778016,we-move-u,upack-we-move-u,648740,TRINIDAD A JACOBO,We Move U,hhg_interstate_carrier,
CANDIDATE,3447326,usa-family-moving-of-atlanta-llc,usa-family-moving-of-atlanta-llc,,USA FAMILY MOVING OF ATLANTA LLC,USA Family Moving Of Atlanta LLC,hhg_intrastate hhg_local,
CANDIDATE,1002530,hindman-isaacs-moving-storage-inc,usdot-1002530,421784,"HINDMAN & ISAACS MOVING & STORAGE, INC.","HINDMAN & ISAACS MOVING & STORAGE, INC.",hhg_interstate_carrier,
CANDIDATE,100277,aavon-moving-storage-inc,usdot-100277,126846,"AAVON MOVING & STORAGE, INC.","AAVON MOVING & STORAGE, INC.",hhg_interstate_carrier,
CANDIDATE,1003291,valtran-inc,usdot-1003291,576093,VALTRAN INC,VALTRAN INC,hhg_interstate_carrier,
CANDIDATE,1003329,grand-strand-moving-storage-llc,usdot-1003329,720332,GRAND STRAND MOVING & STORAGE LLC,GRAND STRAND MOVING & STORAGE LLC,hhg_interstate_carrier,
CANDIDATE,1003748,two-men-and-a-truck-kalamazoo,usdot-1003748,418644,"KOHO, LLC",TWO MEN AND A TRUCK/KALAMAZOO,hhg_interstate_carrier,
CANDIDATE,1004117,legends-moving,usdot-1004117,425647,EVERETT S. PLOWDEN,LEGENDS MOVING,hhg_interstate_carrier,
CANDIDATE,1006044,family-movers,usdot-1006044,460087,"METROPOLITAN MOVERS, INC",FAMILY MOVERS,hhg_interstate_carrier,
CANDIDATE,1006406,kargo-transportation-inc,usdot-1006406,411533,"KARGO TRANSPORTATION, INC","KARGO TRANSPORTATION, INC",hhg_interstate_carrier,
CANDIDATE,1011541,arrivas-moving-services-llc,usdot-1011541,908903,ARRIVAS MOVING SERVICES LLC,ARRIVAS MOVING SERVICES LLC,hhg_interstate_carrier,
CANDIDATE,1011878,two-men-and-a-truck-usdot-1011878,usdot-1011878,428604,LACEY ENTERPRISES,TWO MEN AND A TRUCK,hhg_interstate_carrier,
CANDIDATE,1016516,united-moving-storage,usdot-1016516,422357,"WESTBROOK VAN & STORAGE, INC.",UNITED MOVING & STORAGE,hhg_interstate_carrier,
CANDIDATE,1017321,2-fellas-a-big-vehicle-moving-company-usdot-1017321,usdot-1017321,427821,TF MANAGEMENT CO. INC.,2 FELLAS & A BIG VEHICLE MOVING COMPANY,hhg_interstate_carrier,
CANDIDATE,1018432,veg-land-inc,usdot-1018432,438167,VEG LAND INC,VEG LAND INC,hhg_interstate_carrier,
CANDIDATE,101934,daley-wanzer-inc,usdot-101934,78842,"DALEY & WANZER, INC.","DALEY & WANZER, INC.",hhg_interstate_carrier,
CANDIDATE,1019567,elite-movers,usdot-1019567,426254,BURT GREGORY STOVER,ELITE MOVERS,hhg_interstate_carrier,
CANDIDATE,1019917,mcgraw-moving-limited-liability-company,usdot-1019917,428015,MCGRAW MOVING LIMITED LIABILITY COMPANY,MCGRAW MOVING LIMITED LIABILITY COMPANY,hhg_interstate_carrier,
CANDIDATE,10208,garttmeyer-moving-storage-inc,usdot-10208,24106,"GARTTMEYER MOVING & STORAGE, INC.","GARTTMEYER MOVING & STORAGE, INC.",hhg_interstate_carrier,
CANDIDATE,1021003,s-r-i-fine-art-services,usdot-1021003,428954,"STEBICH RIDDER INTERNATIONAL, INC.",S.R.I. FINE ART SERVICES,hhg_interstate_carrier,
CANDIDATE,1022130,service-master,usdot-1022130,664497,VINTAGE CLEANING CORP INC,SERVICE MASTER,hhg_interstate_carrier,
CANDIDATE,1023794,ariel-moving-co,usdot-1023794,443916,"ARIEL MOVING AND STORAGE, LLC",ARIEL MOVING CO.,hhg_interstate_carrier,
CANDIDATE,102745,cissell-transfer-and-storage-co,usdot-102745,136305,GAIL CISSELL AND ALICE CISSELL,CISSELL TRANSFER AND STORAGE CO.,hhg_interstate_carrier,
CANDIDATE,1028204,b-b-movers-llc,usdot-1028204,1298608,B&B MOVERS LLC,B&B MOVERS LLC,hhg_interstate_carrier,
CANDIDATE,1029347,etj-services,usdot-1029347,431766,ETJ SERVICES LLC,ETJ SERVICES,hhg_interstate_carrier,
CANDIDATE,103102,burkett-moving-storage-co-inc,usdot-103102,98700,"BURKETT MOVING & STORAGE CO., INC.","BURKETT MOVING & STORAGE CO., INC.",hhg_interstate_carrier,
CANDIDATE,1031103,admiral-van-lines-llc,usdot-1031103,251558,"ADMIRAL VAN LINES,  LLC","ADMIRAL VAN LINES,  LLC",hhg_interstate_carrier,
CANDIDATE,1031129,confederate-van-lines-l-l-c,usdot-1031129,251600,"CONFEDERATE  VAN  LINES,  L. L. C.","CONFEDERATE  VAN  LINES,  L. L. C.",hhg_interstate_carrier,
CANDIDATE,1031140,electronic-van-lines-l-l-c,usdot-1031140,251598,"ELECTRONIC  VAN  LINES,  L. L. C.","ELECTRONIC  VAN  LINES,  L. L. C.",hhg_interstate_carrier,
CANDIDATE,1031149,exodus-van-lines-llc,usdot-1031149,251578,"EXODUS VAN LINES, LLC","EXODUS VAN LINES, LLC",hhg_interstate_carrier,
CANDIDATE,1031159,freeway-van-lines-l-l-c,usdot-1031159,251603,"FREEWAY  VAN  LINES,  L. L. C.","FREEWAY  VAN  LINES,  L. L. C.",hhg_interstate_carrier,
CANDIDATE,1031163,genesis-van-lines-llc,usdot-1031163,251570,"GENESIS VAN LINES, LLC","GENESIS VAN LINES, LLC",hhg_interstate_carrier,
CANDIDATE,1031166,heritage-van-lines-llc,usdot-1031166,251580,"HERITAGE VAN LINES, LLC","HERITAGE VAN LINES, LLC",hhg_interstate_carrier,
CANDIDATE,1031181,navy-van-lines-llc,usdot-1031181,251559,"NAVY VAN LINES,  LLC","NAVY VAN LINES,  LLC",hhg_interstate_carrier,
CANDIDATE,1031188,park-place-van-lines-llc,usdot-1031188,251553,"PARK PLACE VAN LINES, LLC","PARK PLACE VAN LINES, LLC",hhg_interstate_carrier,
CANDIDATE,1031202,u-s-a-van-lines-llc,usdot-1031202,251576,"U.S.A. VAN LINES, LLC","U.S.A. VAN LINES, LLC",hhg_interstate_carrier,
CANDIDATE,1031210,urban-van-lines-llc,usdot-1031210,251561,"URBAN VAN LINES, LLC","URBAN VAN LINES, LLC",hhg_interstate_carrier,
CANDIDATE,1031213,volunteer-van-lines-l-l-c,usdot-1031213,251552,"VOLUNTEER  VAN  LINES,  L.  L.  C.","VOLUNTEER  VAN  LINES,  L.  L.  C.",hhg_interstate_carrier,
CANDIDATE,103251,oregon-conference-of-seventh-day-adventists,usdot-103251,1415309,OREGON CONFERENCE OF SEVENTH DAY ADVENTISTS,OREGON CONFERENCE OF SEVENTH DAY ADVENTISTS,hhg_interstate_carrier,
CANDIDATE,1034907,lake-country-moving-storage,usdot-1034907,435411,NE ENTERPRISES LLC,LAKE COUNTRY MOVING & STORAGE,hhg_interstate_carrier,
CANDIDATE,1037672,two-men-and-a-truck-usdot-1037672,usdot-1037672,435975,UPWARD ENDEAVORS LLC,TWO MEN AND A TRUCK,hhg_interstate_carrier,
CANDIDATE,1038505,advantage-moving-and-storage,usdot-1038505,426960,"AMBER TRANSPORTATION GROUP, INC.",ADVANTAGE MOVING AND STORAGE,hhg_interstate_carrier,
CANDIDATE,1039352,a-one-moving-l-l-c,usdot-1039352,461680,"A-ONE MOVING, L.L.C.","A-ONE MOVING, L.L.C.",hhg_interstate_carrier,
CANDIDATE,1040023,baymeadows-moving-and-storage-inc,usdot-1040023,518204,BAYMEADOWS MOVING AND STORAGE INC,BAYMEADOWS MOVING AND STORAGE INC,hhg_interstate_carrier,
CANDIDATE,1041912,atlantic-moving-storage-services-llc,usdot-1041912,765275,ATLANTIC MOVING STORAGE SERVICES LLC,ATLANTIC MOVING STORAGE SERVICES LLC,hhg_interstate_carrier,
CANDIDATE,1043800,mordue-moving-storage-inc,usdot-1043800,1034434,"MORDUE MOVING & STORAGE, INC.","MORDUE MOVING & STORAGE, INC.",hhg_interstate_carrier,
CANDIDATE,1043988,nomad-moving-systems,usdot-1043988,438700,ANDREW J HAHN,NOMAD MOVING SYSTEMS,hhg_interstate_carrier,
CANDIDATE,1047914,central-lakes-region-movers,usdot-1047914,458009,DAVID K. MALONE,CENTRAL LAKES REGION MOVERS,hhg_interstate_carrier,
CANDIDATE,1051015,2-fellas-a-big-vehicle-of-okc,usdot-1051015,479035,S&W MANAGEMENT LLC,2 FELLAS & A BIG VEHICLE OF OKC,hhg_interstate_carrier,
CANDIDATE,105213,landstar-ligon-inc,usdot-105213,167225,"LANDSTAR LIGON, INC.","LANDSTAR LIGON, INC.",hhg_broker hhg_interstate_carrier,
CANDIDATE,1056544,vanguard-moving-services-inc,usdot-1056544,441332,VANGUARD MOVING SERVICES INC,VANGUARD MOVING SERVICES INC,hhg_interstate_carrier,
CANDIDATE,1058063,oz-moving-storage-inc,usdot-1058063,439945,"OZ MOVING & STORAGE, INC.","OZ MOVING & STORAGE, INC.",hhg_interstate_carrier,
CANDIDATE,1058084,abba-moving-llc,usdot-1058084,442346,ABBA MOVING LLC,ABBA MOVING LLC,hhg_interstate_carrier,
CANDIDATE,105913,fogarty-van-lines-inc,usdot-105913,65112,"FOGARTY VAN LINES, INC.","FOGARTY VAN LINES, INC.",hhg_interstate_carrier,
CANDIDATE,1060652,bal-transport-inc,usdot-1060652,570285,BAL TRANSPORT INC,BAL TRANSPORT INC,hhg_interstate_carrier,
CANDIDATE,1060938,furniture-mall,usdot-1060938,1680323,DISCOVERY FURNITURE INC,FURNITURE MALL,hhg_interstate_carrier,
CANDIDATE,1061908,two-men-and-a-truck-usdot-1061908,usdot-1061908,441711,"NAVIN ENTERPRISES, INC.",TWO MEN AND A TRUCK,hhg_interstate_carrier,
CANDIDATE,106412,maffucci-storage-corp,usdot-106412,44399,MAFFUCCI STORAGE CORP.,MAFFUCCI STORAGE CORP.,hhg_interstate_carrier,
CANDIDATE,1064661,apex-movers-llc,usdot-1064661,441701,APEX MOVERS LLC,Apex Moving & Storage LLC,hhg_interstate_carrier,
CANDIDATE,1067476,aslan-worldwide,usdot-1067476,445282,JOSHUA JAMES STEBBINS,ASLAN WORLDWIDE,hhg_interstate_carrier,
CANDIDATE,1067696,empire-movers-storage-llc,usdot-1067696,451266,EMPIRE MOVERS & STORAGE LLC,EMPIRE MOVERS & STORAGE LLC,hhg_interstate_carrier,
CANDIDATE,106845,clancy-cullen-storage-co-inc,usdot-106845,22581,"CLANCY-CULLEN STORAGE CO., INC.","CLANCY-CULLEN STORAGE CO., INC.",hhg_interstate_carrier,
CANDIDATE,1069251,byco-moving-or-tough-guy-moving,usdot-1069251,442323,"ADAMS BUSINESS SERVICES, INC.",BYCO MOVING OR TOUGH GUY MOVING,hhg_interstate_carrier,
CANDIDATE,106949,spry-moving,usdot-106949,84590,"E.A. SPRY & CO., INC.",SPRY MOVING,hhg_interstate_carrier,
CANDIDATE,1071379,republic-van-lines-inc,usdot-1071379,152081,"REPUBLIC VAN LINES, INC.","REPUBLIC VAN LINES, INC.",hhg_interstate_carrier,
CANDIDATE,1071770,dubuque-moving-storage-inc,usdot-1071770,467490,"DUBUQUE MOVING & STORAGE, INC.","DUBUQUE MOVING & STORAGE, INC.",hhg_interstate_carrier,
CANDIDATE,1072371,copher-movers-storage-inc,usdot-1072371,446373,"COPHER MOVERS & STORAGE, INC.","COPHER MOVERS & STORAGE, INC.",hhg_interstate_carrier,
CANDIDATE,1073433,kol-global-logistics,usdot-1073433,446890,KOL INC,KOL GLOBAL LOGISTICS,hhg_broker hhg_interstate_carrier,
CANDIDATE,1073915,ak-movers,usdot-1073915,914468,ABO INC,AK MOVERS,hhg_interstate_carrier,
CANDIDATE,1074472,bms-moving-storage-llc,usdot-1074472,682760,BMS MOVING & STORAGE LLC,BMS MOVING & STORAGE LLC,hhg_interstate_carrier,
CANDIDATE,1075212,general-van-lines-inc,usdot-1075212,253866,"GENERAL VAN LINES, INC.","GENERAL VAN LINES, INC.",hhg_interstate_carrier,
CANDIDATE,1075910,amro-music-stores-inc,usdot-1075910,954473,"AMRO MUSIC STORES, INC.","AMRO MUSIC STORES, INC.",hhg_interstate_carrier,
CANDIDATE,1076515,iceman-movers,usdot-1076515,450497,BRUCE A ICE,ICEMAN MOVERS,hhg_interstate_carrier,
CANDIDATE,1076577,elder-moving-storage-llc,usdot-1076577,202722,"ELDER MOVING & STORAGE, LLC","ELDER MOVING & STORAGE, LLC",hhg_interstate_carrier,
CANDIDATE,1076612,archway-freight-forwarders-llc,usdot-1076612,,"ARCHWAY FREIGHT FORWARDERS, LLC","ARCHWAY FREIGHT FORWARDERS, LLC",hhg_interstate_carrier,
CANDIDATE,1076623,progressive-freight-forwarders-llc,usdot-1076623,,"PROGRESSIVE FREIGHT FORWARDERS, LLC","PROGRESSIVE FREIGHT FORWARDERS, LLC",hhg_interstate_carrier,
CANDIDATE,1076631,vanguard-freight-forwarders-llc,usdot-1076631,,"VANGUARD FREIGHT FORWARDERS, LLC","VANGUARD FREIGHT FORWARDERS, LLC",hhg_interstate_carrier,
CANDIDATE,1076636,gateway-freight-forwarders-llc,usdot-1076636,,"GATEWAY FREIGHT FORWARDERS,   LLC","GATEWAY FREIGHT FORWARDERS,   LLC",hhg_interstate_carrier,
CANDIDATE,1076656,murrieta-moving,usdot-1076656,138098,MURRIETA MOVING INC,MURRIETA MOVING,hhg_interstate_carrier,
CANDIDATE,1078021,lester-moving-storage-co,usdot-1078021,133654,LESTER MOVING & STORAGE CO.,LESTER MOVING & STORAGE CO.,hhg_interstate_carrier,
CANDIDATE,1078257,cch,usdot-1078257,,COURIER CORPORATION OF HAWAII,CCH,hhg_interstate_carrier,
CANDIDATE,1078281,movers-dispatch-inc,usdot-1078281,414286,"MOVERS DISPATCH, INC.","MOVERS DISPATCH, INC.",hhg_interstate_carrier,
CANDIDATE,1079415,all-area-moving,usdot-1079415,472326,"JOSEPH D. PALETTA, JR.",ALL - AREA MOVING,hhg_interstate_carrier,
CANDIDATE,1083782,avi-trucking-company,usdot-1083782,460466,AVI GONEN,AVI TRUCKING COMPANY,hhg_interstate_carrier,
CANDIDATE,1085688,olympic-moving-storage-ii-l-l-c,usdot-1085688,449847,"OLYMPIC MOVING & STORAGE II, L.L.C.","OLYMPIC MOVING & STORAGE II, L.L.C.",hhg_interstate_carrier,
CANDIDATE,1086657,m-j-moving-storage-inc,usdot-1086657,448562,"M.J. MOVING & STORAGE, INC.","M.J. MOVING & STORAGE, INC.",hhg_interstate_carrier,
CANDIDATE,1088721,palmieri-movers-inc,usdot-1088721,450363,PALMIERI MOVERS INC,PALMIERI MOVERS INC,hhg_interstate_carrier,
CANDIDATE,1090027,movin-murdy-inc,usdot-1090027,514495,MOVIN' MURDY INC,MOVIN' MURDY INC,hhg_interstate_carrier,
CANDIDATE,1090796,wm-movers-inc,usdot-1090796,449808,WM MOVERS INC.,WM MOVERS INC.,hhg_interstate_carrier,
CANDIDATE,1095485,air-1-moving-storage-inc,usdot-1095485,1698263,AIR 1 MOVING & STORAGE INC,AIR 1 MOVING & STORAGE INC,hhg_interstate_carrier,
CANDIDATE,1097061,a-1-allstate-services-inc,usdot-1097061,452558,"A-1 ALLSTATE SERVICES, INC.","A-1 ALLSTATE SERVICES, INC.",hhg_interstate_carrier,
CANDIDATE,1098759,select-van-storage-co,usdot-1098759,448741,SELECT VAN & STORAGE CO.,SELECT VAN & STORAGE CO.,hhg_interstate_carrier,
CANDIDATE,1099236,gulf-coast-van-storage,usdot-1099236,454066,"FISHERS TRANSPORTATION, INC.",GULF COAST VAN & STORAGE,hhg_interstate_carrier,
CANDIDATE,1099795,borealis-moving-storage-inc,usdot-1099795,452279,"BOREALIS MOVING & STORAGE, INC.","BOREALIS MOVING & STORAGE, INC.",hhg_interstate_carrier,
CANDIDATE,1105839,moody-moving-storage-inc,usdot-1105839,454973,"MOODY MOVING & STORAGE, INC.","MOODY MOVING & STORAGE, INC.",hhg_interstate_carrier,
CANDIDATE,1108663,freihofer-transport-inc,usdot-1108663,450907,"FREIHOFER TRANSPORT, INC","FREIHOFER TRANSPORT, INC",hhg_interstate_carrier,
CANDIDATE,11087,mccracken-motor-freight-inc,usdot-11087,941,"MCCRACKEN MOTOR FREIGHT, INC.","MCCRACKEN MOTOR FREIGHT, INC.",hhg_broker hhg_interstate_carrier,
CANDIDATE,1108711,sandhills-moving-storage-co,usdot-1108711,49210,SANDHILLS MOVING & STORAGE CO,SANDHILLS MOVING & STORAGE CO,hhg_interstate_carrier,
CANDIDATE,1108840,liberty-moving-storage-inc,usdot-1108840,456026,"LIBERTY MOVING & STORAGE, INC.","LIBERTY MOVING & STORAGE, INC.",hhg_interstate_carrier,
CANDIDATE,1108883,two-men-and-a-truck-usdot-1108883,usdot-1108883,483210,IDISI RENAISSANCE INC,TWO MEN AND A TRUCK,hhg_interstate_carrier,
CANDIDATE,11135,admiral-moving-services-inc,usdot-11135,39134,"ADMIRAL MOVING SERVICES, INC.","ADMIRAL MOVING SERVICES, INC.",hhg_interstate_carrier,
CANDIDATE,1114246,two-men-and-a-truck-illcc594mc,usdot-1114246,457130,"J3 ENTERPRISES, INC",TWO MEN AND A TRUCK ILLCC594MC,hhg_interstate_carrier,
CANDIDATE,111475,henry-f-owens-inc,usdot-111475,91951,"HENRY F. OWENS, INC.","HENRY F. OWENS, INC.",hhg_interstate_carrier,
CANDIDATE,111849,daniel-moving-storage-company-inc,usdot-111849,120966,"DANIEL MOVING & STORAGE COMPANY, INC.","DANIEL MOVING & STORAGE COMPANY, INC.",hhg_interstate_carrier,
CANDIDATE,1118590,rainbow-movers-inc,usdot-1118590,457830,"RAINBOW MOVERS, INC.","RAINBOW MOVERS, INC.",hhg_interstate_carrier,
CANDIDATE,1119715,p-d-q-transfer,usdot-1119715,618214,PINNACLEPOST INC.,P D Q TRANSFER,hhg_interstate_carrier,
CANDIDATE,1120252,hammond-pennyrile-moving-storage-inc,usdot-1120252,222229,"HAMMOND-PENNYRILE MOVING & STORAGE, INC.","HAMMOND-PENNYRILE MOVING & STORAGE, INC.",hhg_interstate_carrier,
CANDIDATE,1122750,kramer-s-piano-inc,usdot-1122750,485518,"KRAMER'S PIANO, INC.","KRAMER'S PIANO, INC.",hhg_interstate_carrier,
CANDIDATE,1124148,merchants-moving-storage-inc,usdot-1124148,459020,MERCHANTS MOVING & STORAGE INC.,MERCHANTS MOVING & STORAGE INC.,hhg_interstate_carrier,
CANDIDATE,1125579,waters-moving-storage-inc,usdot-1125579,481361,"WATERS MOVING & STORAGE, INC.","WATERS MOVING & STORAGE, INC.",hhg_interstate_carrier,
CANDIDATE,1126669,frontier-movers,usdot-1126669,483900,DENNIS SPENCER,FRONTIER MOVERS,hhg_interstate_carrier,
CANDIDATE,1127257,alliance-moving-inc,usdot-1127257,455579,ALLIANCE MOVING INC.,ALLIANCE MOVING INC.,hhg_interstate_carrier,
CANDIDATE,1128010,columbia-intermodal-llc,usdot-1128010,459929,COLUMBIA INTERMODAL LLC,COLUMBIA INTERMODAL LLC,hhg_interstate_carrier,
CANDIDATE,1128344,dorman-moving-storage,usdot-1128344,460105,BOB DORMAN,DORMAN MOVING & STORAGE,hhg_interstate_carrier,
CANDIDATE,1128780,pro-piano-movers,usdot-1128780,487101,MARVIN HENSON,PRO PIANO MOVERS,hhg_interstate_carrier,
CANDIDATE,1133688,a-harris-moving-storage-inc,usdot-1133688,460768,"A. HARRIS MOVING & STORAGE, INC.","A. HARRIS MOVING & STORAGE, INC.",hhg_interstate_carrier,
CANDIDATE,113455,jensen-movers-storage-inc,usdot-113455,41657,"JENSEN MOVERS & STORAGE, INC.","JENSEN MOVERS & STORAGE, INC.",hhg_interstate_carrier,
CANDIDATE,113493,james-c-logan-inc,usdot-113493,56186,"JAMES C. LOGAN, INC.","JAMES C. LOGAN, INC.",hhg_interstate_carrier,
CANDIDATE,113534,adam-meyer-inc,usdot-113534,61763,"ADAM MEYER, INC.","ADAM MEYER, INC.",hhg_interstate_carrier,
CANDIDATE,1139089,road-runner-van-lines-inc,usdot-1139089,459437,"ROAD RUNNER VAN LINES,INC.","ROAD RUNNER VAN LINES,INC.",hhg_interstate_carrier,
CANDIDATE,1140462,excel-moving-storage-inc,usdot-1140462,666614,EXCEL MOVING & STORAGE INC,EXCEL MOVING & STORAGE INC,hhg_interstate_carrier,
CANDIDATE,1140502,aaa-movers-inc,usdot-1140502,861493,AAA MOVERS INC OF MINNEAPOLIS,AAA MOVERS INC,hhg_interstate_carrier,
CANDIDATE,1141917,dn-van-lines-inc,usdot-1141917,462886,DN VAN LINES INC.,DN VAN LINES INC.,hhg_interstate_carrier,
CANDIDATE,1145383,guy-with-a-truck,usdot-1145383,463511,GUY PITTMAN,GUY WITH A TRUCK,hhg_interstate_carrier,
CANDIDATE,1150241,philip-p-massad-movers,usdot-1150241,490027,PHILIP P. MASSAD MOVERS INC.,PHILIP P. MASSAD MOVERS,hhg_interstate_carrier,
CANDIDATE,1150783,bud-kile-moving-llc,usdot-1150783,1070233,BUD KILE MOVING LLC,BUD KILE MOVING LLC,hhg_interstate_carrier,
CANDIDATE,1151331,mana-fine-arts-llc,usdot-1151331,534874,MANA FINE ARTS LLC,MANA FINE ARTS LLC,hhg_interstate_carrier,
CANDIDATE,1153175,carmel-piano-movers-inc,usdot-1153175,463553,"CARMEL PIANO MOVERS, INC.","CARMEL PIANO MOVERS, INC.",hhg_interstate_carrier,
CANDIDATE,1154469,moving-depot,usdot-1154469,465523,"L&N MOVERS, INC",MOVING DEPOT,hhg_interstate_carrier,
CANDIDATE,1154565,right-way-movers-inc,usdot-1154565,536559,RIGHT WAY MOVERS INC,RIGHT WAY MOVERS INC,hhg_interstate_carrier,
CANDIDATE,1160157,naples-movers-llc,usdot-1160157,467019,NAPLES MOVERS LLC,NAPLES MOVERS LLC,hhg_interstate_carrier,
CANDIDATE,1161596,j-t-j-enterprises-inc,usdot-1161596,467075,"J T J ENTERPRISES, INC.","J T J ENTERPRISES, INC.",hhg_interstate_carrier,
CANDIDATE,1169441,key-moving-storage-inc,usdot-1169441,470484,KEY MOVING & STORAGE INC.,KEY MOVING & STORAGE INC.,hhg_interstate_carrier,
CANDIDATE,1170208,two-men-and-a-truck-seminole-county,usdot-1170208,471560,"LEHMAN  MOVING &  STORAGE, INC",TWO MEN AND A TRUCK / SEMINOLE COUNTY,hhg_interstate_carrier,
CANDIDATE,1175022,hardison-moving-company-llc,usdot-1175022,469868,"HARDISON MOVING COMPANY, LLC","HARDISON MOVING COMPANY, LLC",hhg_interstate_carrier,
CANDIDATE,117631,a-fazio-moving-storage-inc,usdot-117631,36426,"A. FAZIO MOVING & STORAGE, INC.","A. FAZIO MOVING & STORAGE, INC.",hhg_interstate_carrier,
CANDIDATE,1183978,kelly-moving-inc,usdot-1183978,497933,KELLY MOVING INC.,KELLY MOVING INC.,hhg_interstate_carrier,
CANDIDATE,1184540,johnson-s-moving-storage,usdot-1184540,473256,RANDY AND MARGARET JOHNSON,JOHNSON'S MOVING & STORAGE,hhg_interstate_carrier,
CANDIDATE,1199256,progressive-moving-company-inc,usdot-1199256,478113,PROGRESSIVE MOVING COMPANY INC,PROGRESSIVE MOVING COMPANY INC,hhg_interstate_carrier,
CANDIDATE,11997,continental-van-lines-inc,usdot-11997,118805,CONTINENTAL VAN LINES INC,CONTINENTAL VAN LINES INC,hhg_interstate_carrier,
CANDIDATE,1199826,two-men-and-a-truck-usdot-1199826,usdot-1199826,464742,"SAB MOVING, LLC",TWO MEN AND A TRUCK,hhg_interstate_carrier,
CANDIDATE,1200419,instant-move-quote,usdot-1200419,474011,"WHERLEY GENERATIONS, INC.",INSTANT MOVE QUOTE,hhg_interstate_carrier,
CANDIDATE,1201027,b-k-moving-llc,usdot-1201027,481169,"B & K MOVING, LLC","B & K MOVING, LLC",hhg_interstate_carrier,
CANDIDATE,1201265,moving-zone-inc,usdot-1201265,481519,"MOVING ZONE, INC.","MOVING ZONE, INC.",hhg_interstate_carrier,
CANDIDATE,1201875,movin-on-out-inc,usdot-1201875,478873,MOVIN' ON OUT INC.,MOVIN' ON OUT INC.,hhg_interstate_carrier,
CANDIDATE,120191,dunmar-moving-systems,usdot-120191,128852,EMPIRE STORAGE & VAN CORPORATION,DUNMAR  MOVING  SYSTEMS,hhg_interstate_carrier,
CANDIDATE,1202496,yoscak-associates-llc,usdot-1202496,1736979,YOSCAK ASSOCIATES LLC,YOSCAK ASSOCIATES LLC,hhg_interstate_carrier,
CANDIDATE,120303,johnson-storage-moving-co-l-l-c,usdot-120303,89442,"JOHNSON  STORAGE  &  MOVING  CO.,  L. L. C.","JOHNSON  STORAGE  &  MOVING  CO.,  L. L. C.",hhg_interstate_carrier,
CANDIDATE,1204145,eagle-van-lines,usdot-1204145,479822,CAREFUL MOVERS LLC,EAGLE VAN LINES,hhg_interstate_carrier,
CANDIDATE,120567,humes-van-lines,usdot-120567,36595,HUMES VAN LINES,HUMES VAN LINES,hhg_interstate_carrier,
CANDIDATE,1207006,in-out-movers,usdot-1207006,494651,IGAL PINTO,IN & OUT MOVERS,hhg_interstate_carrier,
CANDIDATE,1207187,neighbors-moving-storage,usdot-1207187,624840,NEIGHBORS MOVING & STORAGE OF SEATTLE LLC,NEIGHBORS MOVING & STORAGE,hhg_interstate_carrier,
CANDIDATE,1207788,liedkie-moving-storage-inc,usdot-1207788,479558,LIEDKIE MOVING & STORAGE INC.,LIEDKIE MOVING & STORAGE INC.,hhg_interstate_carrier,
CANDIDATE,1207814,j-m-moving-and-storage-inc,usdot-1207814,486132,"J&M MOVING AND STORAGE, INC","J&M MOVING AND STORAGE, INC",hhg_interstate_carrier,
CANDIDATE,120895,dinges-a-moving-storage-co,usdot-120895,78795,ERNEST L. DINGES,DINGES A. MOVING & STORAGE CO.,hhg_interstate_carrier,
CANDIDATE,120905,b-f-fields-inc,usdot-120905,31881,"B. F. FIELDS, INC","B. F. FIELDS, INC",hhg_interstate_carrier,
CANDIDATE,120912,gearharts-moving-storage-inc,usdot-120912,37081,"GEARHARTS MOVING & STORAGE, INC.","GEARHARTS MOVING & STORAGE, INC.",hhg_interstate_carrier,
CANDIDATE,1209246,franklin-moving-company-llc,usdot-1209246,481824,"FRANKLIN MOVING COMPANY, LLC","FRANKLIN MOVING COMPANY, LLC",hhg_interstate_carrier,
CANDIDATE,120970,academy-van-storage-company-inc,usdot-120970,118551,"ACADEMY VAN & STORAGE COMPANY,INC.","ACADEMY VAN & STORAGE COMPANY,INC.",hhg_interstate_carrier,
CANDIDATE,12103,mitchell-moving-storage,usdot-12103,136038,"ALASKA SEAVAN, INC.",MITCHELL MOVING & STORAGE,hhg_interstate_carrier,
CANDIDATE,12105,alaska-terminals-inc,usdot-12105,508071,ALASKA TERMINALS INC,ALASKA TERMINALS INC,hhg_interstate_carrier,
CANDIDATE,1210554,amerimoving-llc,usdot-1210554,483505,AMERIMOVING LLC,AMERIMOVING LLC,hhg_interstate_carrier,
CANDIDATE,121073,security-storage-van-co-of-norfolk-va-inc,usdot-121073,128699,"SECURITY STORAGE & VAN CO. OF NORFOLK VA, INC.","SECURITY STORAGE & VAN CO. OF NORFOLK VA, INC.",hhg_broker hhg_interstate_carrier,
CANDIDATE,1210769,two-men-and-a-truck-northwest-indiana,usdot-1210769,497282,"ROSS MATTHEW, INC",TWO MEN AND A TRUCK-NORTHWEST INDIANA,hhg_interstate_carrier,
CANDIDATE,121153,bevans-oyster-company-inc,usdot-121153,719200,BEVANS OYSTER COMPANY INC,BEVANS OYSTER COMPANY INC,hhg_interstate_carrier,
CANDIDATE,1215456,air-van-usdot-1215456,usdot-1215456,1457028,AIR VAN MOVING AND STORAGE INC,AIR VAN,hhg_interstate_carrier,
CANDIDATE,1216074,two-men-and-a-truck-usdot-1216074,usdot-1216074,484256,"LALLY-RIES, LLC",TWO MEN AND A TRUCK,hhg_interstate_carrier,
CANDIDATE,1216126,we-move-anything,usdot-1216126,507371,WADE LOGAN,WE MOVE ANYTHING,hhg_interstate_carrier,
CANDIDATE,1217635,a-j-auto-repair-tires,usdot-1217635,512386,LEMMONSTINE POINDEXTER,A & J AUTO REPAIR TIRES,hhg_interstate_carrier,
CANDIDATE,1218160,mcck-transportation-group-inc,usdot-1218160,512552,MCCK TRANSPORTATION GROUP INC.,MCCK TRANSPORTATION GROUP INC.,hhg_interstate_carrier,
CANDIDATE,1221040,crtr-inc,usdot-1221040,596894,CRTR INC,CRTR INC,hhg_interstate_carrier,
CANDIDATE,1222904,e-e-ward-moving-and-storage-co-llc,usdot-1222904,612134,E E WARD MOVING AND STORAGE CO LLC,E E WARD MOVING AND STORAGE CO LLC,hhg_interstate_carrier,
CANDIDATE,122614,advance-relocation-systems,usdot-122614,20544,ADVANCE CORPORATION,ADVANCE RELOCATION SYSTEMS,hhg_interstate_carrier,
CANDIDATE,1226584,pianos-2-go-llc,usdot-1226584,470534,"PIANOS 2 GO, LLC","PIANOS 2 GO, LLC",hhg_interstate_carrier,
CANDIDATE,1229139,planet-moving-storage-inc,usdot-1229139,485088,PLANET MOVING & STORAGE INC,PLANET MOVING & STORAGE INC,hhg_interstate_carrier,
CANDIDATE,1229475,v-garcia-transportation,usdot-1229475,489115,VICTOR GARCIA,V. GARCIA TRANSPORTATION,hhg_interstate_carrier,
CANDIDATE,1232316,discover-moving-storage-inc,usdot-1232316,486062,DISCOVER MOVING & STORAGE INC,DISCOVER MOVING & STORAGE INC,hhg_interstate_carrier,
CANDIDATE,1233813,ontime-moving-system-inc,usdot-1233813,521428,ONTIME MOVING SYSTEM INC,ONTIME MOVING SYSTEM INC,hhg_interstate_carrier,
CANDIDATE,12351,wiltfong-moving-storage-inc,usdot-12351,10792,"WILTFONG MOVING & STORAGE, INC.","WILTFONG MOVING & STORAGE, INC.",hhg_interstate_carrier,
CANDIDATE,1237577,leaders-moving-and-storage,usdot-1237577,518295,LEADERS MOVING COMPANY,LEADERS MOVING AND STORAGE,hhg_interstate_carrier,
CANDIDATE,1239087,mountain-movers-moving-company,usdot-1239087,767061,JAMES C. NELSON,MOUNTAIN MOVERS MOVING COMPANY,hhg_interstate_carrier,
CANDIDATE,124001,the-cotter-moving-storage-company,usdot-124001,120021,THE COTTER MOVING & STORAGE COMPANY,THE COTTER MOVING & STORAGE COMPANY,hhg_interstate_carrier,
CANDIDATE,1241478,accelerated-laboratory-logistics,usdot-1241478,631918,"ACCELERATED MOVING AND STORAGE, INC.",ACCELERATED LABORATORY LOGISTICS,hhg_interstate_carrier,
CANDIDATE,124171,andrews-moving-storage-inc,usdot-124171,44737,ANDREWS MOVING & STORAGE INC.,ANDREWS MOVING & STORAGE INC.,hhg_interstate_carrier,
CANDIDATE,1242214,stacey-moving-storage-inc,usdot-1242214,488492,"STACEY MOVING & STORAGE, INC.","STACEY MOVING & STORAGE, INC.",hhg_interstate_carrier,
CANDIDATE,1246752,bell-moving-and-storage-inc,usdot-1246752,137495,"BELL MOVING AND STORAGE, INC.","BELL MOVING AND STORAGE, INC.",hhg_interstate_carrier,
CANDIDATE,1246913,fortress-transportation-llc,usdot-1246913,492660,"FORTRESS TRANSPORTATION, LLC","FORTRESS TRANSPORTATION, LLC",hhg_interstate_carrier,
CANDIDATE,1247045,a-reliable-delivery-service,usdot-1247045,490517,ALEKSANDR  GORSHENIN,A RELIABLE DELIVERY SERVICE,hhg_interstate_carrier,
CANDIDATE,1247388,arrow-moving-storage-of-colorado-inc,usdot-1247388,476768,"ARROW MOVING & STORAGE OF COLORADO, INC.","ARROW MOVING & STORAGE OF COLORADO, INC.",hhg_interstate_carrier,
CANDIDATE,1248040,r-e-trucking,usdot-1248040,563430,RAYMUNDO GUTIERREZ,R & E TRUCKING,hhg_interstate_carrier,
CANDIDATE,1249715,jpr-transport-llc,usdot-1249715,488309,JPR TRANSPORT LLC,JPR TRANSPORT LLC,hhg_interstate_carrier,
CANDIDATE,125012,air-van,usdot-125012,118474,AIR VAN LINES COMPANY,Air Van,hhg_interstate_carrier,
CANDIDATE,1251148,d-d-moving-inc,usdot-1251148,597726,D & D MOVING INC,D & D MOVING INC,hhg_interstate_carrier,
CANDIDATE,1251530,advance-moving-storage-inc,usdot-1251530,313509,"ADVANCE MOVING & STORAGE,  INC.","ADVANCE MOVING & STORAGE,  INC.",hhg_interstate_carrier,
CANDIDATE,1251663,move4less-llc,usdot-1251663,490778,MOVE4LESS  LLC,MOVE4LESS  LLC,hhg_interstate_carrier,
CANDIDATE,1253438,fryes-moving-company-inc,usdot-1253438,600820,FRYES MOVING COMPANY INC,FRYES MOVING COMPANY INC,hhg_interstate_carrier,
CANDIDATE,1253946,thompson-moving-inc,usdot-1253946,527491,THOMPSON MOVING INC,THOMPSON MOVING INC,hhg_interstate_carrier,
CANDIDATE,125431,hilling-moving-storage-inc-ind-corp,usdot-125431,20847,"HILLING MOVING & STORAGE, INC (IND CORP)","HILLING MOVING & STORAGE, INC (IND CORP)",hhg_interstate_carrier,
CANDIDATE,1254524,crown-moving-storage-inc-of-illinois,usdot-1254524,133500,"CROWN MOVING & STORAGE, INC. OF ILLINOIS","CROWN MOVING & STORAGE, INC. OF ILLINOIS",hhg_interstate_carrier,
CANDIDATE,125552,stearn-s-moving-storage-of-kokomo-inc,usdot-125552,191194,"STEARN'S MOVING & STORAGE OF KOKOMO, INC.","STEARN'S MOVING & STORAGE OF KOKOMO, INC.",hhg_interstate_carrier,
CANDIDATE,125569,t-c-b-x-inc,usdot-125569,123055,"T C B X,  INC.","T C B X,  INC.",hhg_interstate_carrier,
CANDIDATE,1256231,data-rush-couriers,usdot-1256231,,"ORO VERDE ENTERPRISES, INC.",DATA RUSH COURIERS,hhg_interstate_carrier,
CANDIDATE,1257088,enviro-grind-llc,usdot-1257088,930637,ENVIRO GRIND LLC,ENVIRO GRIND LLC,hhg_interstate_carrier,
CANDIDATE,1257177,move-rite-transport,usdot-1257177,468506,"TRES MOVING, INC",MOVE-RITE & TRANSPORT,hhg_interstate_carrier,
CANDIDATE,12596,lord-moving-storage,usdot-12596,136472,GERALD S. LORD,LORD MOVING & STORAGE,hhg_interstate_carrier,
CANDIDATE,1260593,multi-trade-terminals-inc,usdot-1260593,490474,MULTI TRADE TERMINALS INC,MULTI TRADE TERMINALS INC,hhg_interstate_carrier,
CANDIDATE,1260913,approved-moving-storage-inc,usdot-1260913,550931,APPROVED MOVING & STORAGE INC,APPROVED MOVING & STORAGE INC,hhg_interstate_carrier,
CANDIDATE,1266989,carmel-movers-inc,usdot-1266989,495073,CARMEL MOVERS INC.,CARMEL MOVERS INC.,hhg_interstate_carrier,
CANDIDATE,1267480,hometown-movers-llc,usdot-1267480,652271,HOMETOWN MOVERS LLC,HOMETOWN MOVERS LLC,hhg_interstate_carrier,
CANDIDATE,1267727,mountain-moving-storage,usdot-1267727,515149,"SANGRE DE CRISTO MOVING, INC.",MOUNTAIN MOVING & STORAGE,hhg_interstate_carrier,
CANDIDATE,1270494,delmarva-moving-transport,usdot-1270494,496385,DELMARVA MOVING & TRANSPORT LLC,DELMARVA MOVING & TRANSPORT,hhg_interstate_carrier,
CANDIDATE,1271511,fox-relocation-service,usdot-1271511,496640,JOSHUA SZCZUR,FOX RELOCATION SERVICE,hhg_interstate_carrier,
CANDIDATE,1273227,hampden-moving-storage-inc,usdot-1273227,373550,"HAMPDEN MOVING & STORAGE, INC.","HAMPDEN MOVING & STORAGE, INC.",hhg_interstate_carrier,
CANDIDATE,1274176,studdard-moving-storage-inc,usdot-1274176,497605,STUDDARD MOVING & STORAGE INC.,STUDDARD MOVING & STORAGE INC.,hhg_interstate_carrier,
CANDIDATE,1274561,two-men-and-a-truck-of-durham-nc,usdot-1274561,497103,"OLIVER & FINLEY, LLC","TWO MEN AND A TRUCK OF DURHAM, NC",hhg_interstate_carrier,
CANDIDATE,1275793,rjz-enterprises,usdot-1275793,519488,ROBERT ZELEZNIK,RJZ ENTERPRISES,hhg_interstate_carrier,
CANDIDATE,1276249,tony-s-moving-corp,usdot-1276249,509332,TONY'S MOVING CORP.,TONY'S MOVING CORP.,hhg_interstate_carrier,
CANDIDATE,1277174,allwest-transportation-inc,usdot-1277174,786271,ALLWEST TRANSPORTATION INC,ALLWEST TRANSPORTATION INC,hhg_interstate_carrier,
CANDIDATE,1278479,active-moving-inc,usdot-1278479,468599,"ACTIVE MOVING, INC.","ACTIVE MOVING, INC.",hhg_interstate_carrier,
CANDIDATE,1278931,asap-movers-inc,usdot-1278931,497853,"ASAP MOVERS, INC.","ASAP MOVERS, INC.",hhg_interstate_carrier,
CANDIDATE,1285225,hansen-s-moving-storage,usdot-1285225,502674,"GREG & HANNE KELSO, INC.",HANSEN'S MOVING & STORAGE,hhg_interstate_carrier,
CANDIDATE,1287246,a1-moving,usdot-1287246,880013,A1 SERVICES OF FARGO MOORHEAD INC,A1 MOVING,hhg_interstate_carrier,
CANDIDATE,1287330,jen-forwarding-llc,usdot-1287330,235813,JEN FORWARDING LLC,JEN FORWARDING LLC,hhg_interstate_carrier,
CANDIDATE,1287398,al-s-relocation-storage,usdot-1287398,499511,ALBERT JONES,AL'S RELOCATION & STORAGE,hhg_interstate_carrier,
CANDIDATE,1290433,movemasters-inc,usdot-1290433,1550891,MOVEMASTERS INC,MOVEMASTERS INC,hhg_interstate_carrier,
CANDIDATE,1291990,a-sharp-moving-company,usdot-1291990,507910,MESHEL (SHELLY) LEWIS,A ' 'SHARP' ' MOVING COMPANY,hhg_interstate_carrier,
CANDIDATE,1292731,samonas-prime-moving-storage-inc,usdot-1292731,502447,SAMONAS PRIME MOVING & STORAGE INC,SAMONAS PRIME MOVING & STORAGE INC,hhg_interstate_carrier,
CANDIDATE,1293198,vidal-moving-storage-inc,usdot-1293198,560281,"VIDAL MOVING & STORAGE, INC.","VIDAL MOVING & STORAGE, INC.",hhg_interstate_carrier,
CANDIDATE,1293943,a-change-of-place-movers,usdot-1293943,503371,HUGH BRADLEY JOYCE,A CHANGE OF PLACE MOVERS,hhg_interstate_carrier,
CANDIDATE,1296346,fisk-international-group-sidell-moving,usdot-1296346,529464,FISK ENTERPRISES INC,FISK INTERNATIONAL GROUP SIDELL MOVING,hhg_interstate_carrier,
CANDIDATE,1300300,jk-moving-services-usdot-1300300,usdot-1300300,504611,"JK MOVING & STORAGE OF MARYLAND, INC.",JK MOVING SERVICES,hhg_interstate_carrier,
CANDIDATE,1300906,hercules-delivery-service,usdot-1300906,88018,E & R ENTERPRISES LLC,HERCULES DELIVERY SERVICE,hhg_interstate_carrier,
CANDIDATE,1304578,bnt-movers-llc,usdot-1304578,622977,BNT MOVERS LLC,BNT MOVERS LLC,hhg_interstate_carrier,
CANDIDATE,1306238,morrissey-s-moving-company,usdot-1306238,521660,MORRISSEYS MOVING LLC,MORRISSEY'S MOVING COMPANY,hhg_interstate_carrier,
CANDIDATE,1308599,sti-moving-storage-inc,usdot-1308599,507359,"STI MOVING & STORAGE, INC.","STI MOVING & STORAGE, INC.",hhg_interstate_carrier,
CANDIDATE,1309068,harold-williams-moving-co-inc,usdot-1309068,,HAROLD WILLIAMS MOVING CO. INC.,HAROLD WILLIAMS MOVING CO. INC.,hhg_interstate_carrier,
CANDIDATE,1309190,a-z-moving-llc,usdot-1309190,507566,A-Z MOVING LLC,A-Z MOVING LLC,hhg_interstate_carrier,
CANDIDATE,1309579,mckendree-moving-storage-inc,usdot-1309579,559049,MCKENDREE MOVING & STORAGE INC,MCKENDREE MOVING & STORAGE INC,hhg_interstate_carrier,
CANDIDATE,1310712,heritage-moving-and-storage-inc,usdot-1310712,507496,HERITAGE MOVING AND STORAGE INC.,HERITAGE MOVING AND STORAGE INC.,hhg_interstate_carrier,
CANDIDATE,1310877,two-men-and-a-truck-of-tuscaloosa,usdot-1310877,652647,JST INC,TWO MEN AND A TRUCK OF TUSCALOOSA,hhg_interstate_carrier,
CANDIDATE,1312119,mozzote-transport-llc,usdot-1312119,731913,MOZZOTE TRANSPORT LLC,MOZZOTE TRANSPORT LLC,hhg_interstate_carrier,
CANDIDATE,1312407,movin-on-up-llc,usdot-1312407,508684,MOVIN ON UP LLC,MOVIN ON UP LLC,hhg_interstate_carrier,
CANDIDATE,1312954,hometown-moving-inc,usdot-1312954,508826,HOMETOWN MOVING INC,HOMETOWN MOVING INC,hhg_interstate_carrier,
CANDIDATE,1313541,duffy-moving-inc,usdot-1313541,508903,DUFFY MOVING INC,DUFFY MOVING INC,hhg_interstate_carrier,
CANDIDATE,1313831,emerald-moving-inc,usdot-1313831,662724,EMERALD MOVING INC,EMERALD MOVING INC,hhg_interstate_carrier,
CANDIDATE,1315349,priority-express,usdot-1315349,902530,KNIGHT RUNNER INC,PRIORITY EXPRESS,hhg_interstate_carrier,
CANDIDATE,1316346,nka-transportation-inc,usdot-1316346,508110,"NKA TRANSPORTATION, INC.","NKA TRANSPORTATION, INC.",hhg_interstate_carrier,
CANDIDATE,131735,hollander-international-storage-and-moving-company-inc,usdot-131735,127555,"HOLLANDER INTERNATIONAL STORAGE AND MOVING COMPANY, INC.","HOLLANDER INTERNATIONAL STORAGE AND MOVING COMPANY, INC.",hhg_broker hhg_interstate_carrier,
CANDIDATE,1319267,two-men-and-a-truck-fort-wayne,usdot-1319267,510634,PRIDE MOVING INC,TWO MEN AND A TRUCK FORT WAYNE,hhg_interstate_carrier,
CANDIDATE,13210,upper-columbia-conference-of-seventh-day-adventists,usdot-13210,951260,UPPER COLUMBIA CONFERENCE OF SEVENTH DAY ADVENTISTS,UPPER COLUMBIA CONFERENCE OF SEVENTH DAY ADVENTISTS,hhg_interstate_carrier,
CANDIDATE,1321178,bennett-s-moving-co-inc,usdot-1321178,903063,BENNETT'S MOVING CO INC,BENNETT'S MOVING CO INC,hhg_interstate_carrier,
CANDIDATE,1321899,two-men-and-a-truck-usdot-1321899,usdot-1321899,509618,"CANTERBURY INTERNATIONAL, INC.",TWO MEN AND A TRUCK,hhg_interstate_carrier,
CANDIDATE,1323278,available-movers-storage,usdot-1323278,510368,CROSSROADS MOVING SYSTEM INC,AVAILABLE MOVERS & STORAGE,hhg_interstate_carrier,
CANDIDATE,1323629,precision-moving-and-storage-inc,usdot-1323629,904430,PRECISION MOVING AND STORAGE INC,PRECISION MOVING AND STORAGE INC,hhg_interstate_carrier,
CANDIDATE,1326082,metropolitan-moving-storage,usdot-1326082,513588,"METROPOLITAN MOVING & STORAGE, LLC",METROPOLITAN MOVING & STORAGE,hhg_interstate_carrier,
CANDIDATE,1329594,nobel-van-lines,usdot-1329594,513792,NOBEL VAN LINES INC,NOBEL VAN LINES,hhg_interstate_carrier,
CANDIDATE,1333935,acme-moving-services,usdot-1333935,533192,KEITH BILLINGS,ACME MOVING SERVICES,hhg_interstate_carrier,
CANDIDATE,1336508,two-men-and-a-truck-hollywood-ft-lauderdale,usdot-1336508,515638,LANIER SERVICES INC,TWO MEN AND A TRUCK HOLLYWOOD-FT LAUDERDALE,hhg_interstate_carrier,
CANDIDATE,1336680,new-york-best-movers,usdot-1336680,515686,CENTURY MOVING SERVICES LLC,NEW YORK BEST MOVERS,hhg_interstate_carrier,
CANDIDATE,1339248,spiderman-trucking,usdot-1339248,805877,JULIUS SIMMONS,SPIDERMAN TRUCKING,hhg_interstate_carrier,
CANDIDATE,1341327,moving-day-inc,usdot-1341327,1185147,MOVING DAY INC,MOVING DAY INC,hhg_interstate_carrier,
CANDIDATE,1341811,5g-hauling,usdot-1341811,517004,PABLO GUERRA JR.,5G HAULING,hhg_interstate_carrier,
CANDIDATE,1343707,reebie-storage-moving-company-inc,usdot-1343707,683712,"REEBIE STORAGE & MOVING COMPANY, INC.","REEBIE STORAGE & MOVING COMPANY, INC.",hhg_interstate_carrier,
CANDIDATE,1343775,integrity-moving-mobile-storage-llc,usdot-1343775,517527,INTEGRITY MOVING & MOBILE STORAGE LLC,INTEGRITY MOVING & MOBILE STORAGE LLC,hhg_interstate_carrier,
CANDIDATE,1344215,baldwin-special-services-llc,usdot-1344215,517598,"BALDWIN SPECIAL SERVICES, LLC","BALDWIN SPECIAL SERVICES, LLC",hhg_interstate_carrier,
CANDIDATE,1345061,galt-moving-storage-inc,usdot-1345061,636697,GALT MOVING & STORAGE INC,GALT MOVING & STORAGE INC,hhg_interstate_carrier,
CANDIDATE,1348429,dominguez-transport-llc,usdot-1348429,518677,DOMINGUEZ TRANSPORT LLC,DOMINGUEZ TRANSPORT LLC,hhg_interstate_carrier,
CANDIDATE,135120,ferris-moving-and-storage-co,usdot-135120,8664,FERRIS MOVING AND STORAGE CO.,FERRIS MOVING AND STORAGE CO.,hhg_interstate_carrier,
CANDIDATE,1351752,perez-company,usdot-1351752,642750,E FRAIN PEREZ,PEREZ COMPANY,hhg_interstate_carrier,
CANDIDATE,1353870,buehler-companies-alliance-relocation-student-movers,usdot-1353870,519829,"BUEHLER MOVING AND STORAGE, LLC","BUEHLER COMPANIES, ALLIANCE RELOCATION & STUDENT MOVERS",hhg_interstate_carrier,
CANDIDATE,1355105,exclusive-enterprises-inc,usdot-1355105,553196,EXCLUSIVE ENTERPRISES INC,EXCLUSIVE ENTERPRISES INC,hhg_interstate_carrier,
CANDIDATE,1357693,road-runners-moving-services-inc,usdot-1357693,507202,ROAD RUNNERS MOVING SERVICES INC,ROAD RUNNERS MOVING SERVICES INC,hhg_interstate_carrier,
CANDIDATE,1358757,southern-illinois-movers-inc,usdot-1358757,1000342,SOUTHERN ILLINOIS MOVERS INC,SOUTHERN ILLINOIS MOVERS INC,hhg_interstate_carrier,
CANDIDATE,1358771,nacal-llc,usdot-1358771,519314,"NACAL, LLC","NACAL, LLC",hhg_broker hhg_interstate_carrier,
CANDIDATE,1359240,crescent-movers-inc,usdot-1359240,521110,CRESCENT MOVERS INC,CRESCENT MOVERS INC,hhg_interstate_carrier,
CANDIDATE,1360438,elite-moving-storage,usdot-1360438,521354,YUVAL BITTON,ELITE MOVING & STORAGE,hhg_interstate_carrier,
CANDIDATE,1362673,five-stars-movers,usdot-1362673,521972,TOPHILLS INC,FIVE STARS MOVERS,hhg_interstate_carrier,
CANDIDATE,136517,cox-moving-storage-co,usdot-136517,129684,COX MOVING & STORAGE CO.,COX MOVING & STORAGE CO.,hhg_interstate_carrier,
CANDIDATE,136532,jones-moving-storage-co,usdot-136532,9287,JONES MOVING & STORAGE CO.,JONES MOVING & STORAGE CO.,hhg_interstate_carrier,
CANDIDATE,1366124,camel-piano-moving-company,usdot-1366124,540868,CAMEL PIANO MOVING COMPANY,CAMEL PIANO MOVING COMPANY,hhg_interstate_carrier,
CANDIDATE,1369781,southeast-motor-freight,usdot-1369781,525528,STEVE WALKER,SOUTHEAST MOTOR FREIGHT,hhg_interstate_carrier,
CANDIDATE,1370380,braun-moving-inc,usdot-1370380,549136,BRAUN MOVING INC,BRAUN MOVING INC,hhg_interstate_carrier,
CANDIDATE,1370440,two-men-and-a-truck-sacramento,usdot-1370440,523970,SNYIR INC,TWO MEN AND A TRUCK - SACRAMENTO,hhg_interstate_carrier,
CANDIDATE,1374693,two-men-and-a-truck-usdot-1374693,usdot-1374693,639429,SOLUTUM MOVING AND STORAGE INC,TWO MEN AND A TRUCK,hhg_interstate_carrier,
CANDIDATE,1375148,canales-trucking,usdot-1375148,526384,RICARDO CANALES,CANALES TRUCKING,hhg_interstate_carrier,
CANDIDATE,1377633,amwat-moving-warehousing,usdot-1377633,525791,"RESIDENTIAL & COMMERCIAL TRANSPORT COMPANY, LLC",AMWAT MOVING & WAREHOUSING,hhg_interstate_carrier,
CANDIDATE,1379655,gentry-inc,usdot-1379655,526267,"GENTRY, INC.","GENTRY, INC.",hhg_interstate_carrier,
CANDIDATE,1379868,hightower-moving,usdot-1379868,532987,RICKY HIGHTOWER,HIGHTOWER MOVING,hhg_interstate_carrier,
CANDIDATE,1381131,morway-s-moving-storage-inc,usdot-1381131,526701,"MORWAY'S MOVING & STORAGE, INC.","MORWAY'S MOVING & STORAGE, INC.",hhg_interstate_carrier,
CANDIDATE,1381627,preferred-movers,usdot-1381627,532837,PREFERRED MOVERS LLC,PREFERRED MOVERS,hhg_interstate_carrier,
CANDIDATE,1382776,a-plus-movers,usdot-1382776,838508,BENJAMIN A THEILMANN,A PLUS MOVERS,hhg_interstate_carrier,
CANDIDATE,1383790,excalibur-van-lines-llc,usdot-1383790,527371,EXCALIBUR VAN LINES LLC,EXCALIBUR VAN LINES LLC,hhg_interstate_carrier,
CANDIDATE,1384337,d-d-moving-storage-inc,usdot-1384337,527500,D&D MOVING & STORAGE INC,D&D MOVING & STORAGE INC,hhg_interstate_carrier,
CANDIDATE,1387252,two-men-and-atruck-genesee-county,usdot-1387252,526887,"JARRS, INC.",TWO MEN AND ATRUCK/GENESEE COUNTY,hhg_interstate_carrier,
CANDIDATE,1389237,sunset-transportation,usdot-1389237,528761,PLATINUM TRAILS INCORPORATED,SUNSET TRANSPORTATION,hhg_interstate_carrier,
CANDIDATE,138948,spiegel-moving-storage-inc,usdot-138948,3498,"SPIEGEL MOVING & STORAGE, INC.","SPIEGEL MOVING & STORAGE, INC.",hhg_interstate_carrier,
CANDIDATE,1396171,bay-area-express-moving,usdot-1396171,530464,CNYX-SF INC,BAY AREA EXPRESS MOVING,hhg_interstate_carrier,
CANDIDATE,1396176,college-hunks-hauling-junk-moving-usdot-1396176,usdot-1396176,530488,TRIAD EXPEDITORS INC,COLLEGE HUNKS HAULING JUNK & MOVING,hhg_interstate_carrier,
CANDIDATE,1397124,george-delivery-services,usdot-1397124,581762,GEORGE ANYAN DARKWA,GEORGE DELIVERY SERVICES,hhg_interstate_carrier,
CANDIDATE,1398058,prudential-van-lines-inc,usdot-1398058,530993,PRUDENTIAL VAN LINES INC,PRUDENTIAL VAN LINES INC,hhg_interstate_carrier,
CANDIDATE,139857,hoffman-transport-inc,usdot-139857,150817,"HOFFMAN TRANSPORT, INC.","HOFFMAN TRANSPORT, INC.",hhg_interstate_carrier,
CANDIDATE,1399915,charming-movers-inc,usdot-1399915,530456,"CHARMING MOVERS, INC.","CHARMING MOVERS, INC.",hhg_interstate_carrier,
CANDIDATE,1402190,24-moving,usdot-1402190,544837,LAPROM INC.,24 MOVING,hhg_interstate_carrier,
CANDIDATE,1404759,apmi-group-inc,usdot-1404759,532845,APMI GROUP INC,APMI GROUP INC,hhg_interstate_carrier,
CANDIDATE,1405745,tek-transportation-inc,usdot-1405745,533128,TEK TRANSPORTATION INC,TEK TRANSPORTATION INC,hhg_interstate_carrier,
CANDIDATE,1406425,homeward-bound-moving-inc,usdot-1406425,535354,HOMEWARD BOUND MOVING INC,HOMEWARD BOUND MOVING INC,hhg_interstate_carrier,
CANDIDATE,1407207,delicato-transport-llc-moving-and-storage,usdot-1407207,544108,DELICATO TRANSPORT LLC,DELICATO TRANSPORT LLC MOVING AND STORAGE,hhg_interstate_carrier,
CANDIDATE,1407874,advantage-moving-and-storage-inc,usdot-1407874,533696,ADVANTAGE MOVING AND STORAGE INC,ADVANTAGE MOVING AND STORAGE INC,hhg_interstate_carrier,
CANDIDATE,1408664,fischer-van-lines,usdot-1408664,810399,"FISCHER VAN LINES, DENVER MOVING COMPANY LLC",FISCHER VAN LINES,hhg_interstate_carrier,
CANDIDATE,1409204,rbt-inc-llc,usdot-1409204,545078,RBT.INC.LLC,RBT.INC.LLC,hhg_interstate_carrier,
CANDIDATE,1409224,maryland-best-movers,usdot-1409224,534017,"MOVERS95.COM, LLC",MARYLAND BEST MOVERS,hhg_interstate_carrier,
CANDIDATE,1409396,morgan-manhattan,usdot-1409396,815798,MORGAN AND BROTHER MANHATTAN STORAGE CO INC,MORGAN MANHATTAN,hhg_interstate_carrier,
CANDIDATE,1410565,wlw-transportation-company,usdot-1410565,536891,WLW TRANSPORTATION COMPANY,WLW TRANSPORTATION COMPANY,hhg_interstate_carrier,
CANDIDATE,1415523,champion-movers-llc,usdot-1415523,535787,CHAMPION MOVERS LLC,CHAMPION MOVERS LLC,hhg_interstate_carrier,
CANDIDATE,1415648,planes-moving-and-storage-of-indianapolis-inc,usdot-1415648,551348,PLANES MOVING AND STORAGE OF INDIANAPOLIS INC,PLANES MOVING AND STORAGE OF INDIANAPOLIS INC,hhg_interstate_carrier,
CANDIDATE,1416474,two-men-and-a-truck-usdot-1416474,usdot-1416474,524357,"CJR ENTERPRISES, INC.",TWO MEN AND A TRUCK,hhg_interstate_carrier,
CANDIDATE,1417217,craddock-moving-and-storage-company-inc,usdot-1417217,536283,CRADDOCK MOVING AND STORAGE COMPANY INC,CRADDOCK MOVING AND STORAGE COMPANY INC,hhg_interstate_carrier,
CANDIDATE,1418906,the-mooving-company,usdot-1418906,536828,THE MOOVING COMPANY LLC,THE MOOVING COMPANY,hhg_interstate_carrier,
CANDIDATE,1419266,hardpack-distributors-inc,usdot-1419266,537096,HARDPACK DISTRIBUTORS INC,HARDPACK DISTRIBUTORS INC,hhg_interstate_carrier,
CANDIDATE,1420771,gallo-moving-storage-llc,usdot-1420771,537389,"GALLO MOVING & STORAGE, LLC","GALLO MOVING & STORAGE, LLC",hhg_interstate_carrier,
CANDIDATE,1422485,imperial-moving-and-storage,usdot-1422485,563386,LION'S DEN ENTERPRISES INC,IMPERIAL MOVING AND STORAGE,hhg_interstate_carrier,
CANDIDATE,1423488,c-a-transportation-services-inc,usdot-1423488,538262,C & A TRANSPORTATION SERVICES INC,C & A TRANSPORTATION SERVICES INC,hhg_interstate_carrier,
CANDIDATE,1424728,discovery-moving-group-inc,usdot-1424728,538667,DISCOVERY MOVING GROUP INC,DISCOVERY MOVING GROUP INC,hhg_interstate_carrier,
CANDIDATE,14256,resler-dean,usdot-14256,94570,"RESLER, DEAN","RESLER, DEAN",hhg_interstate_carrier,
CANDIDATE,142677,endo-freight-forwarders-inc,usdot-142677,162720,"ENDO FREIGHT FORWARDERS, INC.","ENDO FREIGHT FORWARDERS, INC.",hhg_interstate_carrier,
CANDIDATE,1428433,chase-transport-inc,usdot-1428433,539901,"CHASE TRANSPORT, INC.","CHASE TRANSPORT, INC.",hhg_interstate_carrier,
CANDIDATE,142971,alexander-movers-inc,usdot-142971,80397,ALEXANDER MOVERS INC,ALEXANDER MOVERS INC,hhg_interstate_carrier,
CANDIDATE,143010,w-p-broms-incorporated,usdot-143010,78144,"W. P. BROMS, INCORPORATED","W. P. BROMS, INCORPORATED",hhg_interstate_carrier,
CANDIDATE,1432374,moveco-net,usdot-1432374,541225,MOVECO.NET LLC,MOVECO.NET,hhg_interstate_carrier,
CANDIDATE,1433186,kennedy-truckin-incorporated,usdot-1433186,565501,KENNEDY TRUCKIN INCORPORATED,KENNEDY TRUCKIN INCORPORATED,hhg_interstate_carrier,
CANDIDATE,1436462,cowart-mulch-products-inc,usdot-1436462,542695,COWART MULCH PRODUCTS INC,COWART MULCH PRODUCTS INC,hhg_interstate_carrier,
CANDIDATE,1438369,compass-moving-and-storage-inc,usdot-1438369,543531,COMPASS MOVING AND STORAGE INC.,COMPASS MOVING AND STORAGE INC.,hhg_interstate_carrier,
CANDIDATE,1439080,artemis-fine-arts-inc,usdot-1439080,545887,ARTEMIS FINE ARTS INC,ARTEMIS FINE ARTS INC,hhg_interstate_carrier,
CANDIDATE,1439263,st-croix-movers-inc,usdot-1439263,1584826,ST CROIX MOVERS INC,ST CROIX MOVERS INC,hhg_interstate_carrier,
CANDIDATE,1442953,college-hunks-hauling-junk-usdot-1442953,usdot-1442953,545874,CHHJ LLC,COLLEGE HUNKS HAULING JUNK,hhg_interstate_carrier,
CANDIDATE,1453634,two-men-and-a-truck-volusia-county,usdot-1453634,549276,SJ MOVING & STORAGE INC,TWO MEN AND A TRUCK VOLUSIA COUNTY,hhg_interstate_carrier,
CANDIDATE,1455112,lexington-transport-services-inc,usdot-1455112,549829,LEXINGTON TRANSPORT SERVICES INC,LEXINGTON TRANSPORT SERVICES INC,hhg_interstate_carrier,
CANDIDATE,1456970,precision-moving-company,usdot-1456970,557376,PRECISION MOVING COMPANY,PRECISION MOVING COMPANY,hhg_interstate_carrier,
CANDIDATE,1458626,rocking-e-moving-storage-inc,usdot-1458626,551057,ROCKING E MOVING & STORAGE INC,ROCKING E MOVING & STORAGE INC,hhg_interstate_carrier,
CANDIDATE,1458935,planes-moving-storage-company-of-columbus,usdot-1458935,551232,PLANES MOVING & STORAGE COMPANY OF COLUMBUS,PLANES MOVING & STORAGE COMPANY OF COLUMBUS,hhg_interstate_carrier,
CANDIDATE,1459201,planes-moving-storage-of-dayton-inc,usdot-1459201,551269,PLANES MOVING & STORAGE OF DAYTON INC,PLANES MOVING & STORAGE OF DAYTON INC,hhg_interstate_carrier,
CANDIDATE,1459759,planes-moving-and-storage-of-chicago-llc,usdot-1459759,551442,PLANES MOVING AND STORAGE OF CHICAGO LLC,PLANES MOVING AND STORAGE OF CHICAGO LLC,hhg_interstate_carrier,
CANDIDATE,1459999,movage,usdot-1459999,551548,MOVAGE INC,MOVAGE,hhg_interstate_carrier,
CANDIDATE,1460168,gateway-rv-transport-llc,usdot-1460168,551625,GATEWAY RV TRANSPORT LLC,GATEWAY RV TRANSPORT LLC,hhg_interstate_carrier,
CANDIDATE,1463804,armor-moving-and-storage-system-inc,usdot-1463804,553001,ARMOR MOVING AND STORAGE SYSTEM INC,ARMOR MOVING AND STORAGE SYSTEM INC,hhg_interstate_carrier,
CANDIDATE,1463985,two-men-and-a-truck-macomb,usdot-1463985,553047,PACWELL INC,TWO MEN AND A TRUCK MACOMB,hhg_interstate_carrier,
CANDIDATE,146447,selland-livestock-inc,usdot-146447,148707,"SELLAND LIVESTOCK, INC.","SELLAND LIVESTOCK, INC.",hhg_interstate_carrier,
CANDIDATE,1464935,careful-movers,usdot-1464935,553377,CAREFUL MOVERS INC,CAREFUL MOVERS,hhg_interstate_carrier,
CANDIDATE,1465363,plycar-automotive-logistics,usdot-1465363,553535,PLYCAR LLC,PLYCAR AUTOMOTIVE LOGISTICS,hhg_interstate_carrier,
CANDIDATE,1466337,metro-movers-inc,usdot-1466337,553934,METRO MOVERS INC,METRO MOVERS INC,hhg_interstate_carrier,
CANDIDATE,1466567,z-transportation-inc,usdot-1466567,558123,"Z TRANSPORTATION, INC.","Z TRANSPORTATION, INC.",hhg_interstate_carrier,
CANDIDATE,1469296,two-men-and-a-truck-usdot-1469296,usdot-1469296,554951,NORDIC MOVERS INC,TWO MEN AND A TRUCK,hhg_interstate_carrier,
CANDIDATE,1470453,personalized-moving,usdot-1470453,568995,D & D TWIN CORPORATION,PERSONALIZED MOVING,hhg_interstate_carrier,
CANDIDATE,1471037,adamantine-spine-moving,usdot-1471037,556716,"ADAMANTINE SPINE MOVING, INC.",ADAMANTINE SPINE MOVING,hhg_interstate_carrier,
CANDIDATE,1471171,imlach-movers-inc,usdot-1471171,553476,"IMLACH MOVERS, INC.","IMLACH MOVERS, INC.",hhg_interstate_carrier,
CANDIDATE,1472849,royal-moving-storage-apple-moving-storage,usdot-1472849,555712,A & R MOVING INC.,ROYAL MOVING & STORAGE / APPLE MOVING & STORAGE,hhg_interstate_carrier,
CANDIDATE,1472924,popeye-moving-and-storage-llc,usdot-1472924,498816,POPEYE MOVING AND STORAGE LLC,POPEYE MOVING AND STORAGE LLC,hhg_interstate_carrier,
CANDIDATE,1473292,first-choice-movers,usdot-1473292,556261,"OLD BAYMEADOWS MOVERS, INC.",FIRST CHOICE MOVERS,hhg_interstate_carrier,
CANDIDATE,1475352,public-van-lines-inc,usdot-1475352,557632,"PUBLIC VAN LINES, INC.","PUBLIC VAN LINES, INC.",hhg_interstate_carrier,
CANDIDATE,1475638,flat-rate-moving-and-storage-llc,usdot-1475638,557005,FLAT RATE MOVING AND STORAGE LLC,FLAT RATE MOVING AND STORAGE LLC,hhg_interstate_carrier,
CANDIDATE,1481690,unity-moving-llc,usdot-1481690,946065,UNITY MOVING LLC,UNITY MOVING LLC,hhg_interstate_carrier,
CANDIDATE,1483625,door-to-door-courier,usdot-1483625,817743,HUGO A BISONO,DOOR TO DOOR COURIER,hhg_interstate_carrier,
CANDIDATE,148376,severn-peanut-company-inc,usdot-148376,450833,"SEVERN PEANUT COMPANY, INC.","SEVERN PEANUT COMPANY, INC.",hhg_interstate_carrier,
CANDIDATE,1483863,morristown-moving-services-llc,usdot-1483863,652529,MORRISTOWN MOVING SERVICES LLC,MORRISTOWN MOVING SERVICES LLC,hhg_interstate_carrier,
CANDIDATE,1485528,c-e-n-motor-trans-inc,usdot-1485528,559644,"C.E.N. MOTOR TRANS, INC.","C.E.N. MOTOR TRANS, INC.",hhg_interstate_carrier,
CANDIDATE,1491888,freedom-movers-inc,usdot-1491888,594170,FREEDOM MOVERS INC,FREEDOM MOVERS INC,hhg_interstate_carrier,
CANDIDATE,1492738,watters-trucking,usdot-1492738,561525,TERRY L AND NANCY J WATTERS,WATTERS TRUCKING,hhg_interstate_carrier,
CANDIDATE,1496961,trans-van-lines-llc,usdot-1496961,562646,TRANS VAN LINES LLC,TRANS VAN LINES LLC,hhg_interstate_carrier,
CANDIDATE,1498819,interior-moving-services-inc,usdot-1498819,600823,INTERIOR MOVING SERVICES INC,INTERIOR MOVING SERVICES INC,hhg_interstate_carrier,
CANDIDATE,1500438,martin-enterprises-llc,usdot-1500438,563601,MARTIN ENTERPRISES LLC,MARTIN ENTERPRISES LLC,hhg_interstate_carrier,
CANDIDATE,1501399,haller-piano-llc,usdot-1501399,605355,HALLER PIANO LLC,HALLER PIANO LLC,hhg_interstate_carrier,
CANDIDATE,1501462,burke-moving-storage-of-wyoming,usdot-1501462,567684,SCADBERT INC,BURKE MOVING & STORAGE OF WYOMING,hhg_interstate_carrier,
CANDIDATE,1503939,carmack-moving-storage-inc,usdot-1503939,564537,CARMACK MOVING & STORAGE INC,CARMACK MOVING & STORAGE INC,hhg_interstate_carrier,
CANDIDATE,1504547,lowe-carting-recycling,usdot-1504547,1330982,SHORELINE SERVICES INC,LOWE CARTING & RECYCLING,hhg_interstate_carrier,
CANDIDATE,1505481,bernard-movers-inc,usdot-1505481,564921,"BERNARD MOVERS, INC.","BERNARD MOVERS, INC.",hhg_interstate_carrier,
CANDIDATE,1509419,rice-s-moving-transport-inc,usdot-1509419,589821,RICE'S MOVING & TRANSPORT INC,RICE'S MOVING & TRANSPORT INC,hhg_interstate_carrier,
CANDIDATE,1511839,intermove-van-lines-inc,usdot-1511839,566469,INTERMOVE VAN LINES INC,INTERMOVE VAN LINES INC,hhg_interstate_carrier,
CANDIDATE,15127,r-c-mason-movers-inc,usdot-15127,100537,"R.C. MASON MOVERS, INC.","R.C. MASON MOVERS, INC.",hhg_interstate_carrier,
CANDIDATE,1515389,21st-century-moving-storage-inc,usdot-1515389,567218,21ST CENTURY MOVING & STORAGE INC,21ST CENTURY MOVING & STORAGE INC,hhg_interstate_carrier,
CANDIDATE,1519425,pleitez-transportation-llc,usdot-1519425,590753,PLEITEZ TRANSPORTATION LLC,PLEITEZ TRANSPORTATION LLC,hhg_interstate_carrier,
CANDIDATE,15202,mapes-moving-storage-co-inc,usdot-15202,58994,"MAPES MOVING & STORAGE CO., INC.","MAPES MOVING & STORAGE CO., INC.",hhg_interstate_carrier,
CANDIDATE,1523029,bos-moving,usdot-1523029,570570,BOS ENTERPRISES INC,BOS MOVING,hhg_interstate_carrier,
CANDIDATE,1526492,force-tech-incorporated,usdot-1526492,569425,FORCE TECH INCORPORATED,FORCE TECH INCORPORATED,hhg_interstate_carrier,
CANDIDATE,1526680,chosen-one-movers-llc,usdot-1526680,33611,CHOSEN ONE MOVERS LLC,CHOSEN ONE MOVERS LLC,hhg_interstate_carrier,
CANDIDATE,1530990,bravo-art-handling-incorporated,usdot-1530990,570532,BRAVO ART HANDLING INCORPORATED,BRAVO ART HANDLING INCORPORATED,hhg_interstate_carrier,
CANDIDATE,153161,lincoln-moving-storage-company-inc,usdot-153161,339,LINCOLN MOVING & STORAGE COMPANY INC,LINCOLN MOVING & STORAGE COMPANY INC,hhg_interstate_carrier,
CANDIDATE,1532551,lionspride-sustainable-shipping,usdot-1532551,676481,LIONSPRIDE SERVICES LLC,LIONSPRIDE SUSTAINABLE SHIPPING,hhg_interstate_carrier,
CANDIDATE,1533033,schneider-janitorial-inc,usdot-1533033,571095,SCHNEIDER JANITORIAL INC.,SCHNEIDER JANITORIAL INC.,hhg_interstate_carrier,
CANDIDATE,153368,towne-services-household-goods-transportation-co-inc,usdot-153368,44053,"TOWNE SERVICES HOUSEHOLD GOODS TRANSPORTATION CO., INC.","TOWNE SERVICES HOUSEHOLD GOODS TRANSPORTATION CO., INC.",hhg_interstate_carrier,
CANDIDATE,153395,boyer-rosene-moving-storage-inc,usdot-153395,49544,"BOYER-ROSENE MOVING & STORAGE, INC.","BOYER-ROSENE MOVING & STORAGE, INC.",hhg_interstate_carrier,
CANDIDATE,1536682,brian-hansen-relocation,usdot-1536682,572014,BRIAN D HANSEN,BRIAN HANSEN RELOCATION,hhg_interstate_carrier,
CANDIDATE,1539099,robert-thompson-trucking,usdot-1539099,572717,ROBERT BOYD THOMPSON,ROBERT THOMPSON TRUCKING,hhg_interstate_carrier,
CANDIDATE,1540059,pro-moving-and-storage,usdot-1540059,758723,B & ME INC,PRO MOVING AND STORAGE,hhg_interstate_carrier,
CANDIDATE,1541164,livingston-moving-and-storage,usdot-1541164,847114,RRB INC,LIVINGSTON MOVING AND STORAGE,hhg_interstate_carrier,
CANDIDATE,1541167,renaissance-moving-and-storage,usdot-1541167,1579808,RENAISSANCE MOVING AND STORAGE,RENAISSANCE MOVING AND STORAGE,hhg_interstate_carrier,
CANDIDATE,1541170,pinnacle-moving-storage-inc,usdot-1541170,1579788,PINNACLE MOVING & STORAGE INC,PINNACLE MOVING & STORAGE INC,hhg_interstate_carrier,
CANDIDATE,154205,modern-moving-storage-inc,usdot-154205,121563,"MODERN MOVING & STORAGE, INC.","MODERN MOVING & STORAGE, INC.",hhg_interstate_carrier,
CANDIDATE,1542321,helpers,usdot-1542321,682631,WE R HELPERS INCORPORATED,HELPERS,hhg_interstate_carrier,
CANDIDATE,154235,merchants-moving-storage-inc-usdot-154235,usdot-154235,129323,"MERCHANTS MOVING & STORAGE, INC.","MERCHANTS MOVING & STORAGE, INC.",hhg_interstate_carrier,
CANDIDATE,1543006,two-men-and-a-truck-of-jackson,usdot-1543006,573871,JEFFREY SNYDER ENTERPRISES LLC,TWO MEN AND A TRUCK OF JACKSON,hhg_interstate_carrier,
CANDIDATE,1543310,andy-s-trucking,usdot-1543310,584335,IRAIS ESCAMILLA,ANDY'S TRUCKING,hhg_interstate_carrier,
CANDIDATE,1543877,two-men-and-a-truck-nw-arkansas,usdot-1543877,574367,TMT ARKANSAS INC,TWO MEN AND A TRUCK NW ARKANSAS,hhg_interstate_carrier,
CANDIDATE,1544190,ron-s-moving-inc,usdot-1544190,574238,RON'S MOVING INC,RON'S MOVING INC,hhg_interstate_carrier,
CANDIDATE,1545437,knisely-transfer,usdot-1545437,47255,DEWAYNE KNISELY,KNISELY TRANSFER,hhg_interstate_carrier,
CANDIDATE,1546059,moving-and-self-storage-dot-com-inc,usdot-1546059,574744,MOVING AND SELF STORAGE DOT COM INC,MOVING AND SELF STORAGE DOT COM INC,hhg_interstate_carrier,
CANDIDATE,1550511,findlay-moving-storage-inc,usdot-1550511,27725,FINDLAY MOVING STORAGE INC,FINDLAY MOVING STORAGE INC,hhg_interstate_carrier,
CANDIDATE,1550958,two-men-and-a-truck-usdot-1550958,usdot-1550958,576321,"GATMAT, LLC",TWO MEN AND A TRUCK,hhg_interstate_carrier,
CANDIDATE,1552218,go-mini-s,usdot-1552218,576529,LARSON CONTAINERS INC,GO MINI'S,hhg_interstate_carrier,
CANDIDATE,1557615,aaa-moving-co,usdot-1557615,578046,TRIPLE A FURNITURE INC,AAA MOVING CO,hhg_interstate_carrier,
CANDIDATE,1561072,platinum-services-inc,usdot-1561072,579044,PLATINUM SERVICES INC,PLATINUM SERVICES INC,hhg_broker hhg_interstate_carrier,
CANDIDATE,156130,scherer-moving-and-storage,usdot-156130,143684,LOUIS F. SCHERER,SCHERER MOVING AND STORAGE,hhg_interstate_carrier,
CANDIDATE,1563980,soave-automotive-group,usdot-1563980,1432074,SOAVE AUTOMOTIVE GROUP,SOAVE AUTOMOTIVE GROUP,hhg_interstate_carrier,
CANDIDATE,1565172,delauter-s-a-1-moving-llc,usdot-1565172,580176,DELAUTER'S A-1 MOVING LLC,DELAUTER'S A-1 MOVING LLC,hhg_interstate_carrier,
CANDIDATE,156523,summit-moving-storage,usdot-156523,848349,HOLIDAY MOVING & STORAGE CO,SUMMIT MOVING & STORAGE,hhg_interstate_carrier,
CANDIDATE,1565317,brookline-moving-company,usdot-1565317,586694,PATRICK E. LUNDGREN,BROOKLINE MOVING COMPANY,hhg_interstate_carrier,
CANDIDATE,1566850,seaboard-moving-and-storage-inc,usdot-1566850,581611,SEABOARD MOVING AND STORAGE INC,SEABOARD MOVING AND STORAGE INC,hhg_interstate_carrier,
CANDIDATE,1568295,two-men-and-a-truck-henry-county-ga,usdot-1568295,583428,CSAS LLC,TWO MEN AND A TRUCK HENRY COUNTY GA,hhg_interstate_carrier,
CANDIDATE,1568346,gm-van-lines-inc,usdot-1568346,581609,GM VAN LINES INC,GM VAN LINES INC,hhg_interstate_carrier,
CANDIDATE,1569265,atelier-art-services-inc,usdot-1569265,681518,ATELIER ART SERVICES INC,ATELIER ART SERVICES INC,hhg_interstate_carrier,
CANDIDATE,1571434,cord-moving-memphis,usdot-1571434,656351,RP ACQUISTION CORPORATION,CORD MOVING - MEMPHIS,hhg_interstate_carrier,
CANDIDATE,1571525,fixed-rate-moving-inc,usdot-1571525,828542,FIXED RATE MOVING INC,FIXED RATE MOVING INC,hhg_interstate_carrier,
CANDIDATE,1573462,mr-mover,usdot-1573462,582769,MATTHU MCCULLOCH,MR MOVER,hhg_interstate_carrier,
CANDIDATE,1575046,garidelles-moving-walters-transfer,usdot-1575046,584734,VENICE MOVING & STORAGE INC,GARIDELLES MOVING & WALTERS TRANSFER,hhg_interstate_carrier,
CANDIDATE,1575819,montvale-moving-services-llc,usdot-1575819,583571,MONTVALE MOVING SERVICES LLC,MONTVALE MOVING SERVICES LLC,hhg_interstate_carrier,
CANDIDATE,1577167,keon-young-moving-co-inc,usdot-1577167,684932,KEON YOUNG MOVING CO INC,KEON YOUNG MOVING CO INC,hhg_interstate_carrier,
CANDIDATE,1578185,a1-movers-of-sauk-prairie-llc,usdot-1578185,846426,A1 MOVERS OF SAUK PRAIRIE LLC,A1 MOVERS OF SAUK PRAIRIE LLC,hhg_interstate_carrier,
CANDIDATE,1578813,nv-transport-inc,usdot-1578813,524101,"NV TRANSPORT, INC","NV TRANSPORT, INC",hhg_interstate_carrier,
CANDIDATE,1580667,guardian-moving-storage-inc,usdot-1580667,585270,GUARDIAN MOVING STORAGE INC,GUARDIAN MOVING STORAGE INC,hhg_interstate_carrier,
CANDIDATE,1581633,hampton-roads-moving-storage,usdot-1581633,585658,QUEENEY ENTERPRISES INC,HAMPTON ROADS MOVING & STORAGE,hhg_interstate_carrier,
CANDIDATE,1591112,firstco-transportation-llc,usdot-1591112,588796,FIRSTCO TRANSPORTATION LLC,FIRSTCO TRANSPORTATION LLC,hhg_interstate_carrier,
CANDIDATE,1594244,acosta-shipping-inc,usdot-1594244,589815,ACOSTA SHIPPING INC,ACOSTA SHIPPING INC,hhg_interstate_carrier,
CANDIDATE,159450,northwestern-warehouse-company,usdot-159450,142617,NORTHWESTERN WAREHOUSE COMPANY,NORTHWESTERN WAREHOUSE COMPANY,hhg_interstate_carrier,
CANDIDATE,1594697,universal-van-lines-corp,usdot-1594697,589954,UNIVERSAL VAN LINES CORP,UNIVERSAL VAN LINES CORP,hhg_interstate_carrier,
CANDIDATE,1596307,vt-moving,usdot-1596307,590583,VERMONT MOVING & STORAGE INC,VT MOVING,hhg_interstate_carrier,
CANDIDATE,1599349,conri-services-inc,usdot-1599349,591649,CONRI SERVICES INC,CONRI SERVICES INC,hhg_interstate_carrier,
CANDIDATE,1599697,all-about-moving,usdot-1599697,594403,BARBARA CROCKER MARIANI,ALL ABOUT MOVING,hhg_interstate_carrier,
CANDIDATE,1601711,avi-transport-inc,usdot-1601711,593422,AVI TRANSPORT INC,AVI TRANSPORT INC,hhg_interstate_carrier,
CANDIDATE,1604912,united-transportation-svc-1,usdot-1604912,593634,ALEKSANDR TOLSTENKO,UNITED TRANSPORTATION SVC 1,hhg_interstate_carrier,
CANDIDATE,1606111,s-d-transport-inc,usdot-1606111,593945,S & D TRANSPORT INC,S & D TRANSPORT INC,hhg_interstate_carrier,
CANDIDATE,1607091,performance-van-lines-inc,usdot-1607091,594289,PERFORMANCE VAN LINES INC,PERFORMANCE VAN LINES INC,hhg_interstate_carrier,
CANDIDATE,1613248,all-american-moving,usdot-1613248,596420,PHILLIP MORENO,ALL AMERICAN MOVING,hhg_interstate_carrier,
CANDIDATE,1614566,o-connor-s-moving-llc,usdot-1614566,588369,"O'CONNOR'S MOVING, LLC","O'CONNOR'S MOVING, LLC",hhg_interstate_carrier,
CANDIDATE,1616980,designers-delivery,usdot-1616980,597591,ZOLTAN SZABO ENTERPRISES INC,DESIGNERS' DELIVERY,hhg_interstate_carrier,
CANDIDATE,1618084,a-g-a-transportation-inc,usdot-1618084,598689,A G A TRANSPORTATION INC,A G A TRANSPORTATION INC,hhg_interstate_carrier,
CANDIDATE,1618108,triple-z-moving-transportation-inc,usdot-1618108,597906,TRIPLE Z MOVING & TRANSPORTATION INC,TRIPLE Z MOVING & TRANSPORTATION INC,hhg_interstate_carrier,
CANDIDATE,1618462,right-direction-moving-transport-llc,usdot-1618462,1017068,RIGHT DIRECTION MOVING & TRANSPORT LLC,RIGHT DIRECTION MOVING & TRANSPORT LLC,hhg_interstate_carrier,
CANDIDATE,1618672,1-st-moving-corp,usdot-1618672,598065,1 ST MOVING CORP,1 ST MOVING CORP,hhg_interstate_carrier,
CANDIDATE,162012,harold-haycook-moving-storage-corp,usdot-162012,64451,"HAROLD HAYCOOK MOVING & STORAGE, CORP.","HAROLD HAYCOOK MOVING & STORAGE, CORP.",hhg_interstate_carrier,
CANDIDATE,1620121,nika-group-inc,usdot-1620121,598748,NIKA GROUP INC,NIKA GROUP INC,hhg_interstate_carrier,
CANDIDATE,1621346,em-delivery-service,usdot-1621346,617339,ELVIN MARTINEZ,EM DELIVERY SERVICE,hhg_interstate_carrier,
CANDIDATE,1625521,flatlands-transport-llc,usdot-1625521,601623,FLATLANDS TRANSPORT LLC,FLATLANDS TRANSPORT LLC,hhg_interstate_carrier,
CANDIDATE,1628154,trans-circle-inc,usdot-1628154,600737,TRANS CIRCLE INC,TRANS CIRCLE INC,hhg_interstate_carrier,
CANDIDATE,1630504,senior-moving-company-corporation,usdot-1630504,601412,SENIOR MOVING COMPANY CORPORATION,SENIOR MOVING COMPANY CORPORATION,hhg_interstate_carrier,
CANDIDATE,1630507,hansens-moving-and-storage,usdot-1630507,601414,HANSENS MOVING INC,HANSENS MOVING AND STORAGE,hhg_interstate_carrier,
CANDIDATE,1630572,leticia-rodriguez-mendoza,usdot-1630572,605260,LETICIA RODRIGUEZ MENDOZA,LETICIA RODRIGUEZ MENDOZA,hhg_interstate_carrier,
CANDIDATE,1632967,two-men-and-a-truck-usdot-1632967,usdot-1632967,705022,TMT OKLAHOMA INC,TWO MEN AND A TRUCK,hhg_interstate_carrier,
CANDIDATE,1633060,russell-s-moving-and-storage-inc,usdot-1633060,602177,"RUSSELL'S MOVING AND STORAGE, INC","RUSSELL'S MOVING AND STORAGE, INC",hhg_interstate_carrier,
CANDIDATE,1634040,ridgely-s-services-llc,usdot-1634040,602580,RIDGELY'S SERVICES LLC,RIDGELY'S SERVICES LLC,hhg_interstate_carrier,
CANDIDATE,163648,modern-transportation-services-inc,usdot-163648,143559,"MODERN TRANSPORTATION SERVICES,INC.","MODERN TRANSPORTATION SERVICES,INC.",hhg_interstate_carrier,
CANDIDATE,1636644,cpheach-express,usdot-1636644,611212,CHANTHEE NONG PHEACH INC,CPHEACH EXPRESS,hhg_interstate_carrier,
CANDIDATE,163678,apple-moving,usdot-163678,143934,"HARRISON'S MOVING & STORAGE CO., INC.",APPLE MOVING,hhg_interstate_carrier,
CANDIDATE,1637689,oscar-s-moving-company-llc,usdot-1637689,633243,OSCAR'S MOVING COMPANY LLC,OSCAR'S MOVING COMPANY LLC,hhg_interstate_carrier,
CANDIDATE,1638752,pfb-movers-and-delivery-service,usdot-1638752,613450,PAUL BOGLE,PFB MOVERS AND DELIVERY SERVICE,hhg_interstate_carrier,
CANDIDATE,164025,fedex-custom-critical-inc,usdot-164025,141898,"FEDEX  CUSTOM  CRITICAL, INC.","FEDEX  CUSTOM  CRITICAL, INC.",hhg_broker hhg_interstate_carrier,
CANDIDATE,1640681,giordano-moving-storage-inc,usdot-1640681,633388,GIORDANO MOVING & STORAGE INC,GIORDANO MOVING & STORAGE INC,hhg_interstate_carrier,
CANDIDATE,164554,mallory-van-storage-inc,usdot-164554,142946,"MALLORY VAN & STORAGE, INC.","MALLORY VAN & STORAGE, INC.",hhg_interstate_carrier,
CANDIDATE,1645847,ganzo-moving-llc,usdot-1645847,720909,"GANZO MOVING, LLC","GANZO MOVING, LLC",hhg_interstate_carrier,
CANDIDATE,1646579,destin-moving-and-storage-llc,usdot-1646579,606522,DESTIN MOVING AND STORAGE LLC,DESTIN MOVING AND STORAGE LLC,hhg_interstate_carrier,
CANDIDATE,1650994,hilford-moving-storage-inc,usdot-1650994,725182,HILFORD MOVING & STORAGE INC,HILFORD MOVING & STORAGE INC,hhg_interstate_carrier,
CANDIDATE,1651467,galley-transportation-inc,usdot-1651467,607793,"GALLEY TRANSPORTATION, INC","GALLEY TRANSPORTATION, INC",hhg_interstate_carrier,
CANDIDATE,1651524,southcoast-moving-storage-and-property-management-llc,usdot-1651524,607808,SOUTHCOAST MOVING STORAGE AND PROPERTY MANAGEMENT LLC,SOUTHCOAST MOVING STORAGE AND PROPERTY MANAGEMENT LLC,hhg_interstate_carrier,
CANDIDATE,1651563,tristate-movers-inc,usdot-1651563,520615,TRISTATE MOVERS INC.,TRISTATE MOVERS INC.,hhg_interstate_carrier,
CANDIDATE,1653733,simple-moves,usdot-1653733,717055,CKCM ENTERPRISES LLC,SIMPLE MOVES,hhg_interstate_carrier,
CANDIDATE,1654419,compass-trucking,usdot-1654419,608733,ANDREY NIKOLAYEVICH SHCHETININ,COMPASS TRUCKING,hhg_interstate_carrier,
CANDIDATE,1655425,two-men-and-a-truck-usdot-1655425,usdot-1655425,609081,3470 LLC,TWO MEN AND A TRUCK,hhg_interstate_carrier,
CANDIDATE,1656354,a-plus-moving-storage,usdot-1656354,609373,ANCA BUNGARDEAN,A-PLUS MOVING & STORAGE,hhg_interstate_carrier,
CANDIDATE,1657229,hyw-transportation-llc,usdot-1657229,609983,HYW TRANSPORTATION LLC,HYW TRANSPORTATION LLC,hhg_interstate_carrier,
CANDIDATE,1657726,moving-ahead-services-llc,usdot-1657726,609826,MOVING AHEAD SERVICES LLC,MOVING AHEAD SERVICES LLC,hhg_interstate_carrier,
CANDIDATE,1658456,vip-transport-inc,usdot-1658456,610055,VIP TRANSPORT INC,VIP TRANSPORT INC,hhg_broker hhg_interstate_carrier,
CANDIDATE,1659700,sooner-van-storage-inc,usdot-1659700,610455,SOONER VAN & STORAGE INC,SOONER VAN & STORAGE INC,hhg_interstate_carrier,
CANDIDATE,1659708,affiliated-archives-inc,usdot-1659708,610458,AFFILIATED ARCHIVES INC.,AFFILIATED ARCHIVES INC.,hhg_interstate_carrier,
CANDIDATE,1659716,cdb-cartage-inc,usdot-1659716,610462,CDB CARTAGE INC,CDB CARTAGE INC,hhg_interstate_carrier,
CANDIDATE,1659723,comanche-van-storage-inc,usdot-1659723,610467,COMANCHE VAN & STORAGE INC,COMANCHE VAN & STORAGE INC,hhg_interstate_carrier,
CANDIDATE,1659728,b-n-van-storage-inc,usdot-1659728,611587,B & N VAN & STORAGE INC,B & N VAN & STORAGE INC,hhg_interstate_carrier,
CANDIDATE,1660642,o-sullivan-moving-and-storage-co-inc,usdot-1660642,912014,O'SULLIVAN MOVING AND STORAGE CO INC,O'SULLIVAN MOVING AND STORAGE CO INC,hhg_interstate_carrier,
CANDIDATE,1663020,team-lift-movers,usdot-1663020,614730,GARY R SCHINDEL,TEAM LIFT MOVERS,hhg_interstate_carrier,
CANDIDATE,1664312,dyska-moving-llc,usdot-1664312,616872,"DYSKA MOVING, LLC","DYSKA MOVING, LLC",hhg_interstate_carrier,
CANDIDATE,1664649,alfonso-trucking,usdot-1664649,660785,JOSE ALFONSO,ALFONSO TRUCKING,hhg_interstate_carrier,
CANDIDATE,1664920,ideal-moving-and-storage-inc,usdot-1664920,612157,IDEAL MOVING AND STORAGE INC,IDEAL MOVING AND STORAGE INC,hhg_interstate_carrier,
CANDIDATE,1666009,perfect-movers-storage-llc,usdot-1666009,916632,PERFECT MOVERS & STORAGE LLC,PERFECT MOVERS & STORAGE LLC,hhg_interstate_carrier,
CANDIDATE,1667452,hanul-corporation,usdot-1667452,612945,HANUL CORPORATION,HANUL CORPORATION,hhg_broker hhg_interstate_carrier,
CANDIDATE,1670931,uju-inc,usdot-1670931,614162,UJU INC,UJU INC,hhg_interstate_carrier,
CANDIDATE,1672828,southern-rhode-island-moving-storage-llc,usdot-1672828,582145,SOUTHERN RHODE ISLAND MOVING & STORAGE LLC,SOUTHERN RHODE ISLAND MOVING & STORAGE LLC,hhg_interstate_carrier,
CANDIDATE,167294,monterey-peninsula-movers,usdot-167294,51424,VALERIO LIMA,MONTEREY PENINSULA MOVERS,hhg_interstate_carrier,
CANDIDATE,1674023,k-j-z-moving,usdot-1674023,615246,"K & J'Z, INC",K & J'Z MOVING,hhg_interstate_carrier,
CANDIDATE,1674433,t-j-movers,usdot-1674433,615404,TYRONE LAMONT LEVAN,T&J MOVERS,hhg_interstate_carrier,
CANDIDATE,1675187,stephens-specialty-services,usdot-1675187,615666,BRADLEY DEAN STEPHENS,STEPHENS SPECIALTY SERVICES,hhg_interstate_carrier,
CANDIDATE,1677218,safeway-moving-llc,usdot-1677218,616476,SAFEWAY MOVING LLC,SAFEWAY MOVING LLC,hhg_interstate_carrier,
CANDIDATE,1678342,aaa-moving-storage-inc-washington,usdot-1678342,603753,"AAA MOVING & STORAGE, INC. - WASHINGTON","AAA MOVING & STORAGE, INC. - WASHINGTON",hhg_interstate_carrier,
CANDIDATE,1683198,nl-wilson-moving-inc,usdot-1683198,698442,NL WILSON MOVING INC,NL WILSON MOVING INC,hhg_interstate_carrier,
CANDIDATE,1684331,caraway-moving-inc,usdot-1684331,618833,CARAWAY MOVING INC,CARAWAY MOVING INC,hhg_interstate_carrier,
CANDIDATE,1686194,firefighters-on-the-move,usdot-1686194,892043,911 MOVING LLC,FIREFIGHTERS ON THE MOVE,hhg_interstate_carrier,
CANDIDATE,1686575,woody-s-moving,usdot-1686575,980909,ROBERT F WOODMORE,WOODY'S MOVING,hhg_interstate_carrier,
CANDIDATE,1691665,vintage-trucking,usdot-1691665,621261,SCOTT SALZARULO,VINTAGE TRUCKING,hhg_interstate_carrier,
CANDIDATE,1692045,budget-movers-usdot-1692045,usdot-1692045,621365,UNITED TRUCKERS INVESTMENT CORPORATION,BUDGET MOVERS,hhg_interstate_carrier,
CANDIDATE,169359,patterson-storage-warehouse-company-inc,usdot-169359,99696,"PATTERSON STORAGE WAREHOUSE COMPANY, INC.","PATTERSON STORAGE WAREHOUSE COMPANY, INC.",hhg_interstate_carrier,
CANDIDATE,1693644,the-furniture-barn-inc,usdot-1693644,731609,THE FURNITURE BARN INC,THE FURNITURE BARN INC,hhg_interstate_carrier,
CANDIDATE,1694561,heavy-help,usdot-1694561,622214,RANDY RINNER,HEAVY HELP,hhg_interstate_carrier,
CANDIDATE,1695547,sly-transportation-llc,usdot-1695547,627705,SLY TRANSPORTATION LLC,SLY TRANSPORTATION LLC,hhg_interstate_carrier,
CANDIDATE,1696054,joseph-darrell-bogan,usdot-1696054,622048,JOSEPH DARRELL BOGAN,JOSEPH DARRELL BOGAN,hhg_interstate_carrier,
CANDIDATE,1696162,jba-transport-llc,usdot-1696162,622846,JBA TRANSPORT LLC,JBA TRANSPORT LLC,hhg_interstate_carrier,
CANDIDATE,1696867,stairhopper-movers-llc,usdot-1696867,623045,STAIRHOPPER MOVERS LLC,STAIRHOPPER MOVERS LLC,hhg_interstate_carrier,
CANDIDATE,1699274,cascade-moving-storage-inc,usdot-1699274,623796,CASCADE MOVING & STORAGE INC,CASCADE MOVING & STORAGE INC,hhg_interstate_carrier,
CANDIDATE,1700002,amell-industries-inc,usdot-1700002,656234,AMELL INDUSTRIES INC,AMELL INDUSTRIES INC,hhg_interstate_carrier,
CANDIDATE,1700192,patrick-moving-storage-inc,usdot-1700192,624099,PATRICK MOVING & STORAGE INC,PATRICK MOVING & STORAGE INC,hhg_interstate_carrier,
CANDIDATE,1701382,air-sea-land-shipping-moving-inc,usdot-1701382,1527783,AIR SEA LAND SHIPPING & MOVING INC,AIR SEA LAND SHIPPING & MOVING INC,hhg_interstate_carrier,
CANDIDATE,1704106,matt-s-moving-llc,usdot-1704106,708970,MATT'S MOVING LLC,MATT'S MOVING LLC,hhg_interstate_carrier,
CANDIDATE,1706316,best-moving-service-american-pride-moving-service,usdot-1706316,626186,US HOUSEHOLD MOVERS,BEST MOVING SERVICE- AMERICAN PRIDE MOVING SERVICE,hhg_interstate_carrier,
CANDIDATE,1710619,e-m-delivery,usdot-1710619,627597,ELEPHANT MOVING INC,E & M DELIVERY,hhg_interstate_carrier,
CANDIDATE,1711850,twin-forks-moving-storage-inc,usdot-1711850,627988,TWIN FORKS MOVING & STORAGE INC,TWIN FORKS MOVING & STORAGE INC,hhg_interstate_carrier,
CANDIDATE,1712047,marvel-moving,usdot-1712047,628051,WALLA INC,MARVEL MOVING,hhg_interstate_carrier,
CANDIDATE,1713552,two-men-and-a-truck-usdot-1713552,usdot-1713552,634381,KB ENTERPRISES INC,TWO MEN AND A TRUCK,hhg_interstate_carrier,
CANDIDATE,1716154,statewide-moving,usdot-1716154,629422,SCULLY STATEWIDE TRANSPORTATION INC,STATEWIDE MOVING,hhg_interstate_carrier,
CANDIDATE,1718049,boston-best-rate-movers,usdot-1718049,630047,FLAT RATE MOVING AND STORAGE INC,BOSTON BEST RATE MOVERS,hhg_interstate_carrier,
CANDIDATE,1719809,mx-national-transportation,usdot-1719809,630629,RESOLUTION INC,MX NATIONAL TRANSPORTATION,hhg_interstate_carrier,
CANDIDATE,1720535,amrestore-inc,usdot-1720535,636020,AMRESTORE INC,AMRESTORE INC,hhg_interstate_carrier,
CANDIDATE,1721228,ross-movers-inc,usdot-1721228,626875,"ROSS MOVERS, INC.","ROSS MOVERS, INC.",hhg_interstate_carrier,
CANDIDATE,1722560,affiliated-van-lines-of-lawton-oklahoma-inc,usdot-1722560,284836,"AFFILIATED VAN LINES OF LAWTON, OKLAHOMA INC.","AFFILIATED VAN LINES OF LAWTON, OKLAHOMA INC.",hhg_interstate_carrier,
CANDIDATE,1722718,safety-transport,usdot-1722718,631465,DORON TOURJEMAH,SAFETY TRANSPORT,hhg_interstate_carrier,
CANDIDATE,1723742,mohave-transport,usdot-1723742,638960,MOHAVE HOMES INC,MOHAVE TRANSPORT,hhg_interstate_carrier,
CANDIDATE,1724059,galil-transportation-inc,usdot-1724059,640513,GALIL TRANSPORTATION INC,GALIL TRANSPORTATION INC,hhg_interstate_carrier,
CANDIDATE,1728636,j-barber-moving-storage-inc,usdot-1728636,633397,J BARBER MOVING & STORAGE INC,J BARBER MOVING & STORAGE INC,hhg_interstate_carrier,
CANDIDATE,172887,shur-way-moving-cartage-co,usdot-172887,147522,SHUR-WAY MOVING & CARTAGE CO.,SHUR-WAY MOVING & CARTAGE CO.,hhg_interstate_carrier,
CANDIDATE,1731101,express-movers,usdot-1731101,634273,"SEATTLE MOVERS, INC.",EXPRESS MOVERS,hhg_interstate_carrier,
CANDIDATE,1736271,sjw-enterprises-inc,usdot-1736271,665510,SJW ENTERPRISES INC,SJW ENTERPRISES INC,hhg_interstate_carrier,
CANDIDATE,1737476,professional-piano-movers,usdot-1737476,877920,DAVID A WILLIAMS,PROFESSIONAL PIANO MOVERS,hhg_interstate_carrier,
CANDIDATE,1738950,24-seven-pickup-delivery-service,usdot-1738950,636894,ABEL ALFARO,24 SEVEN PICKUP & DELIVERY SERVICE,hhg_interstate_carrier,
CANDIDATE,1739020,myway-mobile-storage,usdot-1739020,656960,SGB INVESTMENTS LLC,MYWAY MOBILE STORAGE,hhg_interstate_carrier,
CANDIDATE,1740025,two-men-and-a-truck-grand-rapids-north,usdot-1740025,637279,"PHASE SIX MOVING, LLC",TWO MEN AND A TRUCK GRAND RAPIDS NORTH,hhg_interstate_carrier,
CANDIDATE,1742369,enterprise-van-lines-inc,usdot-1742369,638074,ENTERPRISE VAN LINES INC,ENTERPRISE VAN LINES INC,hhg_interstate_carrier,
CANDIDATE,1743096,meticulous-inc,usdot-1743096,648574,METICULOUS INC.,METICULOUS INC.,hhg_interstate_carrier,
CANDIDATE,1747353,done-right-moving-and-storage-inc,usdot-1747353,639724,DONE RIGHT MOVING AND STORAGE INC,DONE RIGHT MOVING AND STORAGE INC,hhg_interstate_carrier,
CANDIDATE,1747393,jva-transportation-llc,usdot-1747393,638451,"JVA TRANSPORTATION, LLC","JVA TRANSPORTATION, LLC",hhg_interstate_carrier,
CANDIDATE,1747538,jps-piano-moving-llc,usdot-1747538,639789,JPS PIANO MOVING LLC,JPS PIANO MOVING LLC,hhg_interstate_carrier,
CANDIDATE,1748402,korex-international-inc,usdot-1748402,647634,KOREX INTERNATIONAL INC,KOREX INTERNATIONAL INC,hhg_interstate_carrier,
CANDIDATE,1749640,stoddard-transfer,usdot-1749640,16639,PARTNERS TRANSPORT INC,STODDARD TRANSFER,hhg_interstate_carrier,
CANDIDATE,1750338,moving-mania-inc,usdot-1750338,640701,MOVING MANIA INC,MOVING MANIA INC,hhg_interstate_carrier,
CANDIDATE,1750795,klm-movers,usdot-1750795,678986,KLM MOVERS LLC,KLM MOVERS,hhg_interstate_carrier,
CANDIDATE,17523,rogovin-moving-storage-company-inc,usdot-17523,628973,ROGOVIN MOVING & STORAGE COMPANY INC,ROGOVIN MOVING & STORAGE COMPANY INC,hhg_interstate_carrier,
CANDIDATE,1752778,eden-s-moving-services-inc,usdot-1752778,641757,"EDEN'S MOVING SERVICES, INC.","EDEN'S MOVING SERVICES, INC.",hhg_interstate_carrier,
CANDIDATE,1754912,bar-7-llc,usdot-1754912,648307,BAR 7 LLC,BAR 7 LLC,hhg_interstate_carrier,
CANDIDATE,1758440,triple-m-movers-and-storage-inc,usdot-1758440,612459,TRIPLE M MOVERS AND STORAGE INC,TRIPLE M MOVERS AND STORAGE INC,hhg_interstate_carrier,
CANDIDATE,1759385,sloop-inc,usdot-1759385,653525,SLOOP INC,SLOOP INC,hhg_interstate_carrier,
CANDIDATE,1762387,watson-moving-storage,usdot-1762387,644190,BLUEBIRD MOVING & STORAGE LLC,WATSON MOVING & STORAGE,hhg_interstate_carrier,
CANDIDATE,17632,flatbush-moving-van-co-inc,usdot-17632,94594,"FLATBUSH MOVING VAN CO., INC.","FLATBUSH MOVING VAN CO., INC.",hhg_interstate_carrier,
CANDIDATE,1763361,prestige-moving-storage-bend-inc,usdot-1763361,644479,"CASCADE MOVING & STORAGE, INC.","PRESTIGE MOVING & STORAGE/BEND, INC.",hhg_interstate_carrier,
CANDIDATE,1767039,my-box-moving-storage,usdot-1767039,764912,MY MOBILE SELF STORAGE,MY BOX MOVING & STORAGE,hhg_interstate_carrier,
CANDIDATE,1767696,regal-moving-services-inc,usdot-1767696,648853,REGAL MOVING SERVICES INC.,REGAL MOVING SERVICES INC.,hhg_interstate_carrier,
CANDIDATE,1769070,dussault-moving-inc,usdot-1769070,645981,DUSSAULT MOVING INC,DUSSAULT MOVING INC,hhg_interstate_carrier,
CANDIDATE,1769117,nice-moves,usdot-1769117,646009,HARRELSON INC.,NICE MOVES,hhg_interstate_carrier,
CANDIDATE,1775403,asap-moving-and-delivery-service,usdot-1775403,647833,"KNIGHTCO, LLC",ASAP MOVING AND DELIVERY SERVICE,hhg_interstate_carrier,
CANDIDATE,1776169,btl,usdot-1776169,651032,"BRONAL,TRANS,LLC.",BTL,hhg_interstate_carrier,
CANDIDATE,1777365,topline-moving-and-storage-inc,usdot-1777365,648413,TOPLINE MOVING AND STORAGE INC,TOPLINE MOVING AND STORAGE INC,hhg_interstate_carrier,
CANDIDATE,1778330,velocity-moving-storage-international-van-lines,usdot-1778330,648689,RIO GRANDE VENTURES INC,VELOCITY MOVING & STORAGE INTERNATIONAL VAN LINES,hhg_interstate_carrier,
CANDIDATE,1782706,a-pasco-moving-storage-inc,usdot-1782706,,"A-PASCO MOVING & STORAGE, INC.","A-PASCO MOVING & STORAGE, INC.",hhg_interstate_carrier,
CANDIDATE,1782839,itx-llc,usdot-1782839,650007,ITX LLC,ITX LLC,hhg_interstate_carrier,
CANDIDATE,1783588,jhe-investments-inc,usdot-1783588,650202,JHE INVESTMENTS INC,JHE INVESTMENTS INC,hhg_interstate_carrier,
CANDIDATE,1783602,downey-moving-storage-inc,usdot-1783602,782574,DOWNEY MOVING & STORAGE INC,DOWNEY MOVING & STORAGE INC,hhg_interstate_carrier,
CANDIDATE,1783725,cowan-delivery,usdot-1783725,650241,WILLIAM COWAN,COWAN DELIVERY,hhg_interstate_carrier,
CANDIDATE,1783938,yeager-transport-inc,usdot-1783938,650285,"YEAGER TRANSPORT, INC.","YEAGER TRANSPORT, INC.",hhg_interstate_carrier,
CANDIDATE,17847,meyer,usdot-17847,108194,"WILLIAM B. MEYER,INC",MEYER,hhg_interstate_carrier,
CANDIDATE,1791007,norco-moving-storage-inc,usdot-1791007,709269,"NORCO REALTY & ASSOCIATES, INC.","NORCO MOVING & STORAGE, INC.",hhg_interstate_carrier,
CANDIDATE,1791230,second-to-none-moving,usdot-1791230,652211,TYMAR LLC,SECOND TO NONE MOVING,hhg_interstate_carrier,
CANDIDATE,1791820,lindseys-moving-delivery,usdot-1791820,652418,LAURA L RODRIGUEZ,LINDSEYS MOVING & DELIVERY,hhg_interstate_carrier,
CANDIDATE,1797448,raimond-s-movers-inc,usdot-1797448,720415,RAIMOND'S MOVERS INC,RAIMOND'S MOVERS INC,hhg_interstate_carrier,
CANDIDATE,1798629,corporate-van-lines,usdot-1798629,654481,CERTIFIED VAN LINES INC,CORPORATE VAN LINES,hhg_interstate_carrier,
CANDIDATE,1800045,shapkoff-moving-services-inc,usdot-1800045,802373,SHAPKOFF MOVING SERVICES INC,SHAPKOFF MOVING SERVICES INC,hhg_interstate_carrier,
CANDIDATE,1801114,daniel-s-movers-inc,usdot-1801114,654978,DANIEL'S MOVERS INC.,DANIEL'S MOVERS INC.,hhg_interstate_carrier,
CANDIDATE,1803212,all-my-sons-moving-storage-of-st-louis,usdot-1803212,738591,"AMS MOVING & STORAGE OF ST. LOUIS, LLC",ALL MY SONS MOVING & STORAGE OF ST. LOUIS,hhg_interstate_carrier,
CANDIDATE,1803378,careful-moving-storage-inc,usdot-1803378,679758,"CAREFUL MOVING & STORAGE, INC .","CAREFUL MOVING & STORAGE, INC .",hhg_interstate_carrier,
CANDIDATE,1803573,dry-ridge-moving-and-transportation-llc,usdot-1803573,655700,DRY RIDGE MOVING AND TRANSPORTATION LLC,DRY RIDGE MOVING AND TRANSPORTATION LLC,hhg_interstate_carrier,
CANDIDATE,1804395,moving-u-movers-inc,usdot-1804395,655959,MOVING U MOVERS INC,MOVING U MOVERS INC,hhg_interstate_carrier,
CANDIDATE,1805348,budget-relo,usdot-1805348,656229,TEVET ENTERPRISES INC,BUDGET RELO,hhg_interstate_carrier,
CANDIDATE,1808557,moving-by-design,usdot-1808557,657246,RF BORGHESE ENTERPRISES LLC,MOVING BY DESIGN,hhg_interstate_carrier,
CANDIDATE,180860,medley-s-moving-storage-inc,usdot-180860,78528,"MEDLEY'S MOVING & STORAGE, INC.","MEDLEY'S MOVING & STORAGE, INC.",hhg_interstate_carrier,
CANDIDATE,1811031,two-men-and-a-truck-usdot-1811031,usdot-1811031,659104,BHMF LLC,TWO MEN AND A TRUCK,hhg_interstate_carrier,
CANDIDATE,1811148,a-smooth-move,usdot-1811148,731896,PRESTIGE MSP LLC,A SMOOTH MOVE,hhg_interstate_carrier,
CANDIDATE,1811260,u-save-moving-and-storage,usdot-1811260,881841,U-SAVE MOVING AND STORAGE LLC,U SAVE MOVING AND STORAGE,hhg_interstate_carrier,
CANDIDATE,1811719,verrazano-moving-storage-inc,usdot-1811719,658141,VERRAZANO MOVING & STORAGE INC,VERRAZANO MOVING & STORAGE INC,hhg_interstate_carrier,
CANDIDATE,1812376,triple-7-movers,usdot-1812376,658497,SHAUL MARKETING INC,TRIPLE 7 MOVERS,hhg_interstate_carrier,
CANDIDATE,1812756,genesis-freightlines-inc,usdot-1812756,658493,GENESIS FREIGHTLINES INC,GENESIS FREIGHTLINES INC,hhg_interstate_carrier,
CANDIDATE,1813251,streamline-movers-llc,usdot-1813251,838570,STREAMLINE MOVERS LLC,STREAMLINE MOVERS LLC,hhg_interstate_carrier,
CANDIDATE,1816289,mocano-moving-inc,usdot-1816289,659613,MOCANO MOVING INC,MOCANO MOVING INC,hhg_interstate_carrier,
CANDIDATE,181787,w-d-i,usdot-181787,157707,"W. D. I. COMPANY OF OREGON, INC.",W. D. I.,hhg_interstate_carrier,
CANDIDATE,1818612,a-s-p-fine-art-services-llc,usdot-1818612,660165,A S P FINE ART SERVICES LLC,A S P FINE ART SERVICES LLC,hhg_interstate_carrier,
CANDIDATE,1820719,jl-moving-llc,usdot-1820719,660794,JL MOVING LLC,JL MOVING LLC,hhg_interstate_carrier,
CANDIDATE,1821147,twenty-four-7-moving-specialists-inc,usdot-1821147,661157,"TWENTY FOUR 7 MOVING SPECIALISTS, INC.","TWENTY FOUR 7 MOVING SPECIALISTS, INC.",hhg_interstate_carrier,
CANDIDATE,1822310,two-men-and-a-truck-northern-illinois,usdot-1822310,655586,"KEVCOR SERVICES, INC.",TWO MEN AND A TRUCK/NORTHERN ILLINOIS,hhg_interstate_carrier,
CANDIDATE,1822329,olympus-moving-storage-inc,usdot-1822329,661258,OLYMPUS MOVING & STORAGE INC,OLYMPUS MOVING & STORAGE INC,hhg_interstate_carrier,
CANDIDATE,1822943,powerhouse-moving-of-springfield-llc,usdot-1822943,762282,POWERHOUSE MOVING OF SPRINGFIELD LLC,POWERHOUSE MOVING OF SPRINGFIELD LLC,hhg_interstate_carrier,
CANDIDATE,1824927,a-van-storage-of-lawton-inc,usdot-1824927,662099,A VAN & STORAGE OF LAWTON INC,A VAN & STORAGE OF LAWTON INC,hhg_interstate_carrier,
CANDIDATE,1824937,caddo-movers-of-lawton-inc,usdot-1824937,662102,CADDO MOVERS OF LAWTON INC,CADDO MOVERS OF LAWTON INC,hhg_interstate_carrier,
CANDIDATE,1825294,old-school-movers-llc,usdot-1825294,837397,OLD SCHOOL MOVERS LLC,OLD SCHOOL MOVERS LLC,hhg_interstate_carrier,
CANDIDATE,1825959,joseph-a-palermo-moving-storage-inc,usdot-1825959,675958,"JOSEPH A. PALERMO MOVING & STORAGE, INC.","JOSEPH A. PALERMO MOVING & STORAGE, INC.",hhg_interstate_carrier,
CANDIDATE,1827326,beefcake-moving-storage-inc,usdot-1827326,662904,"BEEFCAKE MOVING & STORAGE, INC.","BEEFCAKE MOVING & STORAGE, INC.",hhg_interstate_carrier,
CANDIDATE,1831442,macmoving-llc,usdot-1831442,680202,MACMOVING LLC,MACMOVING LLC,hhg_interstate_carrier,
CANDIDATE,1833493,state-to-state-movers,usdot-1833493,664790,MOVING SERVICES INC,STATE TO STATE MOVERS,hhg_interstate_carrier,
CANDIDATE,183389,herlihy-moving-and-storage-inc,usdot-183389,129321,"HERLIHY MOVING AND STORAGE, INC.","HERLIHY MOVING AND STORAGE, INC.",hhg_interstate_carrier,
CANDIDATE,1834511,edward-neutz-sons-daughters-moving,usdot-1834511,1460292,NR PROPERTIES LLC,EDWARD NEUTZ SONS & DAUGHTERS MOVING,hhg_interstate_carrier,
CANDIDATE,1836955,lsolano-transport-llc,usdot-1836955,665964,LSOLANO TRANSPORT LLC,LSOLANO TRANSPORT LLC,hhg_interstate_carrier,
CANDIDATE,1842047,bestguy-moving-services-llc,usdot-1842047,667474,BESTGUY MOVING SERVICES LLC,BESTGUY MOVING SERVICES LLC,hhg_interstate_carrier,
CANDIDATE,1843158,w-f-whelan-co,usdot-1843158,667865,W F WHELAN CO,W F WHELAN CO,hhg_broker hhg_interstate_carrier,
CANDIDATE,1846942,liberty-bell-moving-storage-inc,usdot-1846942,668953,"LIBERTY BELL MOVING & STORAGE, INC.","LIBERTY BELL MOVING & STORAGE, INC.",hhg_interstate_carrier,
CANDIDATE,1847236,flagler-moving-storage,usdot-1847236,669035,LAN CO LEASING INC,FLAGLER MOVING & STORAGE,hhg_interstate_carrier,
CANDIDATE,1849560,johnson-s-piano-moving,usdot-1849560,667776,JOPIMO INC,JOHNSON'S PIANO MOVING,hhg_interstate_carrier,
CANDIDATE,1850819,em-ts-llc,usdot-1850819,670199,EM TS LLC,EM TS LLC,hhg_interstate_carrier,
CANDIDATE,1851763,jones-moving,usdot-1851763,670510,CANDICE JONES,JONES MOVING,hhg_interstate_carrier,
CANDIDATE,1851972,mijenn-inc,usdot-1851972,670579,MIJENN INC,MIJENN INC,hhg_interstate_carrier,
CANDIDATE,1853178,superior-transport-llc,usdot-1853178,672370,SUPERIOR TRANSPORT LLC,SUPERIOR TRANSPORT LLC,hhg_interstate_carrier,
CANDIDATE,1853754,x-press-moving-van-lines-corp,usdot-1853754,671122,X-PRESS MOVING VAN LINES CORP,X-PRESS MOVING VAN LINES CORP,hhg_interstate_carrier,
CANDIDATE,1856565,round-em-up-moving-2-llc,usdot-1856565,674490,ROUND EM UP MOVING 2 LLC,ROUND EM UP MOVING 2 LLC,hhg_interstate_carrier,
CANDIDATE,185771,budd-van-lines-inc,usdot-185771,152533,"BUDD VAN LINES, INC.","BUDD VAN LINES, INC.",hhg_interstate_carrier,
CANDIDATE,1861478,speedwell-transportation-inc,usdot-1861478,673344,"SPEEDWELL TRANSPORTATION, INC.","SPEEDWELL TRANSPORTATION, INC.",hhg_interstate_carrier,
CANDIDATE,186256,barnes-van-lines,usdot-186256,145594,"BARNES MOVING & STORAGE CO. , INC.",BARNES VAN LINES,hhg_interstate_carrier,
CANDIDATE,1863079,all-service-moving,usdot-1863079,722865,ASM LLC,ALL SERVICE MOVING,hhg_broker hhg_interstate_carrier,
CANDIDATE,1863397,appalachian-moving-storage-llc,usdot-1863397,673860,"APPALACHIAN MOVING & STORAGE, LLC","APPALACHIAN MOVING & STORAGE, LLC",hhg_interstate_carrier,
CANDIDATE,1864442,movingpro,usdot-1864442,675888,MOVINGPRO INC,MOVINGPRO,hhg_interstate_carrier,
CANDIDATE,1866228,bargain-movers,usdot-1866228,822826,JR MOVING LLC,BARGAIN MOVERS,hhg_interstate_carrier,
CANDIDATE,1867438,pioneer-van-and-storage-co,usdot-1867438,11449,"PIONEER VNS, INC.",PIONEER VAN AND STORAGE CO.,hhg_interstate_carrier,
CANDIDATE,1867536,black-ice-transportation,usdot-1867536,675040,MENASHE COHANIM,BLACK ICE TRANSPORTATION,hhg_interstate_carrier,
CANDIDATE,1867983,the-junkluggers-and-luggers-moving-delivery,usdot-1867983,934353,JUNKLUGGERS LLC,THE JUNKLUGGERS AND LUGGERS MOVING & DELIVERY,hhg_interstate_carrier,
CANDIDATE,1868365,ackley-moving-services,usdot-1868365,675281,ACKLEY ENTERPRISES INC,ACKLEY MOVING SERVICES,hhg_interstate_carrier,
CANDIDATE,1869263,deleon-transportation,usdot-1869263,675483,JOSE ARTURO DELEON,DELEON TRANSPORTATION,hhg_interstate_carrier,
CANDIDATE,1869347,mega-dispatch-inc,usdot-1869347,675502,MEGA DISPATCH INC,MEGA DISPATCH INC,hhg_interstate_carrier,
CANDIDATE,1869533,caribe-contracting-inc,usdot-1869533,675553,"CARIBE CONTRACTING, INC.","CARIBE CONTRACTING, INC.",hhg_interstate_carrier,
CANDIDATE,1872044,franco-s-moving-and-service,usdot-1872044,697481,JESUS LOPEZ FRANCO,FRANCO'S MOVING AND SERVICE,hhg_interstate_carrier,
CANDIDATE,1872839,a-m-general-services-llc,usdot-1872839,676332,A.M. GENERAL SERVICES LLC,A.M. GENERAL SERVICES LLC,hhg_interstate_carrier,
CANDIDATE,1875922,jake-s-moving-storage-llc,usdot-1875922,703179,JAKE'S MOVING & STORAGE LLC,JAKE'S MOVING & STORAGE LLC,hhg_interstate_carrier,
CANDIDATE,1878306,collegiate-moving-services-inc,usdot-1878306,677697,COLLEGIATE MOVING SERVICES INC,COLLEGIATE MOVING SERVICES INC,hhg_interstate_carrier,
CANDIDATE,187959,cannon-moving-and-storage-inc,usdot-187959,152670,"CANNON MOVING AND STORAGE, INC.","CANNON MOVING AND STORAGE, INC.",hhg_interstate_carrier,
CANDIDATE,188512,jobbers-moving-storage,usdot-188512,153338,JOBBERS WAREHOUSE COMPANY,JOBBERS MOVING & STORAGE,hhg_interstate_carrier,
CANDIDATE,1885649,puget-sound-moving-inc,usdot-1885649,679558,PUGET SOUND MOVING INC,PUGET SOUND MOVING INC,hhg_interstate_carrier,
CANDIDATE,1887576,butch-s-moving-storage,usdot-1887576,679987,KAEPPEL REALTY LLC,BUTCH'S MOVING & STORAGE,hhg_interstate_carrier,
CANDIDATE,1887944,dnd,usdot-1887944,706610,DARREN DEBOER,DND,hhg_interstate_carrier,
CANDIDATE,1893270,495-movers-inc,usdot-1893270,681362,495 MOVERS INC,495 MOVERS INC,hhg_interstate_carrier,
CANDIDATE,1896266,two-men-and-a-truck-central-illinois,usdot-1896266,681950,SHUNK CORPORATION,TWO MEN AND A TRUCK CENTRAL ILLINOIS,hhg_interstate_carrier,
CANDIDATE,1898145,schnabel-inc,usdot-1898145,703272,"SCHNABEL, INC.","SCHNABEL, INC.",hhg_interstate_carrier,
CANDIDATE,1900008,jiffy-transportation-company,usdot-1900008,683726,JIFFY TRANSPORTATION COMPANY,JIFFY TRANSPORTATION COMPANY,hhg_interstate_carrier,
CANDIDATE,1904593,jr-delivery-service-llc,usdot-1904593,683837,JUBER A RIVERA,JR DELIVERY SERVICE LLC,hhg_interstate_carrier,
CANDIDATE,1908772,standley-st-cyr,usdot-1908772,1308841,STANDLEY ST-CYR,STANDLEY ST-CYR,hhg_interstate_carrier,
CANDIDATE,1909844,dan-the-moving-man,usdot-1909844,697915,REX ROBINSON ENTERPRISES LLC,DAN THE MOVING MAN,hhg_interstate_carrier,
CANDIDATE,1913548,phillips,usdot-1913548,685736,PHILLIPS AUCTIONEERS LLC,PHILLIPS,hhg_interstate_carrier,
CANDIDATE,1915698,efficient-moving-services-llc,usdot-1915698,872324,EFFICIENT MOVING SERVICES LLC,EFFICIENT MOVING SERVICES LLC,hhg_interstate_carrier,
CANDIDATE,1917064,aztec-moving-company-inc,usdot-1917064,197484,"AZTEC MOVING COMPANY, INC","AZTEC MOVING COMPANY, INC",hhg_interstate_carrier,
CANDIDATE,1917317,ballantyne-beyond-moving,usdot-1917317,686659,KENNETH JAMES SCALLIONS,BALLANTYNE & BEYOND MOVING,hhg_interstate_carrier,
CANDIDATE,1917883,payless-moving-inc,usdot-1917883,687415,PAYLESS MOVING INC,PAYLESS MOVING INC,hhg_interstate_carrier,
CANDIDATE,1918644,shu-clean-inc,usdot-1918644,887282,SHU CLEAN INC,SHU CLEAN INC,hhg_interstate_carrier,
CANDIDATE,1919015,lms-transport,usdot-1919015,926727,LMS TRANSPORT,LMS TRANSPORT,hhg_interstate_carrier,
CANDIDATE,1927818,servpro-of-dav-bett-moline-rock-island,usdot-1927818,689109,M&C INC,SERVPRO OF DAV BETT MOLINE ROCK ISLAND,hhg_interstate_carrier,
CANDIDATE,1930830,allen-and-marshall-auctioneers-appraisers-llc,usdot-1930830,930956,ALLEN AND MARSHALL AUCTIONEERS & APPRAISERS LLC,ALLEN AND MARSHALL AUCTIONEERS & APPRAISERS LLC,hhg_interstate_carrier,
CANDIDATE,1934023,can-t-stop-moving-llc,usdot-1934023,892741,CAN'T STOP MOVING LLC,CAN'T STOP MOVING LLC,hhg_interstate_carrier,
CANDIDATE,1938387,hanseatic-moving-services-llc,usdot-1938387,692345,HANSEATIC MOVING SERVICES LLC,HANSEATIC MOVING SERVICES LLC,hhg_interstate_carrier,
CANDIDATE,1939459,apache-moving-storage,usdot-1939459,1796685,APACHE MOVING & STORAGE LLC,APACHE MOVING & STORAGE,hhg_interstate_carrier,
CANDIDATE,1941415,moved-by-love-transport-llc,usdot-1941415,860540,MOVED BY LOVE TRANSPORT LLC,MOVED BY LOVE TRANSPORT LLC,hhg_interstate_carrier,
CANDIDATE,1943393,apple-moving-usdot-1943393,usdot-1943393,1137178,TRAVIS MOVING AND STORAGE INC,APPLE MOVING,hhg_interstate_carrier,
CANDIDATE,1943394,simmons-amerimove,usdot-1943394,928422,SIMMONS MOVING AND STORAGE INC,SIMMONS AMERIMOVE,hhg_interstate_carrier,
CANDIDATE,1943964,a-moveable-feat-inc,usdot-1943964,692261,A MOVEABLE FEAT INC,A MOVEABLE FEAT INC,hhg_interstate_carrier,
CANDIDATE,1945892,premier-moving,usdot-1945892,833432,RAIDER CAMPBELL INC,PREMIER MOVING,hhg_interstate_carrier,
CANDIDATE,1945981,go-minis-usdot-1945981,usdot-1945981,692567,MASSACHUSETTS MOBILE STORAGE,GO MINIS,hhg_interstate_carrier,
CANDIDATE,1947308,executive-int-l-van-storage-inc,usdot-1947308,482460,EXECUTIVE INT'L VAN & STORAGE INC.,EXECUTIVE INT'L VAN & STORAGE INC.,hhg_interstate_carrier,
CANDIDATE,1948559,eja-services,usdot-1948559,907304,EJA SERVICES INC,EJA SERVICES,hhg_interstate_carrier,
CANDIDATE,1948706,lincoln-storage-warehouses-llc,usdot-1948706,693010,LINCOLN STORAGE WAREHOUSES LLC,LINCOLN STORAGE WAREHOUSES LLC,hhg_interstate_carrier,
CANDIDATE,1949168,h-moving-and-storage-inc,usdot-1949168,190078,H MOVING AND STORAGE INC,H MOVING AND STORAGE INC,hhg_interstate_carrier,
CANDIDATE,1951425,unique-van-lines-inc,usdot-1951425,693469,UNIQUE VAN LINES INC,UNIQUE VAN LINES INC,hhg_interstate_carrier,
CANDIDATE,1953681,mobile-on-demand-storage-llc,usdot-1953681,699614,"MOBILE ON DEMAND STORAGE, LLC","MOBILE ON DEMAND STORAGE, LLC",hhg_interstate_carrier,
CANDIDATE,1953773,macs-moving-acquisition-inc,usdot-1953773,693976,MACS MOVING ACQUISITION INC,MACS MOVING ACQUISITION INC,hhg_interstate_carrier,
CANDIDATE,1954203,hmr-transport-inc,usdot-1954203,8353,HMR TRANSPORT INC,HMR TRANSPORT INC,hhg_interstate_carrier,
CANDIDATE,1956864,one-stop-moving-storage-inc,usdot-1956864,694565,ONE STOP MOVING & STORAGE INC,ONE STOP MOVING & STORAGE INC,hhg_interstate_carrier,
CANDIDATE,1961790,ponte-vedra-movers,usdot-1961790,695536,TIMOTHY J JOHNSON,PONTE VEDRA MOVERS,hhg_interstate_carrier,
CANDIDATE,1962085,seaport-moving-storage,usdot-1962085,695595,JORDAN RIVER MOVERS LLC,SEAPORT MOVING & STORAGE,hhg_interstate_carrier,
CANDIDATE,1967597,guy-moving-corporation,usdot-1967597,696812,GUY MOVING CORPORATION,GUY MOVING CORPORATION,hhg_interstate_carrier,
CANDIDATE,1969295,marie-s-movers,usdot-1969295,748487,"JAMES ANCTIL, LLC",MARIE'S MOVERS,hhg_interstate_carrier,
CANDIDATE,1970199,mebs-global-reach-lc,usdot-1970199,697412,MEBS GLOBAL REACH LC,MEBS GLOBAL REACH LC,hhg_broker hhg_interstate_carrier,
CANDIDATE,1971286,piece-by-piece-movers,usdot-1971286,697653,PIECE BY PIECE MOVERS LLC,PIECE BY PIECE MOVERS,hhg_interstate_carrier,
CANDIDATE,1972158,movher-llc,usdot-1972158,725761,MOVHER LLC,MOVHER LLC,hhg_interstate_carrier,
CANDIDATE,1972888,artisan-shipping-company-inc,usdot-1972888,698040,"ARTISAN SHIPPING COMPANY, INC.","ARTISAN SHIPPING COMPANY, INC.",hhg_interstate_carrier,
CANDIDATE,1974904,army-ant-moving-llc,usdot-1974904,698546,ARMY ANT MOVING LLC,ARMY ANT MOVING LLC,hhg_interstate_carrier,
CANDIDATE,1975238,college-hunks-hauling-junk-usdot-1975238,usdot-1975238,843397,R PANITCH ENTERPRISES INC,COLLEGE HUNKS HAULING JUNK,hhg_interstate_carrier,
CANDIDATE,1977019,j-gentle-van-lines,usdot-1977019,878945,JG TRANSPORTATION LLC,J. GENTLE VAN LINES,hhg_interstate_carrier,
CANDIDATE,19779,m-p-santini-inc,usdot-19779,13050,"M.P. SANTINI, INC.","M.P. SANTINI, INC.",hhg_interstate_carrier,
CANDIDATE,1978660,united-transportation-moving-storage,usdot-1978660,699570,ALLWAYS TRANSPORTATION INC,UNITED TRANSPORTATION MOVING & STORAGE,hhg_interstate_carrier,
CANDIDATE,1981385,warriors-moving-llc,usdot-1981385,778582,WARRIORS MOVING LLC,WARRIORS MOVING LLC,hhg_interstate_carrier,
CANDIDATE,1986275,wid-u-logics,usdot-1986275,703050,WID-U LOGICS,WID-U LOGICS,hhg_interstate_carrier,
CANDIDATE,1988942,southeast-van-lines-inc,usdot-1988942,748121,"SOUTHEAST VAN LINES, INC.","SOUTHEAST VAN LINES, INC.",hhg_interstate_carrier,
CANDIDATE,1989988,all-area-moving-and-storage,usdot-1989988,1053223,IN-TO-IT TRANSPORTATION LLC,ALL AREA MOVING AND STORAGE,hhg_interstate_carrier,
CANDIDATE,1991298,apple-moving-usdot-1991298,usdot-1991298,1157545,CAMPBELL MOVING AND STORAGE INC,APPLE MOVING,hhg_interstate_carrier,
CANDIDATE,1992926,bunker-hill-moving-company-inc,usdot-1992926,708107,BUNKER HILL MOVING COMPANY INC,BUNKER HILL MOVING COMPANY INC,hhg_interstate_carrier,
CANDIDATE,1995252,lido-van-storage-co-inc,usdot-1995252,704410,"LIDO VAN & STORAGE CO., INC.","LIDO VAN & STORAGE CO., INC.",hhg_interstate_carrier,
CANDIDATE,1995595,summit-movers-inc,usdot-1995595,706025,SUMMIT MOVERS INC,SUMMIT MOVERS INC,hhg_interstate_carrier,
CANDIDATE,1997514,dustin-s-transport,usdot-1997514,705936,DUSTIN BOYD GORZYNSKI,DUSTIN'S TRANSPORT,hhg_interstate_carrier,
CANDIDATE,2002077,a-1-bestway-inc,usdot-2002077,706765,A 1 BESTWAY INC,A 1 BESTWAY INC,hhg_interstate_carrier,
CANDIDATE,2002246,clp,usdot-2002246,706812,"CLP TRANSPORT SERVICES, LLC",CLP,hhg_interstate_carrier,
CANDIDATE,2002583,ra-movers-llc,usdot-2002583,706884,RA MOVERS LLC,RA MOVERS LLC,hhg_interstate_carrier,
CANDIDATE,2003758,caesar-van-lines-inc,usdot-2003758,707164,CAESAR VAN LINES INC,CAESAR VAN LINES INC,hhg_interstate_carrier,
CANDIDATE,2005212,bookstore-movers-llc,usdot-2005212,707471,BOOKSTORE MOVERS LLC,BOOKSTORE MOVERS LLC,hhg_interstate_carrier,
CANDIDATE,2010229,modern-moving-and-storage,usdot-2010229,715135,A&M MOSCA INC,MODERN MOVING AND STORAGE,hhg_interstate_carrier,
CANDIDATE,20106,andrews-van-lines-inc,usdot-20106,26825,"ANDREWS VAN LINES, INC.","ANDREWS VAN LINES, INC.",hhg_broker hhg_interstate_carrier,
CANDIDATE,2011837,integrity-movers-llc,usdot-2011837,1585917,INTEGRITY MOVERS LLC,INTEGRITY MOVERS LLC,hhg_interstate_carrier,
CANDIDATE,2014393,two-men-and-a-truck-usdot-2014393,usdot-2014393,709581,DESTINY SERVICES INC,TWO MEN AND A TRUCK,hhg_interstate_carrier,
CANDIDATE,2015288,m-m-moving-co,usdot-2015288,709686,"M&M MOVING, CO.","M&M MOVING, CO.",hhg_interstate_carrier,
CANDIDATE,2015667,moving-and-delivery,usdot-2015667,109066,ZHONG LIN YE,MOVING AND DELIVERY,hhg_interstate_carrier,
CANDIDATE,2016322,source-1-inc,usdot-2016322,709914,SOURCE 1 INC,SOURCE 1 INC,hhg_interstate_carrier,
CANDIDATE,2017857,two-men-and-a-truck-usdot-2017857,usdot-2017857,710252,TMT CHICAGOLAND LLC,TWO MEN AND A TRUCK,hhg_interstate_carrier,
CANDIDATE,2018436,diaz-transportation-services-inc,usdot-2018436,710421,DIAZ TRANSPORTATION SERVICES INC.,DIAZ TRANSPORTATION SERVICES INC.,hhg_interstate_carrier,
CANDIDATE,2020025,jose-yeb-associates,usdot-2020025,759027,JOSE YEB,JOSE YEB & ASSOCIATES,hhg_interstate_carrier,
CANDIDATE,2022408,brockstar-moving-services-llc,usdot-2022408,962557,"BROCKSTAR MOVING SERVICES, LLC","BROCKSTAR MOVING SERVICES, LLC",hhg_interstate_carrier,
CANDIDATE,2023330,a-accurate-moving-company,usdot-2023330,711569,R13 INC,A-ACCURATE MOVING COMPANY,hhg_interstate_carrier,
CANDIDATE,2025900,get-there-llc,usdot-2025900,712172,GET THERE LLC,GET THERE LLC,hhg_interstate_carrier,
CANDIDATE,2026233,rounds-relocations,usdot-2026233,712269,LYNN ROUNDS SKILLMAN,ROUNDS RELOCATIONS,hhg_interstate_carrier,
CANDIDATE,2028429,moving-connections-carnections-auto-transport,usdot-2028429,536196,"SHIPPING CONNECTION, INC.",MOVING CONNECTIONS & CARNECTIONS AUTO TRANSPORT,hhg_broker hhg_interstate_carrier,
CANDIDATE,2028718,slager-appliances,usdot-2028718,1754363,SLAGER APPLIANCES,SLAGER APPLIANCES,hhg_interstate_carrier,
CANDIDATE,2032816,winter-moving-and-storage,usdot-2032816,716188,WINTER MOVING INC,WINTER MOVING AND STORAGE,hhg_interstate_carrier,
CANDIDATE,2033183,arrow-moving-storage-of-lawton-inc,usdot-2033183,713912,ARROW MOVING & STORAGE OF LAWTON INC,ARROW MOVING & STORAGE OF LAWTON INC,hhg_interstate_carrier,
CANDIDATE,2033191,bonanza-van-lines-of-lawton-inc,usdot-2033191,713913,BONANZA VAN LINES OF LAWTON INC.,BONANZA VAN LINES OF LAWTON INC.,hhg_interstate_carrier,
CANDIDATE,2034801,wildcat-movers-llc,usdot-2034801,961527,"WILDCAT MOVERS, LLC","WILDCAT MOVERS, LLC",hhg_interstate_carrier,
CANDIDATE,2036746,rojas-trucking,usdot-2036746,715591,LUIS ROJAS,ROJAS TRUCKING,hhg_interstate_carrier,
CANDIDATE,2038052,element-moving-and-storage,usdot-2038052,715198,ELEMENT MOVING AND STORAGE LLC,ELEMENT MOVING AND STORAGE,hhg_interstate_carrier,
CANDIDATE,2041911,great-job-moving-and-storage,usdot-2041911,717005,G&J MOVING LLC,GREAT JOB MOVING AND STORAGE,hhg_interstate_carrier,
CANDIDATE,2045382,swiftway-services-llc,usdot-2045382,716991,SWIFTWAY SERVICES LLC,SWIFTWAY SERVICES LLC,hhg_interstate_carrier,
CANDIDATE,2046404,danthemover,usdot-2046404,719190,MULHERN'S MOVING INC.,DANTHEMOVER,hhg_interstate_carrier,
CANDIDATE,2047578,express-van-line,usdot-2047578,715767,BLEUS PARADISE LLC,EXPRESS VAN LINE,hhg_interstate_carrier,
CANDIDATE,2048293,move-it-now,usdot-2048293,717753,KGH LLC,MOVE IT NOW,hhg_interstate_carrier,
CANDIDATE,2048484,freedom-delivery,usdot-2048484,720879,ALBERTO CURIEL,FREEDOM DELIVERY,hhg_interstate_carrier,
CANDIDATE,2050055,a-jones-trucking,usdot-2050055,715590,ALICE JONES,A. JONES TRUCKING,hhg_interstate_carrier,
CANDIDATE,2050969,movestar-inc,usdot-2050969,819873,MOVESTAR INC,MOVESTAR INC,hhg_interstate_carrier,
CANDIDATE,2052864,overseas-moving-specialists-inc,usdot-2052864,718931,OVERSEAS MOVING SPECIALISTS INC,OVERSEAS MOVING SPECIALISTS INC,hhg_interstate_carrier,
CANDIDATE,2053077,indian-river-van-lines,usdot-2053077,723351,MOVIT LLC,INDIAN RIVER VAN LINES,hhg_interstate_carrier,
CANDIDATE,2053312,mvd-movers-llc,usdot-2053312,719046,MVD MOVERS LLC,MVD MOVERS LLC,hhg_interstate_carrier,
CANDIDATE,2054122,two-men-and-a-truck-usdot-2054122,usdot-2054122,855364,KMB TRANSPORTATION LLC,TWO MEN AND A TRUCK,hhg_interstate_carrier,
CANDIDATE,2059049,pensacola-moving-storage-llc,usdot-2059049,1010393,"PENSACOLA MOVING & STORAGE, LLC","PENSACOLA MOVING & STORAGE, LLC",hhg_interstate_carrier,
CANDIDATE,2060974,roosevelt-moving-llc,usdot-2060974,721651,ROOSEVELT MOVING LLC,ROOSEVELT MOVING LLC,hhg_interstate_carrier,
CANDIDATE,2063468,fidelity-transportation-inc,usdot-2063468,2111,FIDELITY TRANSPORTATION INC,FIDELITY TRANSPORTATION INC,hhg_interstate_carrier,
CANDIDATE,2063932,s-c-movers-inc,usdot-2063932,721935,S & C MOVERS INC,S & C MOVERS INC,hhg_interstate_carrier,
CANDIDATE,2064260,pinehurst-moving-storage-inc,usdot-2064260,722028,PINEHURST MOVING & STORAGE INC,PINEHURST MOVING & STORAGE INC,hhg_interstate_carrier,
CANDIDATE,2067172,moving-unlimited-moving-and-storage-inc,usdot-2067172,722804,MOVING UNLIMITED MOVING AND STORAGE INC.,MOVING UNLIMITED MOVING AND STORAGE INC.,hhg_interstate_carrier,
CANDIDATE,2068201,moorhouse-movers,usdot-2068201,725590,MOORHOUSE ENTERPRISES INCORPORATED,MOORHOUSE MOVERS,hhg_interstate_carrier,
CANDIDATE,2068775,arl-transportation-llc,usdot-2068775,723227,ARL TRANSPORTATION LLC,ARL TRANSPORTATION LLC,hhg_interstate_carrier,
CANDIDATE,2071198,bb-d-moving-services,usdot-2071198,723888,BB&D TRANSPORTATION LLC,BB&D MOVING SERVICES,hhg_interstate_carrier,
CANDIDATE,2071964,college-hunks-hauling-junk-usdot-2071964,usdot-2071964,14116,JCAL HOLDINGS LLC,COLLEGE HUNKS HAULING JUNK,hhg_interstate_carrier,
CANDIDATE,2072399,de-la-cruz-monkis,usdot-2072399,724216,MARIANO S DE LA CRUZ,DE LA CRUZ MONKIS,hhg_interstate_carrier,
CANDIDATE,207292,park-moving-storage-co-inc,usdot-207292,146929,"PARK MOVING & STORAGE CO., INC.","PARK MOVING & STORAGE CO., INC.",hhg_interstate_carrier,
CANDIDATE,2073083,xcellent-movers,usdot-2073083,724406,EMG ASSOCIATES INC,XCELLENT MOVERS,hhg_interstate_carrier,
CANDIDATE,207408,moveman,usdot-207408,160006,NATHANIEL C. WILLIS JR.,MOVEMAN,hhg_interstate_carrier,
CANDIDATE,2074206,xpress-transportation-llc,usdot-2074206,724717,XPRESS TRANSPORTATION LLC,XPRESS TRANSPORTATION LLC,hhg_interstate_carrier,
CANDIDATE,2074992,123-moving-and-storage-llc,usdot-2074992,724904,123 MOVING AND STORAGE LLC,123 MOVING AND STORAGE LLC,hhg_interstate_carrier,
CANDIDATE,2076068,checkmate-moving-storage,usdot-2076068,1086352,CHECKMATE MOVING & STORAGE,CHECKMATE MOVING & STORAGE,hhg_interstate_carrier,
CANDIDATE,2080182,relo-van-lines-llc,usdot-2080182,726304,RELO VAN LINES LLC,RELO VAN LINES LLC,hhg_interstate_carrier,
CANDIDATE,2081144,drift-corporation,usdot-2081144,812868,DRIFT CORPORATION,DRIFT CORPORATION,hhg_interstate_carrier,
CANDIDATE,2082299,dickens-services,usdot-2082299,21669,DICKENS' SERVICES LLC,DICKENS' SERVICES,hhg_interstate_carrier,
CANDIDATE,2083365,adept-transport-inc,usdot-2083365,727800,ADEPT TRANSPORT INC,ADEPT TRANSPORT INC,hhg_interstate_carrier,
CANDIDATE,208399,tomar-inc,usdot-208399,160609,"TOMAR, INC.","TOMAR, INC.",hhg_interstate_carrier,
CANDIDATE,2085690,risen-enterprise-llc,usdot-2085690,1546907,RISEN ENTERPRISE LLC,RISEN ENTERPRISE LLC,hhg_interstate_carrier,
CANDIDATE,2087504,hudson-river-moving-storage-llc,usdot-2087504,728458,HUDSON RIVER MOVING & STORAGE LLC,HUDSON RIVER MOVING & STORAGE LLC,hhg_interstate_carrier,
CANDIDATE,2090727,innovative-installations-inc,usdot-2090727,744868,INNOVATIVE INSTALLATIONS INC,INNOVATIVE INSTALLATIONS INC,hhg_interstate_carrier,
CANDIDATE,2091334,sea-s-moving,usdot-2091334,791319,STEVEN E ARNOLD,SEA'S MOVING,hhg_interstate_carrier,
CANDIDATE,209156,marine-freight-company,usdot-209156,184526,LOCUST POINT TERMINAL CORPORATION,MARINE FREIGHT COMPANY,hhg_interstate_carrier,
CANDIDATE,209169,o-k-moving-storage-co-of-maryland-inc,usdot-209169,20337,"O. K. MOVING & STORAGE CO. OF MARYLAND, INC.","O. K. MOVING & STORAGE CO. OF MARYLAND, INC.",hhg_interstate_carrier,
CANDIDATE,2091898,krupp-moving-and-storage-llc,usdot-2091898,729746,"KRUPP MOVING AND STORAGE, LLC","KRUPP MOVING AND STORAGE, LLC",hhg_interstate_carrier,
CANDIDATE,2091997,admiral-van-storage-inc,usdot-2091997,729774,ADMIRAL VAN & STORAGE INC,ADMIRAL VAN & STORAGE INC,hhg_interstate_carrier,
CANDIDATE,2092283,brava-lace-embroidery-corp,usdot-2092283,1633211,BRAVA LACE & EMBROIDERY CORP,BRAVA LACE & EMBROIDERY CORP,hhg_interstate_carrier,
CANDIDATE,2093104,consolidated-van-storage-company-inc,usdot-2093104,730138,CONSOLIDATED VAN & STORAGE COMPANY INC,CONSOLIDATED VAN & STORAGE COMPANY INC,hhg_interstate_carrier,
CANDIDATE,20951,diehl-moving-storage-inc,usdot-20951,14304,"DIEHL MOVING & STORAGE, INC.","DIEHL MOVING & STORAGE, INC.",hhg_interstate_carrier,
CANDIDATE,2097824,expert-movers-llc,usdot-2097824,731755,EXPERT MOVERS LLC,EXPERT MOVERS LLC,hhg_interstate_carrier,
CANDIDATE,2098478,two-men-and-a-truck-0297,usdot-2098478,731991,AN3 TRANSPORT LLC,TWO MEN AND A TRUCK-0297,hhg_interstate_carrier,
CANDIDATE,2098500,everyday-moving-storage-llc,usdot-2098500,732001,"EVERYDAY MOVING & STORAGE, LLC","EVERYDAY MOVING & STORAGE, LLC",hhg_interstate_carrier,
CANDIDATE,2098635,gomez-construction-llc,usdot-2098635,734304,GOMEZ CONSTRUCTION LLC,GOMEZ CONSTRUCTION LLC,hhg_interstate_carrier,
CANDIDATE,2099102,jim-fahey-moving-and-storage-llc,usdot-2099102,732191,JIM FAHEY MOVING AND STORAGE LLC,JIM FAHEY MOVING AND STORAGE LLC,hhg_interstate_carrier,
CANDIDATE,210213,the-inland-sea-inc,usdot-210213,149058,THE INLAND SEA INC.,THE INLAND SEA INC.,hhg_interstate_carrier,
CANDIDATE,2102278,m-k-transport-llc,usdot-2102278,733167,M K TRANSPORT LLC,M K TRANSPORT LLC,hhg_interstate_carrier,
CANDIDATE,2106615,northwest-moving-storage-inc,usdot-2106615,734688,NORTHWEST MOVING & STORAGE INC,NORTHWEST MOVING & STORAGE INC,hhg_interstate_carrier,
CANDIDATE,2107290,ungerman,usdot-2107290,955208,UNGERMAN INC.,UNGERMAN,hhg_interstate_carrier,
CANDIDATE,2110041,senior-life-transitions-inc,usdot-2110041,766280,SENIOR LIFE TRANSITIONS INC.,SENIOR LIFE TRANSITIONS INC.,hhg_interstate_carrier,
CANDIDATE,2110929,a-m-moving-storage-llc,usdot-2110929,496622,"A & M MOVING & STORAGE, LLC","A & M MOVING & STORAGE, LLC",hhg_interstate_carrier,
CANDIDATE,2114900,bader-and-olson-cadogan-tate-seattle,usdot-2114900,807519,TREFETHEN & CO LLC,BADER AND OLSON CADOGAN TATE SEATTLE,hhg_interstate_carrier,
CANDIDATE,2116465,quick-move-and-packing,usdot-2116465,1733198,CHAPLIN MOVING CORP,QUICK MOVE AND PACKING,hhg_interstate_carrier,
CANDIDATE,2117707,j-cawley-moving-llc,usdot-2117707,745836,J CAWLEY MOVING LLC,J CAWLEY MOVING LLC,hhg_interstate_carrier,
CANDIDATE,2118054,platinum-services-group-inc,usdot-2118054,738240,PLATINUM SERVICES GROUP INC,PLATINUM SERVICES GROUP INC,hhg_broker hhg_interstate_carrier,
CANDIDATE,2118792,main-street-movers-inc,usdot-2118792,774371,MAIN STREET MOVERS INC,MAIN STREET MOVERS INC,hhg_interstate_carrier,
CANDIDATE,2119407,shells4you-llc,usdot-2119407,738691,SHELLS4YOU LLC,SHELLS4YOU LLC,hhg_interstate_carrier,
CANDIDATE,2119975,unlimited-moving-out-of-state-moves-only,usdot-2119975,764907,UNLIMITED MOVING LLC,UNLIMITED MOVING OUT OF STATE MOVES ONLY,hhg_interstate_carrier,
CANDIDATE,2126264,hughesville-raceway-mobile-storage,usdot-2126264,881970,HUGHESVILLE RACEWAY SELF STORAGE LLC,HUGHESVILLE RACEWAY MOBILE STORAGE,hhg_interstate_carrier,
CANDIDATE,2126287,two-men-and-a-truck-usdot-2126287,usdot-2126287,740818,PEAK 14 MOVING LLC,TWO MEN AND A TRUCK,hhg_interstate_carrier,
CANDIDATE,212818,aaction-movers,usdot-212818,228559,"ASP, INC",AACTION MOVERS,hhg_interstate_carrier,
CANDIDATE,2128412,storagetransit,usdot-2128412,741455,CAVLOGIX CORPORATION,STORAGETRANSIT,hhg_interstate_carrier,
CANDIDATE,2128419,moving-101-llc,usdot-2128419,741451,MOVING 101 LLC,MOVING 101 LLC,hhg_interstate_carrier,
CANDIDATE,2132766,copperstate-moving-llc,usdot-2132766,795339,COPPERSTATE MOVING LLC,COPPERSTATE MOVING LLC,hhg_interstate_carrier,
CANDIDATE,2133591,e-n-transortation-llc,usdot-2133591,743047,SAMIR SAM VEZIROVIC,E&N TRANSORTATION LLC,hhg_interstate_carrier,
CANDIDATE,2134092,fox-mt-inc,usdot-2134092,743195,FOX MT INC,FOX MT INC,hhg_interstate_carrier,
CANDIDATE,213414,berea-moving-storage-company-inc,usdot-213414,161128,"BEREA MOVING & STORAGE COMPANY, INC.","BEREA MOVING & STORAGE COMPANY, INC.",hhg_interstate_carrier,
CANDIDATE,2134415,mihai-goaga,usdot-2134415,743284,MIHAI GOAGA,MIHAI GOAGA,hhg_interstate_carrier,
CANDIDATE,2137906,sterling-corporation,usdot-2137906,219181,STERLING CORPORATION,STERLING CORPORATION,hhg_broker hhg_interstate_carrier,
CANDIDATE,2138988,delpro-llc,usdot-2138988,744580,DELPRO LLC,DELPRO LLC,hhg_interstate_carrier,
CANDIDATE,2139019,leighton-transportation-services-inc,usdot-2139019,744920,"LEIGHTON TRANSPORTATION SERVICES, INC.","LEIGHTON TRANSPORTATION SERVICES, INC.",hhg_interstate_carrier,
CANDIDATE,2139244,puma-van-lines-llc,usdot-2139244,744605,PUMA VAN LINES LLC,PUMA VAN LINES LLC,hhg_interstate_carrier,
CANDIDATE,2143013,us-border-movers,usdot-2143013,745660,SUNWAY ENTERPRISES LLC,US BORDER MOVERS,hhg_interstate_carrier,
CANDIDATE,214717,towne-van-lines-inc,usdot-214717,33500,"TOWNE VAN LINES, INC.","TOWNE VAN LINES, INC.",hhg_interstate_carrier,
CANDIDATE,2147413,c-s-moving-inc,usdot-2147413,746909,"C & S MOVING, INC.","C & S MOVING, INC.",hhg_interstate_carrier,
CANDIDATE,2150110,michelle-s-piano-moving-and-services-company,usdot-2150110,747693,MICHELLE'S PIANO MOVING AND SERVICES COMPANY,MICHELLE'S PIANO MOVING AND SERVICES COMPANY,hhg_interstate_carrier,
CANDIDATE,2150739,ready-set-movers,usdot-2150739,756179,READY SET MOVERS LLC,READY SET MOVERS,hhg_interstate_carrier,
CANDIDATE,2153459,rainier-delivery-rainbow-movers,usdot-2153459,1061970,PAVEL S FILON,RAINIER DELIVERY RAINBOW MOVERS,hhg_interstate_carrier,
CANDIDATE,2154012,richards-junk-solution-moving,usdot-2154012,1010615,RICHARD DIMANCHE,RICHARDS JUNK SOLUTION & MOVING,hhg_interstate_carrier,
CANDIDATE,2155079,ironworks-speed-kustom-llc,usdot-2155079,749214,IRONWORKS SPEED & KUSTOM LLC,IRONWORKS SPEED & KUSTOM LLC,hhg_interstate_carrier,
CANDIDATE,2155141,alvareze99-transportation,usdot-2155141,749239,EDGAR ALVAREZ,ALVAREZE99 TRANSPORTATION,hhg_interstate_carrier,
CANDIDATE,215569,safety-moving-storage-inc,usdot-215569,160202,"SAFETY MOVING & STORAGE, INC.","SAFETY MOVING & STORAGE, INC.",hhg_interstate_carrier,
CANDIDATE,2159248,smart-transport-service,usdot-2159248,750466,SHERRY L. MARTIN,SMART TRANSPORT SERVICE,hhg_interstate_carrier,
CANDIDATE,2160156,apollo-strong-moving-company,usdot-2160156,944720,TERENCE BALLOU,APOLLO STRONG MOVING COMPANY,hhg_interstate_carrier,
CANDIDATE,2162163,east-side-van-storage-co,usdot-2162163,751362,"THE EXTRA MILE, INC.",EAST SIDE VAN & STORAGE CO,hhg_interstate_carrier,
CANDIDATE,2162176,pak-mail-metro-inc,usdot-2162176,1051364,PAK MAIL METRO INC,PAK MAIL METRO INC,hhg_interstate_carrier,
CANDIDATE,2165624,honor-moving-and-storage-inc,usdot-2165624,752437,HONOR MOVING AND STORAGE INC,HONOR MOVING AND STORAGE INC,hhg_interstate_carrier,
CANDIDATE,2166459,maya-van-lines-inc,usdot-2166459,752718,MAYA VAN LINES INC,MAYA VAN LINES INC,hhg_interstate_carrier,
CANDIDATE,216939,landstar-inway-inc,usdot-216939,161864,"LANDSTAR INWAY, INC.","LANDSTAR INWAY, INC.",hhg_interstate_carrier,
CANDIDATE,2170516,emme-moving-inc,usdot-2170516,45000,EMME MOVING INC,EMME MOVING INC,hhg_interstate_carrier,
CANDIDATE,2172780,applewhite-movers-llc,usdot-2172780,754670,APPLEWHITE MOVERS LLC,APPLEWHITE MOVERS LLC,hhg_interstate_carrier,
CANDIDATE,2173383,litemovers-com-llc,usdot-2173383,888055,"LITEMOVERS.COM, LLC","LITEMOVERS.COM, LLC",hhg_interstate_carrier,
CANDIDATE,2173951,sogdiana-van-lines-inc,usdot-2173951,755047,SOGDIANA VAN LINES INC,SOGDIANA VAN LINES INC,hhg_interstate_carrier,
CANDIDATE,2174430,mastodon-moving,usdot-2174430,755234,MASTODON MOVING LLC,MASTODON MOVING,hhg_interstate_carrier,
CANDIDATE,2176401,sky-van-lines-inc,usdot-2176401,757701,SKY VAN LINES INC,SKY VAN LINES INC,hhg_interstate_carrier,
CANDIDATE,2176694,dumond-moving,usdot-2176694,755898,CAP ENTERPRISES INC,DUMOND MOVING,hhg_interstate_carrier,
CANDIDATE,2177516,college-hunks-moving,usdot-2177516,756197,NICKLIANCOS LLC,COLLEGE HUNKS MOVING,hhg_interstate_carrier,
CANDIDATE,2180916,gonzales-moving-and-storage-inc,usdot-2180916,1005940,GONZALES MOVING AND STORAGE INC.,GONZALES MOVING AND STORAGE INC.,hhg_interstate_carrier,
CANDIDATE,2184730,the-monster-movers,usdot-2184730,758528,SHINC BROKERS LLC,THE MONSTER MOVERS,hhg_interstate_carrier,
CANDIDATE,2187518,navis-pack-ship,usdot-2187518,759430,TEN MINAS ENTERPRISE INC,NAVIS PACK & SHIP,hhg_interstate_carrier,
CANDIDATE,2190838,island-cold-storage-llc,usdot-2190838,760358,ISLAND COLD STORAGE LLC,ISLAND COLD STORAGE LLC,hhg_interstate_carrier,
CANDIDATE,2192496,varsity-moving-llc,usdot-2192496,760926,VARSITY MOVING LLC,VARSITY MOVING LLC,hhg_interstate_carrier,
CANDIDATE,2192602,hilton-moving-storage-llc,usdot-2192602,988158,HILTON MOVING & STORAGE LLC,HILTON MOVING & STORAGE LLC,hhg_interstate_carrier,
CANDIDATE,2193249,aces-moving-pros-inc,usdot-2193249,690739,"ACES MOVING PROS, INC.","ACES MOVING PROS, INC.",hhg_interstate_carrier,
CANDIDATE,2194428,la-mudancera-shipping-inc,usdot-2194428,812881,LA MUDANCERA SHIPPING INC,LA MUDANCERA SHIPPING INC,hhg_interstate_carrier,
CANDIDATE,2195286,rinkers-installation-services-inc,usdot-2195286,768412,RINKERS INSTALLATION SERVICES INC,RINKERS INSTALLATION SERVICES INC,hhg_interstate_carrier,
CANDIDATE,2195880,servicemaster-of-allegany-county,usdot-2195880,805346,SFTK INC,SERVICEMASTER OF ALLEGANY COUNTY,hhg_interstate_carrier,
CANDIDATE,2197486,mi-box,usdot-2197486,762577,JUMBO INC,MI-BOX,hhg_interstate_carrier,
CANDIDATE,2198219,united-courier-service,usdot-2198219,900099,"L.Y.M. INTERNATIONAL GROUP (U.S.A.),INC.",UNITED COURIER SERVICE,hhg_interstate_carrier,
CANDIDATE,2200587,all-my-sons-moving-storage-of-louisville,usdot-2200587,764876,"ABLE MOVING & STORAGE COMPANY OF LOUISVILLE, LLC.",ALL MY SONS MOVING & STORAGE OF LOUISVILLE,hhg_interstate_carrier,
CANDIDATE,2201885,aloha-isle-moving-inc,usdot-2201885,764048,ALOHA ISLE MOVING INC,ALOHA ISLE MOVING INC,hhg_interstate_carrier,
CANDIDATE,2202377,golden-rule-delivery,usdot-2202377,764212,DEMOND PETTIT,GOLDEN RULE DELIVERY,hhg_interstate_carrier,
CANDIDATE,2202587,sean-p-gallagher-enterprises-inc,usdot-2202587,764279,SEAN P GALLAGHER ENTERPRISES INC,SEAN P GALLAGHER ENTERPRISES INC,hhg_interstate_carrier,
CANDIDATE,2204901,boomerang,usdot-2204901,765077,"BOOMERANG STORAGE, LLC",BOOMERANG,hhg_interstate_carrier,
CANDIDATE,2206777,anthony-trucking,usdot-2206777,88151,STACY ANTHONY,ANTHONY TRUCKING,hhg_interstate_carrier,
CANDIDATE,2206898,craters-and-freighters-of-indianapolis,usdot-2206898,765752,ADAMANCE,CRATERS AND FREIGHTERS OF INDIANAPOLIS,hhg_interstate_carrier,
CANDIDATE,2211705,rebel-forwarding-inc,usdot-2211705,,"REBEL FORWARDING, INC.","REBEL FORWARDING, INC.",hhg_interstate_carrier,
CANDIDATE,2213722,gateways-international-inc-usdot-2213722,usdot-2213722,,"GATEWAYS INTERNATIONAL, INC.","GATEWAYS INTERNATIONAL, INC.",hhg_interstate_carrier,
CANDIDATE,2215323,computer-transport-international-inc,usdot-2215323,244320,"COMPUTER TRANSPORT INTERNATIONAL, INC.","COMPUTER TRANSPORT INTERNATIONAL, INC.",hhg_interstate_carrier,
CANDIDATE,2217980,aem-inc,usdot-2217980,130882,"AEM, INC.","AEM, INC.",hhg_broker hhg_interstate_carrier,
CANDIDATE,2222243,approved-forwarders-inc,usdot-2222243,,"APPROVED FORWARDERS, INC","APPROVED FORWARDERS, INC",hhg_interstate_carrier,
CANDIDATE,222569,metropolitan-van-storage-inc,usdot-222569,138536,"METROPOLITAN VAN & STORAGE, INC.","METROPOLITAN VAN & STORAGE, INC.",hhg_interstate_carrier,
CANDIDATE,2233920,cartwright-international-van-lines-inc,usdot-2233920,,"CARTWRIGHT INTERNATIONAL VAN LINES, INC.","CARTWRIGHT INTERNATIONAL VAN LINES, INC.",hhg_interstate_carrier,
CANDIDATE,2243793,horizon-van-lines,usdot-2243793,669273,"DAVEDY, LLC",HORIZON VAN LINES,hhg_interstate_carrier,
CANDIDATE,225001,shadowens-moving-and-storage-co-inc,usdot-225001,183427,"SHADOWENS MOVING AND STORAGE CO., INC.","SHADOWENS MOVING AND STORAGE CO., INC.",hhg_interstate_carrier,
CANDIDATE,225115,albert-furniture-company,usdot-225115,164426,ALBERT FURNITURE COMPANY,ALBERT FURNITURE COMPANY,hhg_broker hhg_interstate_carrier,
CANDIDATE,2252338,two-men-and-a-truck-usdot-2252338,usdot-2252338,768382,KLINE LLC,TWO MEN AND A TRUCK,hhg_interstate_carrier,
CANDIDATE,225333,wagner-moving-storage-inc,usdot-225333,107077,"WAGNER MOVING & STORAGE, INC.","WAGNER MOVING & STORAGE, INC.",hhg_interstate_carrier,
CANDIDATE,2254104,bczc-corporation,usdot-2254104,888551,BCZC CORPORATION,BCZC CORPORATION,hhg_interstate_carrier,
CANDIDATE,2254404,inaja-llc,usdot-2254404,769170,INAJA LLC,INAJA LLC,hhg_interstate_carrier,
CANDIDATE,2256641,movers-shakers-worldwide-relocation,usdot-2256641,770046,DB ENTERPRISES INC,MOVERS & SHAKERS WORLDWIDE RELOCATION,hhg_interstate_carrier,
CANDIDATE,2261303,eversafe-moving-co,usdot-2261303,771755,J RIMERIS LLC,EVERSAFE MOVING CO.,hhg_interstate_carrier,
CANDIDATE,2261998,a-minnesota-moving-company-llc,usdot-2261998,772012,A-MINNESOTA MOVING COMPANY LLC,A-MINNESOTA MOVING COMPANY LLC,hhg_interstate_carrier,
CANDIDATE,2262290,ybs-llc,usdot-2262290,901857,YBS LLC,YBS LLC,hhg_interstate_carrier,
CANDIDATE,2263532,j-c-moving-llc,usdot-2263532,1213120,J&C MOVING LLC,J&C MOVING LLC,hhg_interstate_carrier,
CANDIDATE,2264579,rent-a-helper-moving,usdot-2264579,955138,NUMEROUS ENDEAVORS LLC,RENT A HELPER MOVING,hhg_interstate_carrier,
CANDIDATE,2265788,m-k-movers-inc,usdot-2265788,1034563,M.K. MOVERS INC,M.K. MOVERS INC,hhg_interstate_carrier,
CANDIDATE,2267337,matrix-transportation-inc,usdot-2267337,788373,MATRIX TRANSPORTATION INC,MATRIX TRANSPORTATION INC,hhg_broker hhg_interstate_carrier,
CANDIDATE,2267448,moving-u,usdot-2267448,1086305,MOVING U LLC,MOVING U,hhg_interstate_carrier,
CANDIDATE,2270049,sega-transportation-inc,usdot-2270049,775173,SEGA TRANSPORTATION INC,SEGA TRANSPORTATION INC,hhg_interstate_carrier,
CANDIDATE,2270671,higgs-moving-service,usdot-2270671,1579829,WILLIE HIGGS,HIGGS MOVING SERVICE,hhg_interstate_carrier,
CANDIDATE,2271489,boivin-s-transport,usdot-2271489,775717,MAURICE BOIVIN,BOIVIN'S TRANSPORT,hhg_interstate_carrier,
CANDIDATE,2273291,two-men-and-a-truck-usdot-2273291,usdot-2273291,778416,NBF MOVING LLC,TWO MEN AND A TRUCK,hhg_interstate_carrier,
CANDIDATE,2273603,three-star-moving,usdot-2273603,888598,JUAN P PORTUGAL CONTRERAS AND CARLOS PORTUGAL CONTRERAS,THREE STAR MOVING,hhg_interstate_carrier,
CANDIDATE,2275038,moving-proz,usdot-2275038,893937,MOVING PROZ LLC,MOVING PROZ,hhg_interstate_carrier,
CANDIDATE,227636,o-k-forwarding,usdot-227636,164029,"O. K. MOVING & STORAGE CO., INC.",O. K. FORWARDING,hhg_interstate_carrier,
CANDIDATE,2276810,two-men-and-a-truck-new-orleans,usdot-2276810,777754,"WJMB TRANSPORT #1, LLC",TWO MEN AND A TRUCK NEW ORLEANS,hhg_interstate_carrier,
CANDIDATE,2277955,two-men-and-a-truck-usdot-2277955,usdot-2277955,796879,MOVING OZ LLC,TWO MEN AND A TRUCK,hhg_interstate_carrier,
CANDIDATE,2282495,minute-man-movers,usdot-2282495,80644,DAVID R BALDO,MINUTE MAN MOVERS,hhg_interstate_carrier,
CANDIDATE,2282873,majestic-petroleum-services-llc,usdot-2282873,787218,MAJESTIC PETROLEUM SERVICES LLC,MAJESTIC PETROLEUM SERVICES LLC,hhg_interstate_carrier,
CANDIDATE,228634,macro-transport-llc,usdot-228634,362367,MACRO TRANSPORT LLC,MACRO TRANSPORT LLC,hhg_interstate_carrier,
CANDIDATE,2287279,rodeo-moving-llc,usdot-2287279,781186,RODEO MOVING LLC,RODEO MOVING LLC,hhg_interstate_carrier,
CANDIDATE,2288767,r-j-johnson-moving-storage-llc,usdot-2288767,782324,R J JOHNSON MOVING & STORAGE LLC,R J JOHNSON MOVING & STORAGE LLC,hhg_interstate_carrier,
CANDIDATE,22889,arrow-moving-storage-co-inc,usdot-22889,96339,ARROW MOVING & STORAGE CO. INC.,ARROW MOVING & STORAGE CO. INC.,hhg_interstate_carrier,
CANDIDATE,2291921,jon-firestone-electric-llc,usdot-2291921,1067010,JON FIRESTONE ELECTRIC LLC,JON FIRESTONE ELECTRIC LLC,hhg_interstate_carrier,
CANDIDATE,2292338,college-hunks-hauling-junk-usdot-2292338,usdot-2292338,1108815,MANSARI LLC,COLLEGE HUNKS HAULING JUNK,hhg_interstate_carrier,
CANDIDATE,2293175,all-my-sons-moving-storage,usdot-2293175,786789,"KWIK BUT CAREFUL MOVERS OF OMAHA, LLC",ALL MY SONS MOVING & STORAGE,hhg_interstate_carrier,
CANDIDATE,2293832,international-van-lines-inc,usdot-2293832,796971,INTERNATIONAL VAN LINES INC,INTERNATIONAL VAN LINES INC,hhg_interstate_carrier,
CANDIDATE,2294507,around-town-movers,usdot-2294507,783481,"HOMETOWN SERVICES, LLC",AROUND TOWN MOVERS,hhg_interstate_carrier,
CANDIDATE,2294741,chucks-express,usdot-2294741,784657,CHARLES BUTTERY,CHUCKS EXPRESS,hhg_interstate_carrier,
CANDIDATE,2294828,union-fas-inc,usdot-2294828,783645,UNION FAS INC.,UNION FAS INC.,hhg_interstate_carrier,
CANDIDATE,2295684,brown-box-movers,usdot-2295684,943303,CWL SERVICES LLC,BROWN BOX MOVERS,hhg_interstate_carrier,
CANDIDATE,2297448,western-moving-services-inc,usdot-2297448,784490,"WESTERN MOVING SERVICES, INC.","WESTERN MOVING SERVICES, INC.",hhg_interstate_carrier,
CANDIDATE,2298644,haverford-movers-llc,usdot-2298644,784889,HAVERFORD MOVERS LLC,HAVERFORD MOVERS LLC,hhg_interstate_carrier,
CANDIDATE,230034,worldwide-moving-systems,usdot-230034,271035,"A-WHISCO,  INCORPORATED",WORLDWIDE MOVING SYSTEMS,hhg_interstate_carrier,
CANDIDATE,230282,custom-moving-storage-inc,usdot-230282,164025,"CUSTOM MOVING & STORAGE, INC.","CUSTOM MOVING & STORAGE, INC.",hhg_interstate_carrier,
CANDIDATE,2303737,1776-moving-and-storage-inc,usdot-2303737,1202526,1776 MOVING AND STORAGE INC,1776 MOVING AND STORAGE INC,hhg_interstate_carrier,
CANDIDATE,230511,action-moving-services-inc,usdot-230511,241923,"ACTION MOVING SERVICES, INC.","ACTION MOVING SERVICES, INC.",hhg_interstate_carrier,
CANDIDATE,2306227,neatly-moving-storage,usdot-2306227,787354,"CIVIC VAN LINES,INC.",NEATLY MOVING & STORAGE,hhg_interstate_carrier,
CANDIDATE,2306451,rpt-installations,usdot-2306451,787709,UTAH MOVING LLC,RPT INSTALLATIONS,hhg_interstate_carrier,
CANDIDATE,2307258,modern-moving-storage-l-l-c,usdot-2307258,789917,"MODERN MOVING & STORAGE, L.L.C.","MODERN MOVING & STORAGE, L.L.C.",hhg_interstate_carrier,
CANDIDATE,2307524,craters-and-freighters,usdot-2307524,,LASLOS CAPITAL INC,CRATERS AND FREIGHTERS,hhg_interstate_carrier,
CANDIDATE,2308018,budget-movers,usdot-2308018,788722,NCM TRANSPORT INC.,BUDGET MOVERS,hhg_interstate_carrier,
CANDIDATE,230816,randall-moving-storage,usdot-230816,161503,"RANDALL MOVERS, INC.",RANDALL MOVING & STORAGE,hhg_interstate_carrier,
CANDIDATE,2311698,all-my-sons-moving-storage-of-fort-worth,usdot-2311698,790631,"ROBERT'S MOVING, LLC",ALL MY SONS MOVING & STORAGE OF FORT WORTH,hhg_interstate_carrier,
CANDIDATE,2312408,pittsburg-moving,usdot-2312408,804557,SOUTHEAST KANSAS MOVERS INC,PITTSBURG MOVING,hhg_interstate_carrier,
CANDIDATE,2314655,pope-s-moving,usdot-2314655,790204,"CAMPUS CARDBOARD, LLC",POPE'S MOVING,hhg_interstate_carrier,
CANDIDATE,2315604,moving-team-six,usdot-2315604,101725,MOVING TEAM SIX LLC,MOVING TEAM SIX,hhg_interstate_carrier,
CANDIDATE,2317313,redefyne-moving-llc,usdot-2317313,860157,REDEFYNE MOVING LLC,REDEFYNE MOVING LLC,hhg_interstate_carrier,
CANDIDATE,2317432,rnr-moving,usdot-2317432,791111,RNR INDUSTRIES COMPANY,RNR MOVING,hhg_interstate_carrier,
CANDIDATE,2318726,bridgetown-moving-storage,usdot-2318726,7797,BRIDGETOWN MOVING & STORAGE LLC,BRIDGETOWN MOVING & STORAGE,hhg_interstate_carrier,
CANDIDATE,2324231,j-n-moving-llc,usdot-2324231,793434,"J & N MOVING, LLC","J & N MOVING, LLC",hhg_interstate_carrier,
CANDIDATE,2324715,plycool-llc,usdot-2324715,793591,PLYCOOL LLC,PLYCOOL LLC,hhg_interstate_carrier,
CANDIDATE,2327828,atlantic-movers-llc,usdot-2327828,794689,ATLANTIC MOVERS LLC,ATLANTIC MOVERS LLC,hhg_interstate_carrier,
CANDIDATE,2328550,bobadillas-signature-moving-services-llc,usdot-2328550,1101946,BOBADILLAS SIGNATURE MOVING SERVICES LLC,BOBADILLAS SIGNATURE MOVING SERVICES LLC,hhg_interstate_carrier,
CANDIDATE,2330189,tlc-moving-storage,usdot-2330189,795472,FLORIN TODOR,TLC MOVING & STORAGE,hhg_interstate_carrier,
CANDIDATE,2332505,craters-freighters-of-pittsburgh,usdot-2332505,796357,PM4 ENTERPRISES INC,CRATERS & FREIGHTERS OF PITTSBURGH,hhg_broker hhg_interstate_carrier,
CANDIDATE,2335297,two-men-and-a-truck-usdot-2335297,usdot-2335297,797856,BERNS MOVING INC.,TWO MEN AND A TRUCK,hhg_interstate_carrier,
CANDIDATE,2336118,eazy-moving-corp,usdot-2336118,797646,EAZY MOVING CORP,EAZY MOVING CORP,hhg_interstate_carrier,
CANDIDATE,233667,chipman-relocations,usdot-233667,463660,CHIPMAN CORPORATION,CHIPMAN RELOCATIONS,hhg_interstate_carrier,
CANDIDATE,2336792,american-moving-and-delivery,usdot-2336792,852595,GREGORY NOAH CROUCH,AMERICAN MOVING AND DELIVERY,hhg_interstate_carrier,
CANDIDATE,2336860,able-bodied-movers-llc,usdot-2336860,797904,"ABLE BODIED MOVERS, LLC","ABLE BODIED MOVERS, LLC",hhg_interstate_carrier,
CANDIDATE,2338632,panda-van-lines-llc,usdot-2338632,798521,PANDA VAN LINES LLC,PANDA VAN LINES LLC,hhg_interstate_carrier,
CANDIDATE,233952,truckin-movers-corporation,usdot-233952,159007,TRUCKIN' MOVERS CORPORATION,TRUCKIN' MOVERS CORPORATION,hhg_interstate_carrier,
CANDIDATE,2341993,conser-moving-and-storage-of-jacksonville-llc,usdot-2341993,799719,CONSER MOVING AND STORAGE OF JACKSONVILLE LLC,CONSER MOVING AND STORAGE OF JACKSONVILLE LLC,hhg_interstate_carrier,
CANDIDATE,2343242,rea3l-trucking-and-delivery,usdot-2343242,807938,ERIC DEROUEN,REA3L TRUCKING AND DELIVERY,hhg_interstate_carrier,
CANDIDATE,2343985,all-my-sons-moving-storage-of-lexington,usdot-2343985,801934,"KWIK BUT CAREFUL MOVERS OF LEXINGTON, LLC",ALL MY SONS MOVING & STORAGE OF LEXINGTON,hhg_interstate_carrier,
CANDIDATE,2344109,misho-moving-inc,usdot-2344109,801965,MISHO MOVING INC,MISHO MOVING INC,hhg_interstate_carrier,
CANDIDATE,2348040,nomad-van-lines-inc,usdot-2348040,803630,NOMAD VAN LINES INC,NOMAD VAN LINES INC,hhg_interstate_carrier,
CANDIDATE,2353055,pdx-movers-llc,usdot-2353055,869184,PDX MOVERS LLC,PDX MOVERS LLC,hhg_interstate_carrier,
CANDIDATE,2353187,real-moving-llc,usdot-2353187,805773,REAL MOVING LLC,REAL MOVING LLC,hhg_interstate_carrier,
CANDIDATE,2353361,2-brother-s-moving,usdot-2353361,805846,2 BROTHER'S MOVING,2 BROTHER'S MOVING,hhg_interstate_carrier,
CANDIDATE,2354488,teachers-moving-inc,usdot-2354488,174628,TEACHERS MOVING INC.,TEACHERS MOVING INC.,hhg_interstate_carrier,
CANDIDATE,2355991,hawkboyz-moving-llc,usdot-2355991,21646,HAWKBOYZ MOVING LLC,HAWKBOYZ MOVING LLC,hhg_interstate_carrier,
CANDIDATE,2357006,responsible-disposal-services-llc,usdot-2357006,1066901,RESPONSIBLE DISPOSAL SERVICES LLC,RESPONSIBLE DISPOSAL SERVICES LLC,hhg_interstate_carrier,
CANDIDATE,2357505,impress-moving-storage-inc,usdot-2357505,807630,IMPRESS MOVING & STORAGE INC,IMPRESS MOVING & STORAGE INC,hhg_interstate_carrier,
CANDIDATE,2359554,lemus-moving-company-incorporated,usdot-2359554,808497,LEMUS MOVING COMPANY INCORPORATED,LEMUS MOVING COMPANY INCORPORATED,hhg_interstate_carrier,
CANDIDATE,2361651,merchants-moving-llc,usdot-2361651,872523,MERCHANTS MOVING LLC,MERCHANTS MOVING LLC,hhg_interstate_carrier,
CANDIDATE,2361775,fisk-fine-art-services-llc,usdot-2361775,809472,FISK FINE ART SERVICES LLC,FISK FINE ART SERVICES LLC,hhg_interstate_carrier,
CANDIDATE,2361860,truckee-movers-inc,usdot-2361860,823243,"TRUCKEE MOVERS, INC.","TRUCKEE MOVERS, INC.",hhg_interstate_carrier,
CANDIDATE,2363119,addison-forwarding-company,usdot-2363119,810226,"ADDISON MOVING & STORAGE, INC.",ADDISON FORWARDING COMPANY,hhg_broker hhg_interstate_carrier,
CANDIDATE,2363715,brian-forwarding-company-inc,usdot-2363715,810242,"BRIAN FORWARDING COMPANY, INC.","BRIAN FORWARDING COMPANY, INC.",hhg_broker hhg_interstate_carrier,
CANDIDATE,2363751,beck-forwarding-company-inc,usdot-2363751,810254,"BECK FORWARDING COMPANY, INC.","BECK FORWARDING COMPANY, INC.",hhg_broker hhg_interstate_carrier,
CANDIDATE,2363759,jason-forwarding-company-inc,usdot-2363759,810259,"JASON FORWARDING COMPANY, INC.","JASON FORWARDING COMPANY, INC.",hhg_broker hhg_interstate_carrier,
CANDIDATE,2363883,james-forwarding-company-inc,usdot-2363883,810324,"JAMES FORWARDING COMPANY, INC.","JAMES FORWARDING COMPANY, INC.",hhg_broker hhg_interstate_carrier,
CANDIDATE,2363891,justin-forwarding-company-inc,usdot-2363891,810333,"JUSTIN FORWARDING COMPANY, INC.","JUSTIN FORWARDING COMPANY, INC.",hhg_broker hhg_interstate_carrier,
CANDIDATE,2363970,robert-forwarding-company-inc,usdot-2363970,810362,"ROBERT FORWARDING COMPANY, INC.","ROBERT FORWARDING COMPANY, INC.",hhg_broker hhg_interstate_carrier,
CANDIDATE,2364422,richard-forwarding-company,usdot-2364422,810560,"ALBERT MOVING & STORAGE, INC.",RICHARD FORWARDING COMPANY,hhg_broker hhg_interstate_carrier,
CANDIDATE,2366489,portland-movers-co-llc,usdot-2366489,941300,PORTLAND MOVERS CO LLC,PORTLAND MOVERS CO LLC,hhg_interstate_carrier,
CANDIDATE,2367834,reloauthority-inc,usdot-2367834,808926,"RELOAUTHORITY, INC.","RELOAUTHORITY, INC.",hhg_broker hhg_interstate_carrier,
CANDIDATE,2368777,joe-s-speedy-delivery-moving-services,usdot-2368777,812488,JAMES M KEENEY,JOE'S SPEEDY DELIVERY & MOVING SERVICES,hhg_interstate_carrier,
CANDIDATE,2368840,ers-of-sw-chicagoland,usdot-2368840,839978,BFOI LLC,ERS OF SW CHICAGOLAND,hhg_interstate_carrier,
CANDIDATE,2368858,mid-atlantic-moving-storage,usdot-2368858,812522,MKJ ENTERPRISES LLC,MID ATLANTIC MOVING & STORAGE,hhg_interstate_carrier,
CANDIDATE,2369843,two-men-and-a-truck-usdot-2369843,usdot-2369843,812956,7034 LLC,TWO MEN AND A TRUCK,hhg_interstate_carrier,
CANDIDATE,2370807,real-deal-van-lines-inc,usdot-2370807,882349,REAL DEAL VAN LINES INC,REAL DEAL VAN LINES INC,hhg_interstate_carrier,
CANDIDATE,2371561,knowlton-moving-and-storage-corp,usdot-2371561,196257,KNOWLTON MOVING AND STORAGE CORP.,KNOWLTON MOVING AND STORAGE CORP.,hhg_interstate_carrier,
CANDIDATE,2371770,leif-johnson-moving-inc,usdot-2371770,813779,LEIF JOHNSON MOVING INC,LEIF JOHNSON MOVING INC,hhg_interstate_carrier,
CANDIDATE,2372043,coach-usa-moving-and-storage,usdot-2372043,813905,"WE CARE VAN LINES, INC.",COACH USA MOVING AND STORAGE,hhg_interstate_carrier,
CANDIDATE,2372952,knox-addley-art-design-services,usdot-2372952,1280949,KNOX-ADDLEY ART & DESIGN SERVICES,KNOX-ADDLEY ART & DESIGN SERVICES,hhg_interstate_carrier,
CANDIDATE,2375124,matthew-s-nationwide-moving,usdot-2375124,819110,MONEYLAND SERVICES LLC,MATTHEW'S NATIONWIDE MOVING,hhg_interstate_carrier,
CANDIDATE,2375794,across-town-movers,usdot-2375794,148808,HOROY INC,ACROSS TOWN MOVERS,hhg_interstate_carrier,
CANDIDATE,2376241,unalaska-inc,usdot-2376241,828113,UNALASKA INC,UNALASKA INC,hhg_interstate_carrier,
CANDIDATE,2376411,get-moving-storage-llc,usdot-2376411,999684,GET MOVING & STORAGE LLC,GET MOVING & STORAGE LLC,hhg_interstate_carrier,
CANDIDATE,2376754,a-team-moving-and-storage,usdot-2376754,815908,C & N ENTERPRISES INC,A TEAM MOVING AND STORAGE,hhg_interstate_carrier,
CANDIDATE,2378037,keller-moving-and-storage,usdot-2378037,816461,SNJ REALTY CORP,KELLER MOVING AND STORAGE,hhg_interstate_carrier,
CANDIDATE,2378291,bkg-hotshot-llc,usdot-2378291,816558,BKG HOTSHOT LLC,BKG HOTSHOT LLC,hhg_interstate_carrier,
CANDIDATE,2378763,grand-movers,usdot-2378763,816777,88 KEYS LLC,GRAND MOVERS,hhg_interstate_carrier,
CANDIDATE,23809,derosier-storage-company-the,usdot-23809,73502,"DEROSIER STORAGE COMPANY, THE","DEROSIER STORAGE COMPANY, THE",hhg_interstate_carrier,
CANDIDATE,2381310,tim-slabach,usdot-2381310,817849,TIM SLABACH,TIM SLABACH,hhg_interstate_carrier,
CANDIDATE,23845,daley-moving-storage-inc-of-torrington,usdot-23845,127052,"DALEY MOVING & STORAGE, INC OF TORRINGTON","DALEY MOVING & STORAGE, INC OF TORRINGTON",hhg_interstate_carrier,
CANDIDATE,2385157,optimum-moving-llc,usdot-2385157,819474,OPTIMUM MOVING LLC,OPTIMUM MOVING LLC,hhg_interstate_carrier,
CANDIDATE,2385545,atlantic-relocation-systems,usdot-2385545,1007641,"EFFORT ENTERPRISES OF TACOMA, INC",ATLANTIC RELOCATION SYSTEMS,hhg_interstate_carrier,
CANDIDATE,2386699,macs-moving-and-storage,usdot-2386699,820142,MACS MOVING AND STORAGE LLC,MACS MOVING AND STORAGE,hhg_interstate_carrier,
CANDIDATE,23873,reynard-s-express,usdot-23873,62560,TOMAS HASHEM,REYNARD'S EXPRESS,hhg_interstate_carrier,
CANDIDATE,2387611,md-transportation-inc,usdot-2387611,997367,MD TRANSPORTATION INC,MD TRANSPORTATION INC,hhg_interstate_carrier,
CANDIDATE,2388358,you-move-me-portland,usdot-2388358,820850,RBT MOVING LLC,YOU MOVE ME PORTLAND,hhg_interstate_carrier,
CANDIDATE,2391990,dkt-inc,usdot-2391990,826777,"DKT, INC.","DKT, INC.",hhg_interstate_carrier,
CANDIDATE,2393577,dz-moving,usdot-2393577,1540127,DZ MOVING AND STORAGE LLC,DZ MOVING,hhg_interstate_carrier,
CANDIDATE,2394318,tcle-transportation-inc,usdot-2394318,829530,TCLE TRANSPORTATION INC,TCLE TRANSPORTATION INC,hhg_interstate_carrier,
CANDIDATE,2394435,ny-minute-movers-inc,usdot-2394435,14396,NY MINUTE MOVERS INC,NY MINUTE MOVERS INC,hhg_interstate_carrier,
CANDIDATE,2394814,come-and-take-it-moving,usdot-2394814,832177,MAHAN MOVING LLC,COME AND TAKE IT MOVING,hhg_interstate_carrier,
CANDIDATE,239554,westgate-moving-company-inc,usdot-239554,171182,WESTGATE MOVING COMPANY  INC,WESTGATE MOVING COMPANY  INC,hhg_interstate_carrier,
CANDIDATE,2396378,vbo-relo-llc,usdot-2396378,822859,"VBO RELO, LLC","VBO RELO, LLC",hhg_interstate_carrier,
CANDIDATE,2396657,adi-moving,usdot-2396657,824006,EMIR KURTIC,ADI MOVING,hhg_interstate_carrier,
CANDIDATE,2396811,elate-moving-llc,usdot-2396811,824068,ELATE MOVING LLC,ELATE MOVING LLC,hhg_interstate_carrier,
CANDIDATE,2397343,two-men-and-a-truck-usdot-2397343,usdot-2397343,824309,FWH LLC,TWO MEN AND A TRUCK,hhg_interstate_carrier,
CANDIDATE,2398844,dynamic-moving-and-storage-llc,usdot-2398844,824904,DYNAMIC MOVING AND STORAGE LLC,DYNAMIC MOVING AND STORAGE LLC,hhg_interstate_carrier,
CANDIDATE,2402239,prestige-moving-storage-llc,usdot-2402239,828292,PRESTIGE MOVING & STORAGE LLC,PRESTIGE MOVING & STORAGE LLC,hhg_interstate_carrier,
CANDIDATE,2404539,jrmoving-llc,usdot-2404539,827788,JRMOVING LLC,JRMOVING LLC,hhg_interstate_carrier,
CANDIDATE,2405362,on-call-moving-and-storage-corp,usdot-2405362,1327938,ON CALL MOVING AND STORAGE CORP,ON CALL MOVING AND STORAGE CORP,hhg_interstate_carrier,
CANDIDATE,2407374,rhino-relocation,usdot-2407374,828305,BELLERMAN TRANSPORT INC,RHINO RELOCATION,hhg_interstate_carrier,
CANDIDATE,241033,morton-j-lemkau-inc,usdot-241033,95077,"MORTON J. LEMKAU, INC.","MORTON J. LEMKAU, INC.",hhg_interstate_carrier,
CANDIDATE,2415043,paragon-vanlines-inc,usdot-2415043,831366,PARAGON VANLINES INC,PARAGON VANLINES INC,hhg_interstate_carrier,
CANDIDATE,241572,landstar-ranger-inc,usdot-241572,166960,"LANDSTAR RANGER, INC.","LANDSTAR RANGER, INC.",hhg_interstate_carrier,
CANDIDATE,2416564,move-northwest-move-logistix-olympic-move-group,usdot-2416564,135723,NORTHWEST MOVERS LLC,"MOVE NORTHWEST, MOVE LOGISTIX, OLYMPIC MOVE GROUP",hhg_broker hhg_interstate_carrier,
CANDIDATE,2417601,god-s-movers-llc,usdot-2417601,946280,"GOD'S MOVERS, LLC","GOD'S MOVERS, LLC",hhg_interstate_carrier,
CANDIDATE,2418153,orbital-transport-inc,usdot-2418153,832702,ORBITAL TRANSPORT INC,ORBITAL TRANSPORT INC,hhg_interstate_carrier,
CANDIDATE,2420083,north-american-moving-systems,usdot-2420083,833481,G & M MOVING AND STORAGE CORP,NORTH AMERICAN MOVING SYSTEMS,hhg_interstate_carrier,
CANDIDATE,242182,stumpf-moving-storage-co,usdot-242182,170278,STUMPF MOVING & STORAGE CO.,STUMPF MOVING & STORAGE CO.,hhg_interstate_carrier,
CANDIDATE,2422437,monte-legrand-inc,usdot-2422437,838497,MONTE LEGRAND INC,MONTE LEGRAND INC,hhg_interstate_carrier,
CANDIDATE,2422949,warner-m-inc,usdot-2422949,835606,WARNER M INC,WARNER M INC,hhg_interstate_carrier,
CANDIDATE,2423213,two-men-and-a-truck-springfield,usdot-2423213,834777,MPAS MOVING SPRINGFIELD LLC,TWO MEN AND A TRUCK SPRINGFIELD,hhg_interstate_carrier,
CANDIDATE,2426768,navis-pack-ship-11009or,usdot-2426768,836249,NEWELL BUSINESS SERVICES INC,NAVIS PACK & SHIP 11009OR,hhg_interstate_carrier,
CANDIDATE,2427654,porter-moving-company-llc,usdot-2427654,876222,PORTER MOVING COMPANY LLC,PORTER MOVING COMPANY LLC,hhg_interstate_carrier,
CANDIDATE,2428328,h2h-movers-inc,usdot-2428328,836885,H2H MOVERS INC,H2H MOVERS INC,hhg_interstate_carrier,
CANDIDATE,2429833,nuvo-movers-inc,usdot-2429833,837522,NUVO MOVERS INC,NUVO MOVERS INC,hhg_interstate_carrier,
CANDIDATE,2430443,two-men-and-a-truck-richmond-va,usdot-2430443,837779,NBF RICHMOND LLC,TWO MEN AND A TRUCK RICHMOND VA,hhg_interstate_carrier,
CANDIDATE,2430454,two-men-and-a-truck-usdot-2430454,usdot-2430454,837788,TMT SOCAL INC,TWO MEN AND A TRUCK,hhg_interstate_carrier,
CANDIDATE,2430931,scout-products-llc,usdot-2430931,837983,SCOUT PRODUCTS LLC,SCOUT PRODUCTS LLC,hhg_interstate_carrier,
CANDIDATE,2431129,treasure-moving-company-llc,usdot-2431129,847222,"TREASURE MOVING COMPANY, LLC","TREASURE MOVING COMPANY, LLC",hhg_interstate_carrier,
CANDIDATE,2431490,gowagon-packing-and-moving,usdot-2431490,838251,GOWAGON.COM LLC,GOWAGON PACKING AND MOVING,hhg_interstate_carrier,
CANDIDATE,2432048,onsite-services-llc,usdot-2432048,838438,ONSITE SERVICES LLC,ONSITE SERVICES LLC,hhg_interstate_carrier,
CANDIDATE,2433161,two-men-and-a-truck-usdot-2433161,usdot-2433161,839748,TMAAT DENVER METRO LLC,TWO MEN AND A TRUCK,hhg_interstate_carrier,
CANDIDATE,2434871,two-men-and-a-truck-usdot-2434871,usdot-2434871,839569,"BEAUTIFUL PLANET, LLC",TWO MEN AND A TRUCK,hhg_interstate_carrier,
CANDIDATE,2436734,juves-contract-services-llc,usdot-2436734,928904,JUVES CONTRACT SERVICES LLC,JUVES CONTRACT SERVICES LLC,hhg_interstate_carrier,
CANDIDATE,2437445,household-van-lines-inc,usdot-2437445,840601,HOUSEHOLD VAN LINES INC,HOUSEHOLD VAN LINES INC,hhg_interstate_carrier,
CANDIDATE,2437881,craters-freighters-seva,usdot-2437881,840808,STICK FISH INC,CRATERS & FREIGHTERS SEVA,hhg_interstate_carrier,
CANDIDATE,2439112,uovo-art-llc,usdot-2439112,845681,UOVO ART LLC,UOVO ART LLC,hhg_interstate_carrier,
CANDIDATE,2440980,cherish-moving-llc,usdot-2440980,843906,CHERISH MOVING LLC,CHERISH MOVING LLC,hhg_interstate_carrier,
CANDIDATE,2441878,two-men-and-a-truck-north-wayne,usdot-2441878,842431,EMH VENTURE I INC,TWO MEN AND A TRUCK NORTH WAYNE,hhg_interstate_carrier,
CANDIDATE,2442974,a-okay-moving-storage-inc,usdot-2442974,842870,A-OKAY MOVING & STORAGE INC,A-OKAY MOVING & STORAGE INC,hhg_interstate_carrier,
CANDIDATE,2443347,moving-buddies-inc,usdot-2443347,843051,MOVING BUDDIES INC,MOVING BUDDIES INC,hhg_interstate_carrier,
CANDIDATE,2443854,spg-transport-llc,usdot-2443854,1280427,SPG TRANSPORT LLC,SPG TRANSPORT LLC,hhg_interstate_carrier,
CANDIDATE,2445478,cornerstone-moving-storage-llc,usdot-2445478,844963,CORNERSTONE MOVING & STORAGE LLC,CORNERSTONE MOVING & STORAGE LLC,hhg_interstate_carrier,
CANDIDATE,2447423,wg-moving-inc,usdot-2447423,844621,WG MOVING INC,WG MOVING INC,hhg_interstate_carrier,
CANDIDATE,2447939,boston-pack-and-ship,usdot-2447939,838782,NAVILLUS SHIPPING CORP,BOSTON PACK AND SHIP,hhg_interstate_carrier,
CANDIDATE,2448235,dolan-moving-storage-llc,usdot-2448235,844949,DOLAN MOVING & STORAGE LLC,DOLAN MOVING & STORAGE LLC,hhg_interstate_carrier,
CANDIDATE,244848,anchor-moving-systems,usdot-244848,170492,"FORRESTER ENTERPRISES, INC",ANCHOR MOVING SYSTEMS,hhg_interstate_carrier,
CANDIDATE,24490,liberty-movers-inc,usdot-24490,85505,LIBERTY MOVERS INC,LIBERTY MOVERS INC,hhg_interstate_carrier,
CANDIDATE,245021,lynco-movers-inc,usdot-245021,158139,"LYNCO MOVERS, INC.","LYNCO MOVERS, INC.",hhg_interstate_carrier,
CANDIDATE,2451167,navy-seals-moving-llc,usdot-2451167,846153,NAVY SEALS MOVING LLC,NAVY SEALS MOVING LLC,hhg_interstate_carrier,
CANDIDATE,2452878,make-a-move,usdot-2452878,851348,FLETCHER ANNEHEIM DEDICATED SERVICES LLC,MAKE A MOVE,hhg_interstate_carrier,
CANDIDATE,2454984,result-transportation-smt-llc,usdot-2454984,847737,RESULT TRANSPORTATION SMT LLC,RESULT TRANSPORTATION SMT LLC,hhg_interstate_carrier,
CANDIDATE,2455026,affordable-box-company,usdot-2455026,847753,JACOB R KELLER,AFFORDABLE BOX COMPANY,hhg_interstate_carrier,
CANDIDATE,2455035,hoover-the-mover,usdot-2455035,851493,ZITRANS INC,HOOVER THE MOVER,hhg_interstate_carrier,
CANDIDATE,2455558,college-hunks-hauling-junk-college-hunks-moving-usdot-2455558,usdot-2455558,847956,THUNDERSTEALERS LLC,COLLEGE HUNKS HAULING JUNK COLLEGE HUNKS MOVING,hhg_interstate_carrier,
CANDIDATE,2456819,two-men-and-a-truck-usdot-2456819,usdot-2456819,848501,KELTIC COMPANY,TWO MEN AND A TRUCK,hhg_interstate_carrier,
CANDIDATE,2457747,extraordinary-moving-llc,usdot-2457747,848857,EXTRAORDINARY MOVING LLC,EXTRAORDINARY MOVING LLC,hhg_interstate_carrier,
CANDIDATE,2459153,dependable-enterprises-inc,usdot-2459153,849487,DEPENDABLE ENTERPRISES INC,DEPENDABLE ENTERPRISES INC,hhg_interstate_carrier,
CANDIDATE,2459380,speedy-movers,usdot-2459380,441393,"SPEEDY MOVERS, LLC",SPEEDY MOVERS,hhg_interstate_carrier,
CANDIDATE,246074,hernia-movers-inc,usdot-246074,172792,"HERNIA MOVERS, INC.","HERNIA MOVERS, INC.",hhg_interstate_carrier,
CANDIDATE,2460900,rsvp-global-inc,usdot-2460900,850232,RSVP GLOBAL INC,RSVP GLOBAL INC,hhg_interstate_carrier,
CANDIDATE,2463107,terry-s-moving-and-storage-inc,usdot-2463107,851203,TERRY'S MOVING AND STORAGE INC,TERRY'S MOVING AND STORAGE INC,hhg_interstate_carrier,
CANDIDATE,2467624,marblehead-movers-llc,usdot-2467624,858336,MARBLEHEAD MOVERS LLC,MARBLEHEAD MOVERS LLC,hhg_interstate_carrier,
CANDIDATE,2467657,main-street-moving-and-storage,usdot-2467657,853063,ROSEVEAR INC,MAIN STREET MOVING AND STORAGE,hhg_interstate_carrier,
CANDIDATE,2468021,two-men-and-a-truck-rochester-mn,usdot-2468021,861017,BENNETT MOVING LLC,TWO MEN AND A TRUCK ROCHESTER MN,hhg_interstate_carrier,
CANDIDATE,2468154,walks-moving-storage,usdot-2468154,962193,GARY C WALK JR,WALKS MOVING & STORAGE,hhg_interstate_carrier,
CANDIDATE,246845,cako-development-corporation,usdot-246845,466008,CAKO DEVELOPMENT CORPORATION,CAKO DEVELOPMENT CORPORATION,hhg_interstate_carrier,
CANDIDATE,2468651,eduardo-peraza,usdot-2468651,853461,EDUARDO PERAZA,EDUARDO PERAZA,hhg_interstate_carrier,
CANDIDATE,2469938,fast-line,usdot-2469938,876970,MAHMOUD H ELAZAB,FAST LINE,hhg_interstate_carrier,
CANDIDATE,2470432,two-men-and-a-truck-usdot-2470432,usdot-2470432,854168,POTOMAC 370 LLC,TWO MEN AND A TRUCK,hhg_interstate_carrier,
CANDIDATE,2472401,broad-street-movers-llc,usdot-2472401,854978,BROAD STREET MOVERS LLC,BROAD STREET MOVERS LLC,hhg_interstate_carrier,
CANDIDATE,2472492,best-movers,usdot-2472492,855025,ALLSTATE MOVERS LLC,BEST MOVERS,hhg_interstate_carrier,
CANDIDATE,2473555,arko-llp,usdot-2473555,855458,ARKO LLP,ARKO LLP,hhg_interstate_carrier,
CANDIDATE,2473719,moving-house-holds,usdot-2473719,884935,GET MOVING AND STORAGE LLC,MOVING HOUSE HOLDS,hhg_interstate_carrier,
CANDIDATE,2474176,mic-s-moving,usdot-2474176,856657,MIC'S MOVING L.L.C.,MIC'S MOVING,hhg_interstate_carrier,
CANDIDATE,2474617,umbrella-movers,usdot-2474617,1198694,UMBRELLA ENTERPRISES LLC,UMBRELLA MOVERS,hhg_interstate_carrier,
CANDIDATE,2474644,g-p-distributors-llc,usdot-2474644,27570,G & P DISTRIBUTORS LLC,G & P DISTRIBUTORS LLC,hhg_interstate_carrier,
CANDIDATE,2475659,eagle-express-couriers,usdot-2475659,1079907,IFRANKEL LLC,EAGLE EXPRESS COURIERS,hhg_interstate_carrier,
CANDIDATE,247584,planes-moving-storage-inc-usdot-247584,usdot-247584,89700,"PLANES MOVING & STORAGE, INC.","PLANES MOVING & STORAGE, INC.",hhg_interstate_carrier,
CANDIDATE,2476856,two-men-and-a-truck-usdot-2476856,usdot-2476856,856858,LYNNBROOK LLC,TWO MEN AND A TRUCK,hhg_interstate_carrier,
CANDIDATE,2477672,you-move-me-usdot-2477672,usdot-2477672,857177,MCSB MOVING SERVICES LLC,YOU MOVE ME,hhg_interstate_carrier,
CANDIDATE,247771,joyce-van-lines-inc,usdot-247771,169755,"JOYCE VAN LINES, INC.","JOYCE VAN LINES, INC.",hhg_broker hhg_interstate_carrier,
CANDIDATE,2478216,js-moves,usdot-2478216,857416,JEFFREY W SMITH,JS MOVES,hhg_interstate_carrier,
CANDIDATE,2478715,techno-movers-llc,usdot-2478715,939555,TECHNO MOVERS LLC,TECHNO MOVERS LLC,hhg_interstate_carrier,
CANDIDATE,2479554,360-degree-moving,usdot-2479554,857986,360 DEGREE MOVERS LLC,360 DEGREE MOVING,hhg_interstate_carrier,
CANDIDATE,2480490,4-fantastic-llc,usdot-2480490,957995,4 FANTASTIC LLC,4 FANTASTIC LLC,hhg_interstate_carrier,
CANDIDATE,2483255,two-men-and-a-truck-usdot-2483255,usdot-2483255,862591,TEN PLUS ONE INC,TWO MEN AND A TRUCK,hhg_interstate_carrier,
CANDIDATE,2484337,sea-and-air-international-inc,usdot-2484337,40986,SEA AND AIR INTERNATIONAL INC,SEA AND AIR INTERNATIONAL INC,hhg_interstate_carrier,
CANDIDATE,2485834,heirloom-moving-llc,usdot-2485834,864380,HEIRLOOM MOVING LLC,HEIRLOOM MOVING LLC,hhg_interstate_carrier,
CANDIDATE,2487064,simply-moving-llc,usdot-2487064,861120,SIMPLY MOVING LLC,SIMPLY MOVING LLC,hhg_interstate_carrier,
CANDIDATE,2487241,st-james-moving-services-llc,usdot-2487241,869415,ST JAMES MOVING SERVICES LLC,ST JAMES MOVING SERVICES LLC,hhg_interstate_carrier,
CANDIDATE,2487251,skyline-van-lines-inc,usdot-2487251,861176,SKYLINE VAN LINES INC,SKYLINE VAN LINES INC,hhg_interstate_carrier,
CANDIDATE,24880,verity-van-lines-inc,usdot-24880,94992,"VERITY VAN LINES, INC.","VERITY VAN LINES, INC.",hhg_interstate_carrier,
CANDIDATE,248843,total-distribution-inc,usdot-248843,171715,"TOTAL DISTRIBUTION, INC.","TOTAL DISTRIBUTION, INC.",hhg_interstate_carrier,
CANDIDATE,2488928,mt-everest-moving-company-inc,usdot-2488928,861859,"MT. EVEREST MOVING COMPANY, INC.","MT. EVEREST MOVING COMPANY, INC.",hhg_interstate_carrier,
CANDIDATE,2491702,expedite-moving-inc,usdot-2491702,862984,EXPEDITE MOVING INC,EXPEDITE MOVING INC,hhg_interstate_carrier,
CANDIDATE,2491872,appalachian-movers-llc,usdot-2491872,863048,APPALACHIAN MOVERS LLC,APPALACHIAN MOVERS LLC,hhg_interstate_carrier,
CANDIDATE,2492000,transportation-international-movers-inc,usdot-2492000,196461,"TRANSPORTATION INTERNATIONAL MOVERS, INC.","TRANSPORTATION INTERNATIONAL MOVERS, INC.",hhg_interstate_carrier,
CANDIDATE,2493028,two-college-movers,usdot-2493028,887369,AKA CORPORATION INC,TWO COLLEGE MOVERS,hhg_interstate_carrier,
CANDIDATE,2493071,b-d-b-jr-llc,usdot-2493071,871392,B D B JR LLC,B D B JR LLC,hhg_interstate_carrier,
CANDIDATE,2493351,3rd-generation-moving-storage-co,usdot-2493351,1232901,3RD GENERATION MOVING & STORAGE CO,3RD GENERATION MOVING & STORAGE CO,hhg_interstate_carrier,
CANDIDATE,2494122,lg-movers,usdot-2494122,863986,LEO V. GREY,LG MOVERS,hhg_interstate_carrier,
CANDIDATE,2495142,q-z-enterprises-inc,usdot-2495142,905363,Q'Z ENTERPRISES INC.,Q'Z ENTERPRISES INC.,hhg_interstate_carrier,
CANDIDATE,2495294,express247-transport-inc,usdot-2495294,877451,EXPRESS247 TRANSPORT INC,EXPRESS247 TRANSPORT INC,hhg_interstate_carrier,
CANDIDATE,2497272,go-diego-go-services-llc,usdot-2497272,865252,GO DIEGO GO SERVICES LLC,GO DIEGO GO SERVICES LLC,hhg_interstate_carrier,
CANDIDATE,2498325,local-moving-llc,usdot-2498325,991182,JOSEPH JUANDA,LOCAL MOVING LLC,hhg_interstate_carrier,
CANDIDATE,2498608,a-2-a-transport-llc,usdot-2498608,981018,A-2-A TRANSPORT LLC,A-2-A TRANSPORT LLC,hhg_interstate_carrier,
CANDIDATE,2499555,s-b-moving-services-inc,usdot-2499555,866227,S&B MOVING SERVICES INC,S&B MOVING SERVICES INC,hhg_interstate_carrier,
CANDIDATE,2503053,the-movers,usdot-2503053,867656,JOSHUA MCKEE,THE MOVERS,hhg_interstate_carrier,
CANDIDATE,2503186,go-long-transportation-inc,usdot-2503186,867674,GO LONG TRANSPORTATION INC,GO LONG TRANSPORTATION INC,hhg_interstate_carrier,
CANDIDATE,2503634,siteworks-llc,usdot-2503634,89368,SITEWORKS LLC,SITEWORKS LLC,hhg_interstate_carrier,
CANDIDATE,2504993,toda-moving-storage-inc,usdot-2504993,868036,"TODA MOVING & STORAGE, INC.","TODA MOVING & STORAGE, INC.",hhg_interstate_carrier,
CANDIDATE,250592,leek-van-storage-co,usdot-250592,139749,JOSEPH L. LEEK,LEEK VAN & STORAGE CO.,hhg_interstate_carrier,
CANDIDATE,25065,c-r-hamilton-inc,usdot-25065,8338,C. R. HAMILTON INC.,C. R. HAMILTON INC.,hhg_interstate_carrier,
CANDIDATE,2508398,united-national-movers,usdot-2508398,869797,MY ALLSTATE MOVING LLC,UNITED NATIONAL MOVERS,hhg_interstate_carrier,
CANDIDATE,2508433,br-moving-llc,usdot-2508433,869818,BR MOVING LLC,BR MOVING LLC,hhg_interstate_carrier,
CANDIDATE,2509450,most-outstanding-movers,usdot-2509450,870247,MOST OUTSTANDING MOVERS CORP,MOST OUTSTANDING MOVERS,hhg_interstate_carrier,
CANDIDATE,2509804,cc-delivery-services,usdot-2509804,912590,CALDERON INVESTMENTS LLC,CC DELIVERY SERVICES,hhg_interstate_carrier,
CANDIDATE,251538,pullen-moving-company-inc,usdot-251538,165955,"PULLEN MOVING COMPANY, INC.","PULLEN MOVING COMPANY, INC.",hhg_interstate_carrier,
CANDIDATE,2515633,engineered-supply-llc,usdot-2515633,1100071,ENGINEERED SUPPLY LLC,ENGINEERED SUPPLY LLC,hhg_interstate_carrier,
CANDIDATE,251752,ideal-way-movers-incorporated,usdot-251752,155038,IDEAL WAY MOVERS INCORPORATED,IDEAL WAY MOVERS INCORPORATED,hhg_interstate_carrier,
CANDIDATE,2520159,on-time-moving-services,usdot-2520159,1377827,JAROL NORMANDO GARCIA - JOSE ARNOLDO BONILLA,ON TIME MOVING SERVICES,hhg_interstate_carrier,
CANDIDATE,2520746,michaels-moving-storage-inc,usdot-2520746,875043,MICHAELS MOVING & STORAGE INC,MICHAELS MOVING & STORAGE INC,hhg_interstate_carrier,
CANDIDATE,252103,zody-s-moving-storage-inc,usdot-252103,106487,"ZODY'S MOVING & STORAGE,INC.","ZODY'S MOVING & STORAGE,INC.",hhg_interstate_carrier,
CANDIDATE,2522386,208-moving-llc,usdot-2522386,1612363,208 MOVING LLC,208 MOVING LLC,hhg_interstate_carrier,
CANDIDATE,2522855,poseidon-moving-inc,usdot-2522855,876024,POSEIDON MOVING INC,POSEIDON MOVING INC,hhg_interstate_carrier,
CANDIDATE,2524279,lion-moving-llc,usdot-2524279,876634,LION MOVING LLC,LION MOVING LLC,hhg_interstate_carrier,
CANDIDATE,2525331,isaacs-moving-storage,usdot-2525331,3035,ISAACS MOVERS TX INC,ISAACS MOVING & STORAGE,hhg_interstate_carrier,
CANDIDATE,2526710,m-c-moving-llc,usdot-2526710,908358,M C MOVING LLC,M C MOVING LLC,hhg_interstate_carrier,
CANDIDATE,2527431,all-american-moving-services-nm-inc,usdot-2527431,448878,"CONSER MILITARY MOVING, LLC","ALL AMERICAN MOVING SERVICES NM, INC.",hhg_interstate_carrier,
CANDIDATE,2527444,interstate-moving-services-inc,usdot-2527444,448879,"CONSER PROPERTIES, LLC","INTERSTATE MOVING SERVICES, INC.",hhg_interstate_carrier,
CANDIDATE,2527499,two-men-and-a-truck-usdot-2527499,usdot-2527499,398681,SCARLET PIKE LLC,TWO MEN AND A TRUCK,hhg_interstate_carrier,
CANDIDATE,2529611,megamen-moving-storage-llc,usdot-2529611,7566,MEGAMEN MOVING & STORAGE LLC,MEGAMEN MOVING & STORAGE LLC,hhg_interstate_carrier,
CANDIDATE,2530957,two-men-and-a-truck-ocala,usdot-2530957,879542,SAVIVECO INC,TWO MEN AND A TRUCK OCALA,hhg_interstate_carrier,
CANDIDATE,2530978,viking-international-inc,usdot-2530978,879544,VIKING INTERNATIONAL INC.,VIKING INTERNATIONAL INC.,hhg_interstate_carrier,
CANDIDATE,253161,metropolitan-chicago-inc,usdot-253161,205310,"METROPOLITAN CHICAGO, INC.","METROPOLITAN CHICAGO, INC.",hhg_interstate_carrier,
CANDIDATE,2533132,zippy-shell-nyc,usdot-2533132,880508,PYK LLC,ZIPPY SHELL NYC,hhg_interstate_carrier,
CANDIDATE,2533324,cg-transport-llc,usdot-2533324,883315,CG TRANSPORT LLC,CG TRANSPORT LLC,hhg_interstate_carrier,
CANDIDATE,2534040,magic-movers-llc,usdot-2534040,881202,MAGIC MOVERS LLC,MAGIC MOVERS LLC,hhg_interstate_carrier,
CANDIDATE,2534144,first-way-movers,usdot-2534144,880961,D.O.L. MOVING & STORAGE INC,FIRST WAY MOVERS,hhg_interstate_carrier,
CANDIDATE,2534429,new-horizon-movers,usdot-2534429,881107,MAK MOVERS & STORAGE LLC,NEW HORIZON MOVERS,hhg_interstate_carrier,
CANDIDATE,2535952,road-haugs-inc,usdot-2535952,882889,ROAD HAUGS INC,ROAD HAUGS INC,hhg_interstate_carrier,
CANDIDATE,2538365,mc-movers-llc,usdot-2538365,882866,MC MOVERS LLC,MC MOVERS LLC,hhg_interstate_carrier,
CANDIDATE,2539125,shaffer-s-transfer,usdot-2539125,890590,JAMIE L FRAMPTON,SHAFFER'S TRANSFER,hhg_interstate_carrier,
CANDIDATE,2543958,jacob-and-sons-moving-storage,usdot-2543958,885424,PRESTIGE MOVING SYSTEM INC.,JACOB AND SONS MOVING & STORAGE,hhg_interstate_carrier,
CANDIDATE,2546977,two-men-and-a-truck-usdot-2546977,usdot-2546977,886752,JKB CORP,TWO MEN AND A TRUCK,hhg_interstate_carrier,
CANDIDATE,2547287,t-l-relocation-services,usdot-2547287,886906,LYNN MARIE PELOQUIN AND ANTHONY SHANE PELOQUIN,T & L RELOCATION SERVICES,hhg_interstate_carrier,
CANDIDATE,2547762,the-suseyi-pro-moving-company,usdot-2547762,887132,SUSEYI HOLDINGS LLC,THE SUSEYI PRO MOVING COMPANY,hhg_interstate_carrier,
CANDIDATE,2549424,dependable-moving-company-inc,usdot-2549424,888870,DEPENDABLE MOVING COMPANY INC,DEPENDABLE MOVING COMPANY INC,hhg_interstate_carrier,
CANDIDATE,2550704,statewide-moving-usdot-2550704,usdot-2550704,504918,ROBERT G HECKMAN JR,STATEWIDE MOVING,hhg_interstate_carrier,
CANDIDATE,2552260,cross-country-movers-usdot-2552260,usdot-2552260,889368,"TRICO LONG DISTANCE TRANSPORTATION, LLC",CROSS COUNTRY MOVERS,hhg_interstate_carrier,
CANDIDATE,2553264,lifetime-moving-and-storage,usdot-2553264,889843,"WATSON MOVING & STORAGE, LLC",LIFETIME MOVING AND STORAGE,hhg_interstate_carrier,
CANDIDATE,2554983,two-men-and-a-truck-usdot-2554983,usdot-2554983,890877,BJB GROUP LLC,TWO MEN AND A TRUCK,hhg_interstate_carrier,
CANDIDATE,2557632,boxing-it-up-llc,usdot-2557632,892010,"BOXING IT UP, LLC","BOXING IT UP, LLC",hhg_interstate_carrier,
CANDIDATE,2558220,tice-enterprises,usdot-2558220,892228,AARON TICE,TICE ENTERPRISES,hhg_interstate_carrier,
CANDIDATE,2559880,moving-wise-inc,usdot-2559880,893028,MOVING WISE INC,MOVING WISE INC,hhg_interstate_carrier,
CANDIDATE,2561451,wizzard-way-inc,usdot-2561451,893778,WIZZARD WAY INC,WIZZARD WAY INC,hhg_interstate_carrier,
CANDIDATE,2562112,suburban-solutions,usdot-2562112,894074,SSMT PHL LLC,SUBURBAN SOLUTIONS,hhg_interstate_carrier,
CANDIDATE,2562486,good-greek-moving-and-storage,usdot-2562486,894264,SFAKIA LLC,GOOD GREEK MOVING AND STORAGE,hhg_interstate_carrier,
CANDIDATE,2563373,azar-storage-services-of-virgina,usdot-2563373,894745,"BOXCART, INC.",AZAR STORAGE SERVICES OF VIRGINA,hhg_interstate_carrier,
CANDIDATE,2564711,agility-van-lines,usdot-2564711,895410,AGILITY VAN LINES INC,AGILITY VAN LINES,hhg_interstate_carrier,
CANDIDATE,2565236,arizona-off-duty-movers-llc,usdot-2565236,1477755,ARIZONA OFF DUTY MOVERS LLC,ARIZONA OFF DUTY MOVERS LLC,hhg_interstate_carrier,
CANDIDATE,2565534,m-m-movers-inc,usdot-2565534,895809,"M&M MOVERS, INC.","M&M MOVERS, INC.",hhg_interstate_carrier,
CANDIDATE,2566739,grasshopper-movers-llc,usdot-2566739,896429,GRASSHOPPER MOVERS LLC,GRASSHOPPER MOVERS LLC,hhg_interstate_carrier,
CANDIDATE,2566965,nextview-moving,usdot-2566965,945421,S DWYER LLC,NEXTVIEW MOVING,hhg_interstate_carrier,
CANDIDATE,2569585,precision-moving-storage-corporation,usdot-2569585,897757,PRECISION MOVING & STORAGE CORPORATION,PRECISION MOVING & STORAGE CORPORATION,hhg_interstate_carrier,
CANDIDATE,2569610,firefighting-s-finest-moving-storage-usdot-2569610,usdot-2569610,56316,1960 MOVERS INC,FIREFIGHTING'S FINEST MOVING & STORAGE,hhg_interstate_carrier,
CANDIDATE,2570768,lexel-moving-llc,usdot-2570768,898332,LEXEL MOVING LLC,LEXEL MOVING LLC,hhg_interstate_carrier,
CANDIDATE,2571093,moving-at-ease-llc,usdot-2571093,953945,MOVING AT EASE LLC,MOVING AT EASE LLC,hhg_interstate_carrier,
CANDIDATE,2572145,my-movers,usdot-2572145,897319,MY MOVERS INC.,MY MOVERS,hhg_interstate_carrier,
CANDIDATE,2572365,superb-moving-inc,usdot-2572365,899918,SUPERB MOVING INC,SUPERB MOVING INC,hhg_interstate_carrier,
CANDIDATE,2572957,jpl-trucking,usdot-2572957,899487,JESUS PACHECO LOPEZ,JPL TRUCKING,hhg_interstate_carrier,
CANDIDATE,2573220,dyno-moving-inc,usdot-2573220,899607,DYNO MOVING INC,DYNO MOVING INC,hhg_interstate_carrier,
CANDIDATE,2573359,connecticut-river-moving-company-llc,usdot-2573359,899712,CONNECTICUT RIVER MOVING COMPANY LLC,CONNECTICUT RIVER MOVING COMPANY LLC,hhg_interstate_carrier,
CANDIDATE,2573469,ready-set-go-moving-van-lines,usdot-2573469,899783,GRACIELA PEREZ,READY SET GO MOVING & VAN LINES,hhg_interstate_carrier,
CANDIDATE,2574283,zippy-shell-columbus,usdot-2574283,934914,LASTRUN ENTERPRISES INC.,ZIPPY SHELL COLUMBUS,hhg_interstate_carrier,
CANDIDATE,2574535,worth-moving-llc,usdot-2574535,900273,WORTH MOVING LLC,WORTH MOVING LLC,hhg_interstate_carrier,
CANDIDATE,2575221,two-men-and-a-truck-usdot-2575221,usdot-2575221,904586,"TMT SIOUX FALLS, LLC",TWO MEN AND A TRUCK,hhg_interstate_carrier,
CANDIDATE,2576411,weyer-moving-llc,usdot-2576411,940317,WEYER MOVING LLC,WEYER MOVING LLC,hhg_interstate_carrier,
CANDIDATE,2578221,fettes-transportation-systems,usdot-2578221,111828,"RML, LLC",FETTES TRANSPORTATION SYSTEMS,hhg_interstate_carrier,
CANDIDATE,2579109,college-hunks-hauling-junk-and-moving-usdot-2579109,usdot-2579109,1105377,CD LOSCO LLC,COLLEGE HUNKS HAULING JUNK AND MOVING,hhg_interstate_carrier,
CANDIDATE,2583070,moving-pros-llc,usdot-2583070,909012,MOVING PROS LLC,MOVING PROS LLC,hhg_interstate_carrier,
CANDIDATE,2583086,mozart-moving-inc,usdot-2583086,904729,MOZART MOVING INC,MOZART MOVING INC,hhg_interstate_carrier,
CANDIDATE,2586145,wb-movers,usdot-2586145,906376,WAYNESBORO BARGAINS LLC,WB MOVERS,hhg_interstate_carrier,
CANDIDATE,2586156,da-moving-corp,usdot-2586156,907810,DA MOVING CORP,DA MOVING CORP,hhg_interstate_carrier,
CANDIDATE,2586700,zip-moving-and-storage,usdot-2586700,906669,ZIP MOVING AND STORAGE INC,ZIP MOVING AND STORAGE,hhg_interstate_carrier,
CANDIDATE,2588687,exela-movers,usdot-2588687,907693,EXELA MOVERS LLC,EXELA MOVERS,hhg_interstate_carrier,
CANDIDATE,2589845,poindexter-moving-llc,usdot-2589845,1343050,POINDEXTER MOVING LLC,POINDEXTER MOVING LLC,hhg_interstate_carrier,
CANDIDATE,2590477,stellar-movers-llc,usdot-2590477,908822,STELLAR MOVERS LLC,STELLAR MOVERS LLC,hhg_interstate_carrier,
CANDIDATE,2590545,jtw-omaha-movers-inc,usdot-2590545,908616,JTW OMAHA MOVERS INC,JTW OMAHA MOVERS INC,hhg_interstate_carrier,
CANDIDATE,2591262,two-men-and-a-truck-usdot-2591262,usdot-2591262,908973,LAKESHORE MOVING LLC,TWO MEN AND A TRUCK,hhg_interstate_carrier,
CANDIDATE,2591333,aaa-soto-s-moving-storage-llc,usdot-2591333,1728690,AAA SOTO'S MOVING & STORAGE LLC,AAA SOTO'S MOVING & STORAGE LLC,hhg_interstate_carrier,
CANDIDATE,2593674,daymakers-moving,usdot-2593674,910104,DAYMAKERS MOVING LLC,DAYMAKERS MOVING,hhg_interstate_carrier,
CANDIDATE,2593888,greater-austin-moving,usdot-2593888,1537428,AT MUTO LLC,GREATER AUSTIN MOVING,hhg_interstate_carrier,
CANDIDATE,2594086,j-u-trucking,usdot-2594086,911733,JOSE EFRAIN UMANA,J&U TRUCKING,hhg_interstate_carrier,
CANDIDATE,2594827,turcotte-moving-storage,usdot-2594827,910618,STEPHEN TURCOTTE,TURCOTTE MOVING & STORAGE,hhg_interstate_carrier,
CANDIDATE,2594954,celis-movers-inc,usdot-2594954,921948,"CELIS MOVERS, INC","CELIS MOVERS, INC",hhg_interstate_carrier,
CANDIDATE,2595339,above-average-moving-llc,usdot-2595339,26753,ABOVE AVERAGE MOVING LLC,ABOVE AVERAGE MOVING LLC,hhg_interstate_carrier,
CANDIDATE,2597230,ocd-moving-services-llc,usdot-2597230,911812,"OCD MOVING SERVICES, LLC","OCD MOVING SERVICES, LLC",hhg_interstate_carrier,
CANDIDATE,2597231,echo-forwarders-inc,usdot-2597231,911811,"ECHO FORWARDERS, INC.","ECHO FORWARDERS, INC.",hhg_broker hhg_interstate_carrier,
CANDIDATE,25982,la-rosa-del-monte-express,usdot-25982,134689,RDM TRANSPORT GROUP LLC,LA ROSA DEL MONTE EXPRESS,hhg_interstate_carrier,
CANDIDATE,260219,yamato-transport-u-s-a-inc,usdot-260219,175578,"YAMATO TRANSPORT U. S. A., INC.","YAMATO TRANSPORT U. S. A., INC.",hhg_broker hhg_interstate_carrier,
CANDIDATE,260324,g-j-land-marine-food-distributors-inc,usdot-260324,331498,G&J LAND & MARINE FOOD DISTRIBUTORS INC.,G&J LAND & MARINE FOOD DISTRIBUTORS INC.,hhg_interstate_carrier,
CANDIDATE,260768,lassen-transfer-storage,usdot-260768,176037,ARLAN R. MALLERY,LASSEN TRANSFER & STORAGE,hhg_interstate_carrier,
CANDIDATE,261521,campbell-bus-lines,usdot-261521,175086,"BUCO TRANSPORTATION, INC.",CAMPBELL BUS LINES,hhg_interstate_carrier,
CANDIDATE,261704,wallace-moving-and-storage,usdot-261704,176246,"C. J. WALLACE, INC.",WALLACE MOVING AND STORAGE,hhg_interstate_carrier,
CANDIDATE,261884,pxi,usdot-261884,176235,"PXI, L.L.C.",PXI,hhg_interstate_carrier,
CANDIDATE,2626333,my-move-cross-country-movers,usdot-2626333,937654,SPARTAK LLC,MY MOVE & CROSS COUNTRY MOVERS,hhg_interstate_carrier,
CANDIDATE,2627768,gorilla-movers-of-wisconsin-inc,usdot-2627768,1031866,GORILLA MOVERS OF WISCONSIN INC,GORILLA MOVERS OF WISCONSIN INC,hhg_interstate_carrier,
CANDIDATE,2628513,illinois-movers-inc,usdot-2628513,914433,ILLINOIS MOVERS INC,ILLINOIS MOVERS INC,hhg_interstate_carrier,
CANDIDATE,2628523,brazosmovers-com-llc,usdot-2628523,915079,BRAZOSMOVERS.COM LLC,BRAZOSMOVERS.COM LLC,hhg_interstate_carrier,
CANDIDATE,2631961,paid-in-full-transportation-llc,usdot-2631961,916084,PAID IN FULL TRANSPORTATION LLC,PAID IN FULL TRANSPORTATION LLC,hhg_interstate_carrier,
CANDIDATE,2632961,power-equipment-restoration-llc,usdot-2632961,919700,POWER EQUIPMENT RESTORATION LLC,POWER EQUIPMENT RESTORATION LLC,hhg_interstate_carrier,
CANDIDATE,2633811,murphy-moving-storage,usdot-2633811,934607,ARMAGH TRANSPORT LLC,MURPHY MOVING & STORAGE,hhg_interstate_carrier,
CANDIDATE,2634814,two-men-and-a-truck-oklahoma-city,usdot-2634814,755907,ROLL SOONER INC.,TWO MEN AND A TRUCK OKLAHOMA CITY,hhg_interstate_carrier,
CANDIDATE,2635362,cobra-van-lines-llc,usdot-2635362,917681,COBRA VAN LINES LLC,COBRA VAN LINES LLC,hhg_interstate_carrier,
CANDIDATE,2636941,earth-trade-enterprise-llc,usdot-2636941,918451,EARTH TRADE ENTERPRISE LLC,EARTH TRADE ENTERPRISE LLC,hhg_interstate_carrier,
CANDIDATE,2637395,graceful-transitions-moving,usdot-2637395,918676,"GT SENIOR SERVICES, LLC",GRACEFUL TRANSITIONS MOVING,hhg_interstate_carrier,
CANDIDATE,2637519,a-moving-xperience-llc,usdot-2637519,918733,A MOVING XPERIENCE LLC,A MOVING XPERIENCE LLC,hhg_interstate_carrier,
CANDIDATE,2638601,duffel-donkey-llc,usdot-2638601,899603,DUFFEL DONKEY LLC,DUFFEL DONKEY LLC,hhg_interstate_carrier,
CANDIDATE,2641099,college-hunks-hauling-junk-and-moving-of-mid-michigan,usdot-2641099,1492463,HUNKY MONKEY LLC,COLLEGE HUNKS HAULING JUNK AND MOVING OF MID MICHIGAN,hhg_interstate_carrier,
CANDIDATE,2642040,grizzly-moving-llc,usdot-2642040,920877,"GRIZZLY MOVING, LLC","GRIZZLY MOVING, LLC",hhg_interstate_carrier,
CANDIDATE,2642702,dallas-van-lines,usdot-2642702,921201,GIOVANNI VAN LINES LLC,DALLAS VAN LINES,hhg_interstate_carrier,
CANDIDATE,2642833,two-men-and-a-truck-usdot-2642833,usdot-2642833,921265,FLYERFORCE LLC,TWO MEN AND A TRUCK,hhg_interstate_carrier,
CANDIDATE,2643753,cuoci-contractors-inc,usdot-2643753,921725,CUOCI CONTRACTORS INC,CUOCI CONTRACTORS INC,hhg_interstate_carrier,
CANDIDATE,2644320,two-men-and-a-truck-usdot-2644320,usdot-2644320,922003,MOVING SMILES INC,TWO MEN AND A TRUCK,hhg_interstate_carrier,
CANDIDATE,2645174,monument-moving-storage,usdot-2645174,137562,SUSAN WELCH,MONUMENT MOVING & STORAGE,hhg_interstate_carrier,
CANDIDATE,265315,greenwood-moving-storage-inc,usdot-265315,178522,"GREENWOOD MOVING & STORAGE, INC.","GREENWOOD MOVING & STORAGE, INC.",hhg_interstate_carrier,
CANDIDATE,26804,t-p-freight-lines-inc,usdot-26804,37563,"T P FREIGHT LINES, INC.","T P FREIGHT LINES, INC.",hhg_interstate_carrier,
CANDIDATE,268154,a-v-l-transportation-llc,usdot-268154,173281,"A.V.L. TRANSPORTATION, LLC","A.V.L. TRANSPORTATION, LLC",hhg_broker hhg_interstate_carrier,
CANDIDATE,26826,peoples-warehouse-inc,usdot-26826,32168,"PEOPLES WAREHOUSE, INC.","PEOPLES WAREHOUSE, INC.",hhg_interstate_carrier,
CANDIDATE,268315,prudent-corporation,usdot-268315,217113,PRUDENT AIRFREIGHT CORPORATION,PRUDENT CORPORATION,hhg_interstate_carrier,
CANDIDATE,268484,columbus-warehouse-and-storage-inc,usdot-268484,835186,COLUMBUS WAREHOUSE AND STORAGE INC,COLUMBUS WAREHOUSE AND STORAGE INC,hhg_interstate_carrier,
CANDIDATE,268778,vonrentzell-van-storage-inc,usdot-268778,179419,"VONRENTZELL VAN & STORAGE, INC.","VONRENTZELL VAN & STORAGE, INC.",hhg_interstate_carrier,
CANDIDATE,270205,marks-moving-storage,usdot-270205,1635106,MARKS MOVING & STORAGE,MARKS MOVING & STORAGE,hhg_interstate_carrier,
CANDIDATE,270885,mulder-s-moving-storage-inc,usdot-270885,28187,"MULDER'S MOVING & STORAGE, INC.","MULDER'S MOVING & STORAGE, INC.",hhg_interstate_carrier,
CANDIDATE,2715339,awesome-movers,usdot-2715339,1408558,KEF SOUTHTOWN LLC,AWESOME MOVERS,hhg_interstate_carrier,
CANDIDATE,2719785,clutter-inc,usdot-2719785,934868,CLUTTER INC.,CLUTTER INC.,hhg_interstate_carrier,
CANDIDATE,2724757,ray-the-mover,usdot-2724757,922878,MII MOVING AND STORAGE LLC,RAY THE MOVER,hhg_interstate_carrier,
CANDIDATE,2725345,get-movin-storage-llc,usdot-2725345,923075,"GET MOVIN & STORAGE, LLC","GET MOVIN & STORAGE, LLC",hhg_interstate_carrier,
CANDIDATE,2727085,pulliam-haulers-llc,usdot-2727085,1172025,PULLIAM HAULERS LLC,PULLIAM HAULERS LLC,hhg_interstate_carrier,
CANDIDATE,2727872,titan-moving,usdot-2727872,924278,TEAMBASS LLC,TITAN MOVING,hhg_interstate_carrier,
CANDIDATE,2728639,twenty-nine-palms-van-storage-inc,usdot-2728639,515303,"TWENTY-NINE PALMS VAN & STORAGE, INC.","TWENTY-NINE PALMS VAN & STORAGE, INC.",hhg_interstate_carrier,
CANDIDATE,2728836,hansen-s-moving-storage-inc,usdot-2728836,88698,HANSEN'S MOVING & STORAGE INC,HANSEN'S MOVING & STORAGE INC,hhg_interstate_carrier,
CANDIDATE,273406,audubon-moving-storage-l-l-c,usdot-273406,180712,"AUDUBON MOVING & STORAGE, L.L.C.","AUDUBON MOVING & STORAGE, L.L.C.",hhg_interstate_carrier,
CANDIDATE,273818,covenant-logistics,usdot-273818,188102,"COVENANT TRANSPORT, LLC",COVENANT LOGISTICS,hhg_broker hhg_interstate_carrier,
CANDIDATE,2740355,luigys-moving-storage-inc,usdot-2740355,1308212,LUIGYS MOVING & STORAGE INC,LUIGYS MOVING & STORAGE INC,hhg_interstate_carrier,
CANDIDATE,27481,morrison-moving-storage-co-inc,usdot-27481,129241,"MORRISON MOVING & STORAGE CO.,INC.","MORRISON MOVING & STORAGE CO.,INC.",hhg_interstate_carrier,
CANDIDATE,2769852,student-movers,usdot-2769852,61421,STUDENT MOVERS INC,STUDENT MOVERS,hhg_interstate_carrier,
CANDIDATE,277292,interstate-moving-system-inc,usdot-277292,179633,"INTERSTATE MOVING SYSTEM, INC.","INTERSTATE MOVING SYSTEM, INC.",hhg_interstate_carrier,
CANDIDATE,2779274,e-freight-com,usdot-2779274,959786,HUFFY'S MOVERS INC,E FREIGHT COM,hhg_interstate_carrier,
CANDIDATE,2780088,treasure-s-shipping-inc,usdot-2780088,925587,TREASURE'S SHIPPING INC,TREASURE'S SHIPPING INC,hhg_interstate_carrier,
CANDIDATE,2780116,cross-country-movers,usdot-2780116,925601,MOVING AND STORAGE SF INC,CROSS COUNTRY MOVERS,hhg_broker hhg_interstate_carrier,
CANDIDATE,2780448,pin-to-pin,usdot-2780448,925773,PIN TO PIN MOVING LLC,PIN TO PIN,hhg_interstate_carrier,
CANDIDATE,2780878,desert-springs-services-inc,usdot-2780878,1478331,DESERT SPRINGS SERVICES INC,DESERT SPRINGS SERVICES INC,hhg_interstate_carrier,
CANDIDATE,2781399,bintris-moving-and-storage,usdot-2781399,926225,"CEDAR CREEK, LLC",BINTRIS MOVING AND STORAGE,hhg_interstate_carrier,
CANDIDATE,2782086,honest-hands-moving-storage,usdot-2782086,926563,AGURCIA TRANSPORTATION INC.,HONEST HANDS MOVING & STORAGE,hhg_interstate_carrier,
CANDIDATE,2783472,firefighting-s-finest-moving-storage-usdot-2783472,usdot-2783472,1016781,DFD MOVERS INC,FIREFIGHTING'S FINEST MOVING & STORAGE,hhg_interstate_carrier,
CANDIDATE,2784479,palmela-trans-llc,usdot-2784479,1310352,PALMELA TRANS LLC,PALMELA TRANS LLC,hhg_interstate_carrier,
CANDIDATE,278906,arim-forwarding-inc,usdot-278906,188691,"ARIM FORWARDING, INC.","ARIM FORWARDING, INC.",hhg_interstate_carrier,
CANDIDATE,2791222,jipak,usdot-2791222,932971,JIPAK,JIPAK,hhg_interstate_carrier,
CANDIDATE,2792297,hogans-transfer,usdot-2792297,934878,NASH RESIDENTIAL SERVICES LLC,Hogans' Transfer,hhg_interstate_carrier,
CANDIDATE,2793934,safeway-moving-inc,usdot-2793934,932305,SAFEWAY MOVING INC,SAFEWAY MOVING INC,hhg_interstate_carrier,
CANDIDATE,2794679,jam-moving,usdot-2794679,932666,JASON MARTIN,JAM MOVING,hhg_interstate_carrier,
CANDIDATE,2796654,r-b-services,usdot-2796654,10957,R&B SERVICES LLC,R&B SERVICES,hhg_interstate_carrier,
CANDIDATE,27967,clancy-s-transfer-storage,usdot-27967,113148,CLARENCE E. CONNER,CLANCY'S TRANSFER & STORAGE,hhg_interstate_carrier,
CANDIDATE,279708,grosse-pointe-moving-co,usdot-279708,629575,GROSSE POINTE MOVING CO,GROSSE POINTE MOVING CO,hhg_interstate_carrier,
CANDIDATE,279780,carlyle-van-lines-inc,usdot-279780,129134,"CARLYLE VAN LINES, INC.","CARLYLE VAN LINES, INC.",hhg_interstate_carrier,
CANDIDATE,2798532,boundless-moving-and-storage,usdot-2798532,934519,BOUNDLESS MOVING AND STORAGE,BOUNDLESS MOVING AND STORAGE,hhg_interstate_carrier,
CANDIDATE,2799314,amworld-transport-inc,usdot-2799314,209239,"AMWORLD TRANSPORT, INC.","AMWORLD TRANSPORT, INC.",hhg_broker hhg_interstate_carrier,
CANDIDATE,2801216,autobuddy-llc,usdot-2801216,1687445,AUTOBUDDY LLC,AUTOBUDDY LLC,hhg_interstate_carrier,
CANDIDATE,2806349,commander-moving-inc,usdot-2806349,1791066,COMMANDER MOVING INC,COMMANDER MOVING INC,hhg_interstate_carrier,
CANDIDATE,280819,knopf-international-inc,usdot-280819,260804,"KNOPF INTERNATIONAL, INC.","KNOPF INTERNATIONAL, INC.",hhg_interstate_carrier,
CANDIDATE,2808819,alder-moving-services-usdot-2808819,usdot-2808819,942674,JAYSON I BERGER,ALDER MOVING SERVICES,hhg_interstate_carrier,
CANDIDATE,2813031,suitable-movers-llc,usdot-2813031,1058320,SUITABLE MOVERS LLC,SUITABLE MOVERS LLC,hhg_interstate_carrier,
CANDIDATE,2813175,hi-desert-moving-storage,usdot-2813175,515295,RAYMOND P. WELCH,HI DESERT MOVING & STORAGE,hhg_interstate_carrier,
CANDIDATE,281435,mss-transport-inc,usdot-281435,183142,"MSS TRANSPORT, INC.","MSS TRANSPORT, INC.",hhg_interstate_carrier,
CANDIDATE,2814562,college-hunks-hauling-junk-and-moving-usdot-2814562,usdot-2814562,106973,MORGAN W PARKER LLC,COLLEGE HUNKS HAULING JUNK AND MOVING,hhg_interstate_carrier,
CANDIDATE,2815075,flat-price-auto-shipping-and-east-coast-west-coast-movers,usdot-2815075,938543,LDI MOVING INC,FLAT PRICE AUTO SHIPPING AND EAST COAST WEST COAST MOVERS,hhg_interstate_carrier,
CANDIDATE,2816489,moving-company-usdot-2816489,usdot-2816489,31870,MILLER'S HONEST MOVING & STORAGE LLC,MOVING COMPANY,hhg_interstate_carrier,
CANDIDATE,2820253,esquire-moving-inc,usdot-2820253,940499,ESQUIRE MOVING INC,ESQUIRE MOVING INC,hhg_interstate_carrier,
CANDIDATE,2820588,jsm-logistics,usdot-2820588,68530,J&M LLC,JSM LOGISTICS,hhg_interstate_carrier,
CANDIDATE,2820908,integrity-vanlines,usdot-2820908,978107,TRANS ATLANTIC GROUP INC,INTEGRITY VANLINES,hhg_interstate_carrier,
CANDIDATE,2821065,a1a-movers-llc,usdot-2821065,940714,A1A MOVERS LLC,A1A MOVERS LLC,hhg_interstate_carrier,
CANDIDATE,2822537,crossroads-moving,usdot-2822537,960376,3M'S & C LLC,CROSSROADS MOVING,hhg_interstate_carrier,
CANDIDATE,2823665,bayside-moving-llc,usdot-2823665,942019,BAYSIDE MOVING LLC,BAYSIDE MOVING LLC,hhg_interstate_carrier,
CANDIDATE,2823802,smooth-move,usdot-2823802,942089,CAROLINA MOVERS LLC,SMOOTH MOVE,hhg_interstate_carrier,
CANDIDATE,2823865,two-men-and-a-truck-usdot-2823865,usdot-2823865,942120,PLANO MOVERS LLC,TWO MEN AND A TRUCK,hhg_interstate_carrier,
CANDIDATE,2824296,m5k-llc,usdot-2824296,942854,M5K LLC,M5K LLC,hhg_interstate_carrier,
CANDIDATE,2824949,friendly-movers-llc,usdot-2824949,942731,"FRIENDLY MOVERS, LLC","FRIENDLY MOVERS, LLC",hhg_interstate_carrier,
CANDIDATE,2826448,two-men-and-a-truck-usdot-2826448,usdot-2826448,943516,CARTER MADISON LLC,TWO MEN AND A TRUCK,hhg_interstate_carrier,
CANDIDATE,2827313,the-word-moving-llc,usdot-2827313,947661,THE WORD MOVING LLC,THE WORD MOVING LLC,hhg_interstate_carrier,
CANDIDATE,2827389,mccarthy-s-moving-storage,usdot-2827389,133934,MCCARTHY'S MOVING & STORAGE,MCCARTHY'S MOVING & STORAGE,hhg_interstate_carrier,
CANDIDATE,2827588,smooth-relocation-vanlines,usdot-2827588,944141,NORTHSOUTH MOVING TRANSPORTATION CO.,SMOOTH RELOCATION VANLINES,hhg_interstate_carrier,
CANDIDATE,2829255,zippy-shell-portland,usdot-2829255,970010,BLP AND COMPANY LLC,ZIPPY SHELL PORTLAND,hhg_interstate_carrier,
CANDIDATE,2830571,two-men-and-a-truck-usdot-2830571,usdot-2830571,945694,CINCINNATI ASCENT,TWO MEN AND A TRUCK,hhg_interstate_carrier,
CANDIDATE,2831049,two-men-and-a-truck-usdot-2831049,usdot-2831049,945950,CINCINNATI PRIME,TWO MEN AND A TRUCK,hhg_interstate_carrier,
CANDIDATE,2831119,pinnacle-movers-llc,usdot-2831119,946385,PINNACLE MOVERS LLC,PINNACLE MOVERS LLC,hhg_interstate_carrier,
CANDIDATE,2833135,coffey-bros-moving,usdot-2833135,947080,THE MOVING SPECIALISTS INC,COFFEY BROS MOVING,hhg_interstate_carrier,
CANDIDATE,2836952,senior-transition-services-inc,usdot-2836952,1707572,SENIOR TRANSITION SERVICES INC,SENIOR TRANSITION SERVICES INC,hhg_interstate_carrier,
CANDIDATE,2837329,dispatch-hub-inc,usdot-2837329,949578,DISPATCH HUB INC.,DISPATCH HUB INC.,hhg_interstate_carrier,
CANDIDATE,2839268,college-hunks-hauling-junk-usdot-2839268,usdot-2839268,993063,"SNT FOOD AND BEVERAGE, INC.",COLLEGE HUNKS HAULING JUNK,hhg_interstate_carrier,
CANDIDATE,2840634,skyline-moving-company-llc,usdot-2840634,1801923,SKYLINE MOVING COMPANY LLC,SKYLINE MOVING COMPANY LLC,hhg_interstate_carrier,
CANDIDATE,2841171,federal-moving-storage-llc,usdot-2841171,420207,"FEDERAL MOVING & STORAGE, LLC","FEDERAL MOVING & STORAGE, LLC",hhg_interstate_carrier,
CANDIDATE,2841225,security-storage-company-of-washington-llc,usdot-2841225,113387,"SECURITY STORAGE COMPANY OF WASHINGTON, LLC","SECURITY STORAGE COMPANY OF WASHINGTON, LLC",hhg_interstate_carrier,
CANDIDATE,2841689,we-are-the-movers,usdot-2841689,951793,UNITED FREIGHT&TRANSPORTATION LLC,WE ARE THE MOVERS,hhg_interstate_carrier,
CANDIDATE,2842010,otto-group-llc,usdot-2842010,951948,"OTTO GROUP, LLC","OTTO GROUP, LLC",hhg_interstate_carrier,
CANDIDATE,2845173,lighthouse-movers-inc,usdot-2845173,953746,LIGHTHOUSE MOVERS INC,LIGHTHOUSE MOVERS INC,hhg_interstate_carrier,
CANDIDATE,284519,designer-moving-and-storage,usdot-284519,184764,DESIGNER MOVING AND STORAGE,DESIGNER MOVING AND STORAGE,hhg_interstate_carrier,
CANDIDATE,2845439,ally-moving-llc,usdot-2845439,953903,ALLY MOVING LLC,ALLY MOVING LLC,hhg_interstate_carrier,
CANDIDATE,2845842,geva-transportation-geva-logistics-geva-freight-forwarding-s,usdot-2845842,954130,GEVA TRANSPORTATION LLC.,GEVA TRANSPORTATION|GEVA LOGISTICS|GEVA FREIGHT FORWARDING S,hhg_broker hhg_interstate_carrier,
CANDIDATE,2845939,transit-moving-systems,usdot-2845939,954186,TRANSWORLD MARKETING INC,TRANSIT MOVING SYSTEMS,hhg_interstate_carrier,
CANDIDATE,2847165,e-z-moving-storage-llc,usdot-2847165,954833,E-Z MOVING & STORAGE LLC,E-Z MOVING & STORAGE LLC,hhg_interstate_carrier,
CANDIDATE,2847607,international-movers-network-inc,usdot-2847607,955090,"INTERNATIONAL MOVERS NETWORK, INC","INTERNATIONAL MOVERS NETWORK, INC",hhg_interstate_carrier,
CANDIDATE,2847873,interstate-haulers-inc,usdot-2847873,955253,INTERSTATE HAULERS INC,INTERSTATE HAULERS INC,hhg_interstate_carrier,
CANDIDATE,2847923,stork-distribution-group,usdot-2847923,955285,STORK DISTRIBUTION GROUP,STORK DISTRIBUTION GROUP,hhg_interstate_carrier,
CANDIDATE,2855849,infinity-freight,usdot-2855849,956245,"STREET CONSTRUCTION GROUP, LLC",INFINITY FREIGHT,hhg_interstate_carrier,
CANDIDATE,285920,all-fleet-towing-recovery,usdot-285920,184016,ARROW MOVING AND STORAGE CO.,ALL FLEET TOWING & RECOVERY,hhg_interstate_carrier,
CANDIDATE,2860343,randall-transportation,usdot-2860343,958216,CURTIS EDWARD RANDALL,RANDALL TRANSPORTATION,hhg_interstate_carrier,
CANDIDATE,2860655,camino-transporting-inc,usdot-2860655,961640,CAMINO TRANSPORTING INC,CAMINO TRANSPORTING INC,hhg_interstate_carrier,
CANDIDATE,286130,johnson-storage-moving-co,usdot-286130,231175,JOHNSON STORAGE & MOVING CO.,JOHNSON STORAGE & MOVING CO.,hhg_broker hhg_interstate_carrier,
CANDIDATE,2861318,ramirez-movers-llc,usdot-2861318,29465,RAMIREZ MOVERS LLC,RAMIREZ MOVERS LLC,hhg_interstate_carrier,
CANDIDATE,2861388,zippy-shell-of-greater-louisville,usdot-2861388,958771,"KRON RIDGE INVESTMENTS, LLC",ZIPPY SHELL OF GREATER LOUISVILLE,hhg_interstate_carrier,
CANDIDATE,2861433,home-2-home-van-lines,usdot-2861433,965836,REAL MOVERS MOVING & STORAGE INC,HOME 2 HOME VAN LINES,hhg_interstate_carrier,
CANDIDATE,2861558,pasha-hawaii-holdings-llc,usdot-2861558,,PASHA HAWAII HOLDINGS LLC,PASHA HAWAII HOLDINGS LLC,hhg_interstate_carrier,
CANDIDATE,2861603,two-men-and-a-truck-jacksonville,usdot-2861603,958891,TMT JAX LLC,TWO MEN AND A TRUCK JACKSONVILLE,hhg_interstate_carrier,
CANDIDATE,286311,piepho-moving-storage-inc,usdot-286311,133951,"PIEPHO MOVING & STORAGE, INC.","PIEPHO MOVING & STORAGE, INC.",hhg_interstate_carrier,
CANDIDATE,2864933,encore-moving-storage-llc,usdot-2864933,959983,ENCORE MOVING & STORAGE LLC,ENCORE MOVING & STORAGE LLC,hhg_interstate_carrier,
CANDIDATE,2867080,alvarez-j-trucking,usdot-2867080,1065196,JUAN ALVAREZ,ALVAREZ J. TRUCKING,hhg_interstate_carrier,
CANDIDATE,2867354,alluel,usdot-2867354,960773,THE FASTWAY GROUP LLC,ALLUEL,hhg_interstate_carrier,
CANDIDATE,2867500,the-compost-crew-llc,usdot-2867500,960853,"THE COMPOST CREW, LLC","THE COMPOST CREW, LLC",hhg_interstate_carrier,
CANDIDATE,2867881,cloud9-moving,usdot-2867881,961054,"CLOUD NINE MOVING, LLC",CLOUD9 MOVING,hhg_interstate_carrier,
CANDIDATE,2868314,ram-transport-llc,usdot-2868314,961301,RAM TRANSPORT LLC,RAM TRANSPORT LLC,hhg_interstate_carrier,
CANDIDATE,2868936,united-speed-movers-inc,usdot-2868936,961621,"UNITED SPEED MOVERS, INC","UNITED SPEED MOVERS, INC",hhg_interstate_carrier,
CANDIDATE,2869802,creech-custom-services-llc,usdot-2869802,962049,CREECH CUSTOM SERVICES LLC,CREECH CUSTOM SERVICES LLC,hhg_interstate_carrier,
CANDIDATE,2872214,denver-moving,usdot-2872214,963279,UNITED TRUST VAN LINES LLC,DENVER MOVING,hhg_interstate_carrier,
CANDIDATE,2872618,two-men-and-a-truck-usdot-2872618,usdot-2872618,963474,"MOVING SMILES NYC, LLC",TWO MEN AND A TRUCK,hhg_interstate_carrier,
CANDIDATE,2874171,cool-hand-movers-llc,usdot-2874171,1641500,COOL HAND MOVERS LLC,COOL HAND MOVERS LLC,hhg_interstate_carrier,
CANDIDATE,2874534,piccolo-s-friendly-movers-llc,usdot-2874534,964379,PICCOLO'S FRIENDLY MOVERS LLC,PICCOLO'S FRIENDLY MOVERS LLC,hhg_interstate_carrier,
CANDIDATE,2874579,two-men-and-a-truck-usdot-2874579,usdot-2874579,964407,CATMAT LLC,TWO MEN AND A TRUCK,hhg_interstate_carrier,
CANDIDATE,2875026,quick-n-careful-movers,usdot-2875026,964624,"BLU MOVING, LLC",QUICK N CAREFUL MOVERS,hhg_interstate_carrier,
CANDIDATE,2875322,aoc-moving-and-storage-incorporation,usdot-2875322,964947,AOC MOVING AND STORAGE INCORPORATION,AOC MOVING AND STORAGE INCORPORATION,hhg_interstate_carrier,
CANDIDATE,2877082,anc-movers-inc,usdot-2877082,965633,ANC MOVERS INC,ANC MOVERS INC,hhg_interstate_carrier,
CANDIDATE,2880415,your-moving-source-llc,usdot-2880415,1000500,YOUR MOVING SOURCE LLC,YOUR MOVING SOURCE LLC,hhg_interstate_carrier,
CANDIDATE,2882675,alliance-moving-storage,usdot-2882675,967507,"HK&RP, LLC",ALLIANCE MOVING & STORAGE,hhg_interstate_carrier,
CANDIDATE,2882856,two-men-and-a-truck-usdot-2882856,usdot-2882856,967604,GREENSBORO MOVERS LLC,TWO MEN AND A TRUCK,hhg_interstate_carrier,
CANDIDATE,2883425,boyd-asphalt-llc,usdot-2883425,967907,"BOYD ASPHALT, LLC","BOYD ASPHALT, LLC",hhg_interstate_carrier,
CANDIDATE,2884251,veranda-llc,usdot-2884251,57,VERANDA LLC,VERANDA LLC,hhg_interstate_carrier,
CANDIDATE,2884622,ken-winning-transportation-llc,usdot-2884622,968475,KEN WINNING TRANSPORTATION LLC,KEN WINNING TRANSPORTATION LLC,hhg_interstate_carrier,
CANDIDATE,2887895,horace-power-transportation,usdot-2887895,969689,HORACE POWER TRANSPORTATION LLC,HORACE POWER TRANSPORTATION,hhg_interstate_carrier,
CANDIDATE,2888724,top-flight-deliveries,usdot-2888724,970131,JASON KILDAY,TOP FLIGHT DELIVERIES,hhg_interstate_carrier,
CANDIDATE,2888739,veterans-rideshare-inc,usdot-2888739,970139,"VETERANS RIDESHARE, INC.","VETERANS RIDESHARE, INC.",hhg_interstate_carrier,
CANDIDATE,2892909,blvd-moving,usdot-2892909,971895,BLVD MOVING,BLVD MOVING,hhg_interstate_carrier,
CANDIDATE,2893383,mlt,usdot-2893383,972113,MOVING LOADS TRANSPORTATION LLC,MLT,hhg_interstate_carrier,
CANDIDATE,289344,mccollister-s-transportation,usdot-289344,668184,MCCOLLISTER'S TRANSPORTATION GROUP INC,MCCOLLISTER'S TRANSPORTATION,hhg_interstate_carrier,
CANDIDATE,2895107,wizard-moving-and-storage,usdot-2895107,990789,WIZARD MOVING AND STORAGE,WIZARD MOVING AND STORAGE,hhg_interstate_carrier,
CANDIDATE,2895691,jyn-distributors,usdot-2895691,973063,JAIME PERDOMO TRUJILLO,JYN DISTRIBUTORS,hhg_interstate_carrier,
CANDIDATE,2896585,general-purpose-movers-llc,usdot-2896585,973560,"GENERAL PURPOSE MOVERS, LLC","GENERAL PURPOSE MOVERS, LLC",hhg_broker hhg_interstate_carrier,
CANDIDATE,2896983,unique-movers-llc,usdot-2896983,1347632,UNIQUE MOVERS LLC,UNIQUE MOVERS LLC,hhg_interstate_carrier,
CANDIDATE,2897684,two-men-and-a-truck-pensacola-fl,usdot-2897684,974138,GJ & 4K LLC,"TWO MEN AND A TRUCK, PENSACOLA, FL",hhg_interstate_carrier,
CANDIDATE,2898731,twin-ports-trailer-trash-inc,usdot-2898731,974672,TWIN PORTS TRAILER TRASH INC,TWIN PORTS TRAILER TRASH INC,hhg_interstate_carrier,
CANDIDATE,289919,delancey-street-moving-transportation,usdot-289919,198922,"DELANCEY STREET FOUNDATION, INC.",DELANCEY STREET MOVING & TRANSPORTATION,hhg_interstate_carrier,
CANDIDATE,2900581,prince-movers-inc,usdot-2900581,975824,PRINCE MOVERS INC,PRINCE MOVERS INC,hhg_interstate_carrier,
CANDIDATE,2900610,j-g-moving-co-inc,usdot-2900610,975658,J & G MOVING CO. INC.,J & G MOVING CO. INC.,hhg_interstate_carrier,
CANDIDATE,2901612,two-men-and-a-truck-usdot-2901612,usdot-2901612,976169,"INFINITE PALMS, LLC",TWO MEN AND A TRUCK,hhg_interstate_carrier,
CANDIDATE,2901815,moovers-chicago-inc,usdot-2901815,1281320,MOOVERS CHICAGO INC,MOOVERS CHICAGO INC,hhg_interstate_carrier,
CANDIDATE,2902870,voyage-moving-llc,usdot-2902870,20175,"VOYAGE MOVING, LLC","VOYAGE MOVING, LLC",hhg_interstate_carrier,
CANDIDATE,2903673,callbox-storage-llc,usdot-2903673,86284,CALLBOX STORAGE LLC,CALLBOX STORAGE LLC,hhg_interstate_carrier,
CANDIDATE,2906342,two-men-and-a-truck-of-princeton,usdot-2906342,978203,"BIRDISH, INC",TWO MEN AND A TRUCK OF PRINCETON,hhg_interstate_carrier,
CANDIDATE,2906606,total-moving-services-llc,usdot-2906606,978335,TOTAL MOVING SERVICES LLC,TOTAL MOVING SERVICES LLC,hhg_interstate_carrier,
CANDIDATE,2907535,two-men-and-a-truck-usdot-2907535,usdot-2907535,978867,"KIRK MOVING COMPANY, LLC.",TWO MEN AND A TRUCK,hhg_interstate_carrier,
CANDIDATE,2907565,brother-movers-co-llc,usdot-2907565,978885,BROTHER MOVERS CO LLC,BROTHER MOVERS CO LLC,hhg_interstate_carrier,
CANDIDATE,2907805,c-l-movers-llc,usdot-2907805,1151179,C&L MOVERS LLC,C&L MOVERS LLC,hhg_interstate_carrier,
CANDIDATE,2908185,two-men-and-a-truck-usdot-2908185,usdot-2908185,979238,SWS INVESTMENTS & HOLDINGS LLC,TWO MEN AND A TRUCK,hhg_interstate_carrier,
CANDIDATE,2909400,tlm-construction-services-inc,usdot-2909400,979894,TLM CONSTRUCTION SERVICES INC,TLM CONSTRUCTION SERVICES INC,hhg_interstate_carrier,
CANDIDATE,2909500,y-e-xpress-llc,usdot-2909500,979944,Y & E XPRESS LLC,Y & E XPRESS LLC,hhg_interstate_carrier,
CANDIDATE,29097,security-van-lines-l-l-c,usdot-29097,8768,"SECURITY VAN LINES, L.L.C.","SECURITY VAN LINES, L.L.C.",hhg_interstate_carrier,
CANDIDATE,2909815,gm-movers,usdot-2909815,1331602,MOVING G&V LLC,GM MOVERS,hhg_interstate_carrier,
CANDIDATE,2911777,ez-hauler,usdot-2911777,984086,RENT A LIVERY INC,EZ HAULER,hhg_interstate_carrier,
CANDIDATE,291205,storage-on-site-llc,usdot-291205,547794,STORAGE ON SITE LLC,STORAGE ON SITE LLC,hhg_interstate_carrier,
CANDIDATE,2912093,p2p-transportation-services-llc,usdot-2912093,981270,P2P TRANSPORTATION SERVICES LLC,P2P TRANSPORTATION SERVICES LLC,hhg_interstate_carrier,
CANDIDATE,2912343,twin-movers-inc,usdot-2912343,981394,TWIN MOVERS INC.,TWIN MOVERS INC.,hhg_interstate_carrier,
CANDIDATE,2913045,h-g-transportation-llc,usdot-2913045,981720,H & G TRANSPORTATION LLC,H & G TRANSPORTATION LLC,hhg_interstate_carrier,
CANDIDATE,291459,a-1-moving-storage-inc,usdot-291459,154778,"A-1 MOVING & STORAGE,INC.","A-1 MOVING & STORAGE,INC.",hhg_interstate_carrier,
CANDIDATE,2915709,b-c-moving,usdot-2915709,1258615,VILLA TRANSPORTATION LLC,B & C MOVING,hhg_interstate_carrier,
CANDIDATE,291590,piedmont-van-lines-inc,usdot-291590,195677,"PIEDMONT VAN LINES,  INC.","PIEDMONT VAN LINES,  INC.",hhg_interstate_carrier,
CANDIDATE,2916237,cy-trans-inc,usdot-2916237,982684,CY TRANS INC,CY TRANS INC,hhg_interstate_carrier,
CANDIDATE,2916978,jch-transportation-llc,usdot-2916978,2761,JCH TRANSPORTATION LLC,JCH TRANSPORTATION LLC,hhg_interstate_carrier,
CANDIDATE,2917922,bennett-s-moving-services,usdot-2917922,1072695,BMS ENTERPRISES LLC,BENNETT'S MOVING SERVICES,hhg_interstate_carrier,
CANDIDATE,2920342,montana-movers-llc,usdot-2920342,984712,MONTANA MOVERS LLC,MONTANA MOVERS LLC,hhg_interstate_carrier,
CANDIDATE,2921059,jd16-trucking,usdot-2921059,986264,JORGE SUAREZ SUAREZ,JD16 TRUCKING,hhg_interstate_carrier,
CANDIDATE,2921892,fragile-moving-inc,usdot-2921892,985509,FRAGILE MOVING INC,FRAGILE MOVING INC,hhg_interstate_carrier,
CANDIDATE,2921901,two-men-and-a-truck-phoenix-central,usdot-2921901,985512,TMTPHX LLC,TWO MEN AND A TRUCK PHOENIX CENTRAL,hhg_interstate_carrier,
CANDIDATE,2922241,moverama-llc,usdot-2922241,985701,MOVERAMA LLC,MOVERAMA LLC,hhg_interstate_carrier,
CANDIDATE,2925375,a-r-moving-transportation-inc,usdot-2925375,987038,A&R MOVING & TRANSPORTATION INC,A&R MOVING & TRANSPORTATION INC,hhg_interstate_carrier,
CANDIDATE,2925688,harmony-moving-inc,usdot-2925688,1526423,HARMONY MOVING INC,HARMONY MOVING INC,hhg_interstate_carrier,
CANDIDATE,2926493,two-men-and-a-truck-usdot-2926493,usdot-2926493,987632,TMT PORTLAND LLC,TWO MEN AND A TRUCK,hhg_interstate_carrier,
CANDIDATE,2926673,aspen-moving-company-llc,usdot-2926673,987695,ASPEN MOVING COMPANY LLC,ASPEN MOVING COMPANY LLC,hhg_interstate_carrier,
CANDIDATE,2926827,g-b-moving-llc,usdot-2926827,90833,G&B MOVING LLC,G&B MOVING LLC,hhg_interstate_carrier,
CANDIDATE,2927497,powerhaul-movers-llc,usdot-2927497,988101,POWERHAUL MOVERS LLC,POWERHAUL MOVERS LLC,hhg_interstate_carrier,
CANDIDATE,292755,al-s-moving-co,usdot-292755,185639,VERAL CORP.,AL'S MOVING CO.,hhg_interstate_carrier,
CANDIDATE,2928389,college-hunks-hauling-junk-and-moving-usdot-2928389,usdot-2928389,1163898,TITUS 2 PROJECT LLC,COLLEGE HUNKS HAULING JUNK AND MOVING,hhg_interstate_carrier,
CANDIDATE,2928390,rainbow-moving-network,usdot-2928390,988548,"INTERSTATE MOVING & STORAGE, INC.",RAINBOW MOVING NETWORK,hhg_interstate_carrier,
CANDIDATE,2928414,mercado-g-llc,usdot-2928414,712433,"MERCADO & G, LLC","MERCADO & G, LLC",hhg_interstate_carrier,
CANDIDATE,2929344,call-the-movers,usdot-2929344,988865,CALL THE MOVERS LLC,CALL THE MOVERS,hhg_interstate_carrier,
CANDIDATE,2929489,two-men-and-a-truck-usdot-2929489,usdot-2929489,19354,WEB ENDEAVORS INC,TWO MEN AND A TRUCK,hhg_interstate_carrier,
CANDIDATE,29323,cardinal-van-storage-inc,usdot-29323,128571,CARDINAL VAN & STORAGE INC,CARDINAL VAN & STORAGE INC,hhg_interstate_carrier,
CANDIDATE,2933318,kentuckiana-moving-llc,usdot-2933318,1080511,"KENTUCKIANA MOVING, LLC","KENTUCKIANA MOVING, LLC",hhg_interstate_carrier,
CANDIDATE,293382,blitz-moving-services-inc,usdot-293382,190979,BLITZ  MOVING  SERVICES   INC.,BLITZ  MOVING  SERVICES   INC.,hhg_interstate_carrier,
CANDIDATE,2934378,baldwin-fa-r,usdot-2934378,991279,BALDWIN FINE ART & RESIDENTIAL LLC,BALDWIN FA&R,hhg_interstate_carrier,
CANDIDATE,2935673,a-b-moving-llc,usdot-2935673,991908,A & B MOVING LLC,A & B MOVING LLC,hhg_interstate_carrier,
CANDIDATE,2938673,ardi-moving-storage-llc,usdot-2938673,993430,ARDI MOVING & STORAGE LLC,ARDI MOVING & STORAGE LLC,hhg_interstate_carrier,
CANDIDATE,2939475,thoughtful-moving-llc,usdot-2939475,993841,THOUGHTFUL MOVING LLC,THOUGHTFUL MOVING LLC,hhg_interstate_carrier,
CANDIDATE,294028,behrens-moving-co,usdot-294028,198623,BEHRENS MOVING CO.,BEHRENS MOVING CO.,hhg_interstate_carrier,
CANDIDATE,294077,bills-moving-storage-inc,usdot-294077,155001,"BILLS MOVING & STORAGE, INC.","BILLS MOVING & STORAGE, INC.",hhg_interstate_carrier,
CANDIDATE,2941036,thrifty-movers-inc,usdot-2941036,1537590,THRIFTY MOVERS INC,THRIFTY MOVERS INC,hhg_interstate_carrier,
CANDIDATE,2942984,mamota-shipping,usdot-2942984,995637,MAMOTA SHIPPING,MAMOTA SHIPPING,hhg_interstate_carrier,
CANDIDATE,2943237,security-moving-vienna-virginia,usdot-2943237,995776,TGH MOVING SERVICES LLC,SECURITY MOVING VIENNA VIRGINIA,hhg_interstate_carrier,
CANDIDATE,2943400,viceroy-moving-llc,usdot-2943400,995855,VICEROY MOVING LLC,VICEROY MOVING LLC,hhg_interstate_carrier,
CANDIDATE,2944430,two-men-and-a-truck-usdot-2944430,usdot-2944430,996393,JTW LINCOLN INC,TWO MEN AND A TRUCK,hhg_interstate_carrier,
CANDIDATE,2944590,quick-move-transport-and-storage,usdot-2944590,1170668,BOXES AND PACKAGING INC,QUICK MOVE TRANSPORT AND STORAGE,hhg_interstate_carrier,
CANDIDATE,2944986,two-men-and-a-truck-lake-charles,usdot-2944986,996676,CBL JONES LLC,TWO MEN AND A TRUCK LAKE CHARLES,hhg_interstate_carrier,
CANDIDATE,294565,murray-s-moving-storage-inc,usdot-294565,209388,"MURRAY'S MOVING & STORAGE, INC.","MURRAY'S MOVING & STORAGE, INC.",hhg_interstate_carrier,
CANDIDATE,2945834,long-moving-and-storage-llc,usdot-2945834,997090,LONG MOVING AND STORAGE LLC,LONG MOVING AND STORAGE LLC,hhg_interstate_carrier,
CANDIDATE,2947979,two-men-and-a-truck-usdot-2947979,usdot-2947979,998013,RELO6 LLC,TWO MEN AND A TRUCK,hhg_interstate_carrier,
CANDIDATE,294825,transconex-international-inc,usdot-294825,,"TRANSCONEX INTERNATIONAL, INC.","TRANSCONEX INTERNATIONAL, INC.",hhg_interstate_carrier,
CANDIDATE,2949754,logistic-van-lines-inc,usdot-2949754,998624,LOGISTIC VAN LINES INC,LOGISTIC VAN LINES INC,hhg_interstate_carrier,
CANDIDATE,295017,united-moving-and-storage-inc,usdot-295017,139446,"UNITED MOVING AND STORAGE, INC.","UNITED MOVING AND STORAGE, INC.",hhg_interstate_carrier,
CANDIDATE,2950322,jr-moving-corp,usdot-2950322,998851,JR MOVING CORP,JR MOVING CORP,hhg_interstate_carrier,
CANDIDATE,2950329,adirondack-moving-company-llc,usdot-2950329,1026200,ADIRONDACK MOVING COMPANY LLC,ADIRONDACK MOVING COMPANY LLC,hhg_interstate_carrier,
CANDIDATE,295049,moyers-transfer,usdot-295049,154853,LEEMAN M. MOYERS,MOYERS TRANSFER,hhg_interstate_carrier,
CANDIDATE,2950810,garos-transportation-llc,usdot-2950810,43083,GAROS TRANSPORTATION LLC,GAROS TRANSPORTATION LLC,hhg_interstate_carrier,
CANDIDATE,2951563,two-men-and-a-truck-usdot-2951563,usdot-2951563,999453,TMT NAPLES LLC,TWO MEN AND A TRUCK,hhg_interstate_carrier,
CANDIDATE,2952132,greenlight-trans-llc,usdot-2952132,123,GREENLIGHT TRANS LLC,GREENLIGHT TRANS LLC,hhg_interstate_carrier,
CANDIDATE,295250,aaa-moving-storage-co,usdot-295250,1676433,AAA MOVING & STORAGE CO,AAA MOVING & STORAGE CO,hhg_interstate_carrier,
CANDIDATE,2952527,antons-moving-co-inc,usdot-2952527,999691,ANTONS MOVING CO INC,ANTONS MOVING CO INC,hhg_interstate_carrier,
CANDIDATE,2953221,the-florida-movers-door-to-door-moving-and-storage,usdot-2953221,326,TFM MOVERS INC,THE FLORIDA MOVERS|DOOR TO DOOR MOVING AND STORAGE,hhg_interstate_carrier,
CANDIDATE,2953825,aces-disposal-services-inc,usdot-2953825,1377170,ACES DISPOSAL SERVICES INC,ACES DISPOSAL SERVICES INC,hhg_interstate_carrier,
CANDIDATE,2956624,dynamic-moving-systems,usdot-2956624,2267,"EMPIRE TRANSPORTATION GROUP, INC.",DYNAMIC MOVING SYSTEMS,hhg_interstate_carrier,
CANDIDATE,2956756,spirit-van-lines-llc,usdot-2956756,2339,SPIRIT VAN LINES LLC,SPIRIT VAN LINES LLC,hhg_interstate_carrier,
CANDIDATE,2956991,college-hunks-hauling-junk-and-moving-usdot-2956991,usdot-2956991,71201,MTC LEARNING TECHNOLOGIES,COLLEGE HUNKS HAULING JUNK AND MOVING,hhg_interstate_carrier,
CANDIDATE,2957309,add-installation-services-llc,usdot-2957309,4229,ADD INSTALLATION SERVICES LLC,ADD INSTALLATION SERVICES LLC,hhg_interstate_carrier,
CANDIDATE,2957415,cita-van-lines-inc,usdot-2957415,2708,CITA VAN LINES INC,CITA VAN LINES INC,hhg_interstate_carrier,
CANDIDATE,2957535,intrepid-moving-services-inc,usdot-2957535,2779,INTREPID MOVING SERVICES INC,INTREPID MOVING SERVICES INC,hhg_interstate_carrier,
CANDIDATE,295758,ambassador-van-lines-inc,usdot-295758,177217,"AMBASSADOR VAN LINES, INC.","AMBASSADOR VAN LINES, INC.",hhg_broker hhg_interstate_carrier,
CANDIDATE,2958152,zippy-shell-of-greater-cleveland,usdot-2958152,1048220,BANKHURST INDUSTRIES LLC,ZIPPY SHELL OF GREATER CLEVELAND,hhg_interstate_carrier,
CANDIDATE,2959051,bolt-movers,usdot-2959051,75856,BOLT MOVERS LLC,BOLT MOVERS,hhg_interstate_carrier,
CANDIDATE,2959084,crocker-moving-services-llc,usdot-2959084,1069655,CROCKER MOVING SERVICES LLC,CROCKER MOVING SERVICES LLC,hhg_interstate_carrier,
CANDIDATE,2960760,leolines-llc,usdot-2960760,4515,LEOLINES LLC,LEOLINES LLC,hhg_interstate_carrier,
CANDIDATE,29630,ortlieb-moving-storage-co-inc,usdot-29630,129388,"ORTLIEB  MOVING &  STORAGE  CO.,  INC.","ORTLIEB  MOVING &  STORAGE  CO.,  INC.",hhg_interstate_carrier,
CANDIDATE,2963379,leos-moving,usdot-2963379,19963,LEOS MOVING AND STORAGE LLC,LEOS MOVING,hhg_interstate_carrier,
CANDIDATE,2964328,ssm-moving-llc,usdot-2964328,6577,SSM MOVING LLC,SSM MOVING LLC,hhg_interstate_carrier,
CANDIDATE,2964838,2-young-studs-moving-llc,usdot-2964838,6861,2 YOUNG STUDS MOVING LLC,2 YOUNG STUDS MOVING LLC,hhg_interstate_carrier,
CANDIDATE,2965247,burns-farms-llc,usdot-2965247,1333460,BURNS FARMS LLC,BURNS FARMS LLC,hhg_broker hhg_interstate_carrier,
CANDIDATE,2965653,we-are-united-moving-and-storage-inc,usdot-2965653,7296,WE ARE UNITED MOVING AND STORAGE INC,WE ARE UNITED MOVING AND STORAGE INC,hhg_interstate_carrier,
CANDIDATE,29659,fountain-moving-storage-inc,usdot-29659,133282,"FOUNTAIN MOVING & STORAGE, INC.","FOUNTAIN MOVING & STORAGE, INC.",hhg_interstate_carrier,
CANDIDATE,2966069,potomac-moving-company-llc,usdot-2966069,7510,POTOMAC MOVING COMPANY LLC,POTOMAC MOVING COMPANY LLC,hhg_interstate_carrier,
CANDIDATE,2966469,freedom-moving-storage,usdot-2966469,24899,FREEDOM MOVING & STORAGE,FREEDOM MOVING & STORAGE,hhg_interstate_carrier,
CANDIDATE,2966477,raptor-van-lines,usdot-2966477,7823,BENJI'S MOVERS INC,RAPTOR VAN LINES,hhg_interstate_carrier,
CANDIDATE,296648,eureka-van-storage-co-inc,usdot-296648,149362,"EUREKA VAN & STORAGE CO, INC.","EUREKA VAN & STORAGE CO, INC.",hhg_interstate_carrier,
CANDIDATE,2966807,bs-t-llc,usdot-2966807,7907,BS & T LLC,BS & T LLC,hhg_interstate_carrier,
CANDIDATE,2966913,two-men-and-a-truck-of-montana,usdot-2966913,7978,DAROM LLC,TWO MEN AND A TRUCK OF MONTANA,hhg_interstate_carrier,
CANDIDATE,2967317,tms-moving-storage-llc,usdot-2967317,1055458,TMS MOVING & STORAGE LLC,TMS MOVING & STORAGE LLC,hhg_interstate_carrier,
CANDIDATE,2968831,ez-moving-services-llc,usdot-2968831,23412,EZ MOVING SERVICES LLC,EZ MOVING SERVICES LLC,hhg_interstate_carrier,
CANDIDATE,2969066,nation-capital-moving-llc,usdot-2969066,9058,"NATION CAPITAL MOVERS, LLC","NATION CAPITAL MOVING, LLC",hhg_interstate_carrier,
CANDIDATE,2969220,kd-on-wheels,usdot-2969220,9140,KD ON WHEELS,KD ON WHEELS,hhg_interstate_carrier,
CANDIDATE,2969363,zip-to-zip-moving-inc,usdot-2969363,9229,ZIP TO ZIP  MOVING  INC,ZIP TO ZIP  MOVING  INC,hhg_interstate_carrier,
CANDIDATE,2970005,two-men-and-a-truck-usdot-2970005,usdot-2970005,10822,DREW CORPORATION,TWO MEN AND A TRUCK,hhg_interstate_carrier,
CANDIDATE,2970211,herrera-transport-inc,usdot-2970211,9649,HERRERA TRANSPORT INC,HERRERA TRANSPORT INC,hhg_interstate_carrier,
CANDIDATE,297081,abc-van-lines-inc,usdot-297081,164026,"ABC VAN LINES, INC.","ABC VAN LINES, INC.",hhg_interstate_carrier,
CANDIDATE,2971724,a-p-shipping-corporation,usdot-2971724,,A & P SHIPPING CORPORATION,A & P SHIPPING CORPORATION,hhg_interstate_carrier,
CANDIDATE,2971728,a-advantage-forwarders-inc,usdot-2971728,,"A ADVANTAGE FORWARDERS, INC.","A ADVANTAGE FORWARDERS, INC.",hhg_interstate_carrier,
CANDIDATE,2971737,a-three-rivers-forwarding-llc,usdot-2971737,,"A THREE RIVERS FORWARDING, LLC","A THREE RIVERS FORWARDING, LLC",hhg_interstate_carrier,
CANDIDATE,2971746,a-a-sound-forwarders-inc,usdot-2971746,,"A. A. SOUND FORWARDERS, INC.","A. A. SOUND FORWARDERS, INC.",hhg_interstate_carrier,
CANDIDATE,2971754,aaa-dispatch-international-inc,usdot-2971754,,"AAA DISPATCH INTERNATIONAL, INC.","AAA DISPATCH INTERNATIONAL, INC.",hhg_interstate_carrier,
CANDIDATE,2971755,aaa-southern-forwarding-inc,usdot-2971755,,"AAA SOUTHERN FORWARDING, INC.","AAA SOUTHERN FORWARDING, INC.",hhg_interstate_carrier,
CANDIDATE,2971757,aalmode-transportation-corporation,usdot-2971757,,AALMODE TRANSPORTATION CORPORATION,AALMODE TRANSPORTATION CORPORATION,hhg_interstate_carrier,
CANDIDATE,2971759,aaa-moving-storage-inc,usdot-2971759,,"AAA MOVING & STORAGE, INC.","AAA MOVING & STORAGE, INC.",hhg_interstate_carrier,
CANDIDATE,2971767,ability-forwarders-inc,usdot-2971767,,"ABILITY FORWARDERS, INC.","ABILITY FORWARDERS, INC.",hhg_interstate_carrier,
CANDIDATE,2971771,academy-forwarders-inc,usdot-2971771,625121,"ACADEMY FORWARDERS, INC.","ACADEMY FORWARDERS, INC.",hhg_interstate_carrier,
CANDIDATE,2971773,access-forwarding-inc,usdot-2971773,,"ACCESS FORWARDING, INC.","ACCESS FORWARDING, INC.",hhg_interstate_carrier,
CANDIDATE,2971775,acorn-forwarding-inc,usdot-2971775,,"ACORN FORWARDING, INC.","ACORN FORWARDING, INC.",hhg_interstate_carrier,
CANDIDATE,2971776,acorn-international-forwarding-co,usdot-2971776,,ACORN INTERNATIONAL FORWARDING CO.,ACORN INTERNATIONAL FORWARDING CO.,hhg_interstate_carrier,
CANDIDATE,2971794,advantage-forwarders-inc,usdot-2971794,,"ADVANTAGE FORWARDERS, INC.","ADVANTAGE FORWARDERS, INC.",hhg_interstate_carrier,
CANDIDATE,2971799,affiliated-forwarders-inc,usdot-2971799,,"AFFILIATED FORWARDERS, INC.","AFFILIATED FORWARDERS, INC.",hhg_interstate_carrier,
CANDIDATE,2971820,container-concepts,usdot-2971820,,"ALBERT CONTAINER CONCEPTS, L. C.",CONTAINER CONCEPTS,hhg_interstate_carrier,
CANDIDATE,2971851,alpine-forwarders-inc,usdot-2971851,,ALPINE FORWARDERS INC.,ALPINE FORWARDERS INC.,hhg_interstate_carrier,
CANDIDATE,2971874,ameritrans-international-inc,usdot-2971874,,"AMERITRANS INTERNATIONAL, INC.","AMERITRANS INTERNATIONAL, INC.",hhg_interstate_carrier,
CANDIDATE,2971890,andrews-forwarders-inc,usdot-2971890,,"ANDREWS FORWARDERS,INC.","ANDREWS FORWARDERS,INC.",hhg_interstate_carrier,
CANDIDATE,2971893,ann-forwarding-inc,usdot-2971893,,"ANN FORWARDING, INC.","ANN FORWARDING, INC.",hhg_interstate_carrier,
CANDIDATE,2971900,apollo-forwarders-inc,usdot-2971900,,"APOLLO FORWARDERS, INC.","APOLLO FORWARDERS, INC.",hhg_interstate_carrier,
CANDIDATE,2971901,apollo-interstate-inc,usdot-2971901,,"APOLLO INTERSTATE, INC.","APOLLO INTERSTATE, INC.",hhg_interstate_carrier,
CANDIDATE,2971921,attentive-military-moving-inc,usdot-2971921,,"ATTENTIVE MILITARY MOVING, INC.","ATTENTIVE MILITARY MOVING, INC.",hhg_interstate_carrier,
CANDIDATE,2971933,associated-forwarding-inc,usdot-2971933,,"ASSOCIATED FORWARDING, INC.","ASSOCIATED FORWARDING, INC.",hhg_interstate_carrier,
CANDIDATE,2971958,b-b-forwarding-inc,usdot-2971958,,"B & B FORWARDING, INC.","B & B FORWARDING, INC.",hhg_interstate_carrier,
CANDIDATE,2971973,bainbridge-international-transport-corp,usdot-2971973,,BAINBRIDGE INTERNATIONAL TRANSPORT CORP,BAINBRIDGE INTERNATIONAL TRANSPORT CORP,hhg_interstate_carrier,
CANDIDATE,2971978,baltic-forwarding-inc,usdot-2971978,,"BALTIC FORWARDING, INC.","BALTIC FORWARDING, INC.",hhg_interstate_carrier,
CANDIDATE,2972002,bekins-century-forwarding-inc,usdot-2972002,,"BEKINS CENTURY FORWARDING, INC.","BEKINS CENTURY FORWARDING, INC.",hhg_interstate_carrier,
CANDIDATE,2972003,bekins-independence-forwarders-inc,usdot-2972003,,"BEKINS INDEPENDENCE FORWARDERS, INC.","BEKINS INDEPENDENCE FORWARDERS, INC.",hhg_interstate_carrier,
CANDIDATE,2972004,bekins-liberty-forwarders-inc,usdot-2972004,,"BEKINS LIBERTY FORWARDERS, INC.","BEKINS LIBERTY FORWARDERS, INC.",hhg_interstate_carrier,
CANDIDATE,2972034,binl-incorporated,usdot-2972034,,"BINL, INCORPORATED","BINL, INCORPORATED",hhg_interstate_carrier,
CANDIDATE,2972045,blonde-international-services-inc,usdot-2972045,,"BLONDE INTERNATIONAL SERVICES, INC.","BLONDE INTERNATIONAL SERVICES, INC.",hhg_interstate_carrier,
CANDIDATE,2972063,bomar-international-forwarding-inc,usdot-2972063,,"BOMAR INTERNATIONAL FORWARDING, INC.","BOMAR INTERNATIONAL FORWARDING, INC.",hhg_interstate_carrier,
CANDIDATE,2972107,c-n-vanlines-inc,usdot-2972107,,"C&N VANLINES, INC.","C&N VANLINES, INC.",hhg_interstate_carrier,
CANDIDATE,2972119,cactus-consolidators-l-p,usdot-2972119,,CACTUS CONSOLIDATORS L.P.,CACTUS CONSOLIDATORS L.P.,hhg_interstate_carrier,
CANDIDATE,2972121,caisson-forwarding-co-inc,usdot-2972121,,"CAISSON FORWARDING CO., INC.","CAISSON FORWARDING CO., INC.",hhg_interstate_carrier,
CANDIDATE,2972156,carlyle-forwarding-inc,usdot-2972156,509249,"CARLYLE FORWARDING, INC.","CARLYLE FORWARDING, INC.",hhg_interstate_carrier,
CANDIDATE,2972166,castine-relocation,usdot-2972166,,"CASTINE FORWARDING, INC.",CASTINE RELOCATION,hhg_interstate_carrier,
CANDIDATE,2972244,compass-international-forwarding-inc,usdot-2972244,,"COMPASS INTERNATIONAL FORWARDING, INC.","COMPASS INTERNATIONAL FORWARDING, INC.",hhg_interstate_carrier,
CANDIDATE,2972261,cordaro-shipping-co-inc,usdot-2972261,,CORDARO SHIPPING CO INC,CORDARO SHIPPING CO INC,hhg_interstate_carrier,
CANDIDATE,2972268,corsair-forwarding-co-inc,usdot-2972268,,"CORSAIR FORWARDING CO., INC.","CORSAIR FORWARDING CO., INC.",hhg_interstate_carrier,
CANDIDATE,2972281,covan-international-inc,usdot-2972281,,"COVAN INTERNATIONAL, INC.","COVAN INTERNATIONAL, INC.",hhg_interstate_carrier,
CANDIDATE,2972329,darby-movers-inc,usdot-2972329,,"DARBY MOVERS, INC.","DARBY MOVERS, INC.",hhg_interstate_carrier,
CANDIDATE,2972350,davidson-forwarding-company,usdot-2972350,,DAVIDSON FORWARDING COMPANY,DAVIDSON FORWARDING COMPANY,hhg_interstate_carrier,
CANDIDATE,2972360,dell-forwarding-inc,usdot-2972360,,"DELL FORWARDING, INC.","DELL FORWARDING, INC.",hhg_interstate_carrier,
CANDIDATE,2972368,deseret-forwarding-international-inc,usdot-2972368,,"DESERET FORWARDING INTERNATIONAL, INC.","DESERET FORWARDING INTERNATIONAL, INC.",hhg_interstate_carrier,
CANDIDATE,2972426,dyer-international-inc,usdot-2972426,,"DYER INTERNATIONAL, INC.","DYER INTERNATIONAL, INC.",hhg_interstate_carrier,
CANDIDATE,2972434,e-b-international-inc,usdot-2972434,,E&B INTERNATIONAL INC,E&B INTERNATIONAL INC,hhg_interstate_carrier,
CANDIDATE,2972441,eastern-forwarding-inc,usdot-2972441,517440,"EASTERN FORWARDING, INC.","EASTERN FORWARDING, INC.",hhg_interstate_carrier,
CANDIDATE,2972468,aaa-heartland-express,usdot-2972468,,"EL PASO MOVING & STORAGE, INC.",AAA HEARTLAND EXPRESS,hhg_interstate_carrier,
CANDIDATE,2972503,euro-asia-u-s-international-services-inc,usdot-2972503,,"EURO-ASIA-U. S. INTERNATIONAL SERVICES, INC.","EURO-ASIA-U. S. INTERNATIONAL SERVICES, INC.",hhg_interstate_carrier,
CANDIDATE,2972543,fidelity-freight-services-inc,usdot-2972543,,"FIDELITY FREIGHT SERVICES, INC.","FIDELITY FREIGHT SERVICES, INC.",hhg_interstate_carrier,
CANDIDATE,2972559,foremost-forwarders-inc,usdot-2972559,,"FOREMOST FORWARDERS, INC.","FOREMOST FORWARDERS, INC.",hhg_interstate_carrier,
CANDIDATE,2972591,furniture-forwarding-inc,usdot-2972591,,"FURNITURE FORWARDING, INC.","FURNITURE FORWARDING, INC.",hhg_interstate_carrier,
CANDIDATE,2972637,glacier-forwarding-inc,usdot-2972637,,GLACIER FORWARDING INC,GLACIER FORWARDING INC,hhg_interstate_carrier,
CANDIDATE,2972647,glory-forwarders-l-l-c,usdot-2972647,,"GLORY FORWARDERS, L.L.C.","GLORY FORWARDERS, L.L.C.",hhg_interstate_carrier,
CANDIDATE,2972659,gollott-forwarding-inc,usdot-2972659,,"GOLLOTT FORWARDING, INC.","GOLLOTT FORWARDING, INC.",hhg_interstate_carrier,
CANDIDATE,2972689,gulf-forwarding-inc,usdot-2972689,,"GULF FORWARDING,INC.","GULF FORWARDING,INC.",hhg_interstate_carrier,
CANDIDATE,2972695,axis-international,usdot-2972695,,"H&B FORWARDING, INC.",AXIS INTERNATIONAL,hhg_interstate_carrier,
CANDIDATE,2972796,international-specialists-inc,usdot-2972796,,INTERNATIONAL SPECIALISTS INC,INTERNATIONAL SPECIALISTS INC,hhg_interstate_carrier,
CANDIDATE,2972799,interstate-international-inc,usdot-2972799,313306,"INTERSTATE INTERNATIONAL, INC.","INTERSTATE INTERNATIONAL, INC.",hhg_broker hhg_interstate_carrier,
CANDIDATE,2972805,island-forwarding-inc,usdot-2972805,,"ISLAND FORWARDING, INC.","ISLAND FORWARDING, INC.",hhg_interstate_carrier,
CANDIDATE,2972868,jet-forwarding-llc,usdot-2972868,,"JET FORWARDING, LLC","JET FORWARDING, LLC",hhg_interstate_carrier,
CANDIDATE,2972877,jk-forwarders-inc,usdot-2972877,,"JK FORWARDERS, INC.","JK FORWARDERS, INC.",hhg_interstate_carrier,
CANDIDATE,2972908,johnson-household-goods-shipping-l-l-c,usdot-2972908,,"JOHNSON HOUSEHOLD GOODS SHIPPING, L.L.C.","JOHNSON HOUSEHOLD GOODS SHIPPING, L.L.C.",hhg_interstate_carrier,
CANDIDATE,2973008,kurtious-moving-llc,usdot-2973008,904809,KURTIOUS MOVING LLC,KURTIOUS MOVING LLC,hhg_interstate_carrier,
CANDIDATE,2973099,lynx-forwarding-inc,usdot-2973099,,"LYNX FORWARDING, INC.","LYNX FORWARDING, INC.",hhg_interstate_carrier,
CANDIDATE,2973120,marathon-international-forwarding-inc,usdot-2973120,,"MARATHON INTERNATIONAL FORWARDING, INC.","MARATHON INTERNATIONAL FORWARDING, INC.",hhg_interstate_carrier,
CANDIDATE,2973135,martial-forwarding-co-inc,usdot-2973135,,"MARTIAL FORWARDING CO., INC.","MARTIAL FORWARDING CO., INC.",hhg_interstate_carrier,
CANDIDATE,2973285,noram-forwarding-llc,usdot-2973285,,"NORAM FORWARDING, LLC","NORAM FORWARDING, LLC",hhg_interstate_carrier,
CANDIDATE,2973332,ozark-forwarding-inc,usdot-2973332,517441,"OZARK FORWARDING, INC.","OZARK FORWARDING, INC.",hhg_interstate_carrier,
CANDIDATE,2973349,hwmci,usdot-2973349,,HWMCI,HWMCI,hhg_interstate_carrier,
CANDIDATE,2973358,agile-military-moving-inc,usdot-2973358,,"AGILE MILITARY MOVING, INC.","AGILE MILITARY MOVING, INC.",hhg_interstate_carrier,
CANDIDATE,2973367,pearl-forwarding-inc,usdot-2973367,,"PEARL FORWARDING, INC.","PEARL FORWARDING, INC.",hhg_interstate_carrier,
CANDIDATE,2973373,perfect-pak-company,usdot-2973373,,PERFECT PAK COMPANY,PERFECT PAK COMPANY,hhg_interstate_carrier,
CANDIDATE,2973385,piedmont-forwarding-inc,usdot-2973385,517443,"PIEDMONT FORWARDING, INC.","PIEDMONT FORWARDING, INC.",hhg_interstate_carrier,
CANDIDATE,2973456,rainier-overseas-inc,usdot-2973456,,"RAINIER OVERSEAS, INC.","RAINIER OVERSEAS, INC.",hhg_interstate_carrier,
CANDIDATE,2973559,rosen-forwarders-l-l-c,usdot-2973559,,"ROSEN  FORWARDERS, L.L.C.","ROSEN  FORWARDERS, L.L.C.",hhg_interstate_carrier,
CANDIDATE,2973614,security-household-goods-forwarding-l-l-c,usdot-2973614,,"SECURITY HOUSEHOLD GOODS FORWARDING, L.L.C.","SECURITY HOUSEHOLD GOODS FORWARDING, L.L.C.",hhg_interstate_carrier,
CANDIDATE,2973615,senate-forwarding-inc,usdot-2973615,,"SENATE FORWARDING, INC.","SENATE FORWARDING, INC.",hhg_interstate_carrier,
CANDIDATE,2973617,sentinel-international-forwarding-inc,usdot-2973617,,"SENTINEL INTERNATIONAL FORWARDING, INC.","SENTINEL INTERNATIONAL FORWARDING, INC.",hhg_interstate_carrier,
CANDIDATE,2973646,silver-military-moving-inc,usdot-2973646,,"SILVER MILITARY MOVING, INC.","SILVER MILITARY MOVING, INC.",hhg_interstate_carrier,
CANDIDATE,2973647,silver-ridge-forwarding-incorporated,usdot-2973647,,"SILVER RIDGE FORWARDING, INCORPORATED","SILVER RIDGE FORWARDING, INCORPORATED",hhg_interstate_carrier,
CANDIDATE,2973652,sisters-forwarding-inc,usdot-2973652,,"SISTERS FORWARDING, INC.","SISTERS FORWARDING, INC.",hhg_interstate_carrier,
CANDIDATE,2973670,sourdough-forwarding-llc,usdot-2973670,,"SOURDOUGH FORWARDING, LLC","SOURDOUGH FORWARDING, LLC",hhg_interstate_carrier,
CANDIDATE,2973709,stearns-forwarders-inc,usdot-2973709,,"STEARNS FORWARDERS, INC.","STEARNS FORWARDERS, INC.",hhg_interstate_carrier,
CANDIDATE,2973731,sumo-moving,usdot-2973731,912292,SUMO MOVING LLC,SUMO MOVING,hhg_interstate_carrier,
CANDIDATE,2973744,susan-forwarding-inc,usdot-2973744,517444,"SUSAN FORWARDING, INC.","SUSAN FORWARDING, INC.",hhg_interstate_carrier,
CANDIDATE,2973748,swiftmode-forwarding-co-inc,usdot-2973748,,"SWIFTMODE FORWARDING CO., INC.","SWIFTMODE FORWARDING CO., INC.",hhg_interstate_carrier,
CANDIDATE,2973753,t-r-a-c-e-international-inc,usdot-2973753,,"T. R. A. C. E. INTERNATIONAL, INC.","T. R. A. C. E. INTERNATIONAL, INC.",hhg_interstate_carrier,
CANDIDATE,2973755,t-e-k-forwarding-inc,usdot-2973755,,T.E.K. FORWARDING INC.,T.E.K. FORWARDING INC.,hhg_interstate_carrier,
CANDIDATE,2973841,transportation-international-inc,usdot-2973841,,"TRANSPORTATION INTERNATIONAL, INC.","TRANSPORTATION INTERNATIONAL, INC.",hhg_interstate_carrier,
CANDIDATE,2973858,triad-forwarders-inc,usdot-2973858,,"TRIAD FORWARDERS, INC.","TRIAD FORWARDERS, INC.",hhg_interstate_carrier,
CANDIDATE,297386,landstar-gemini-inc,usdot-297386,177505,"LANDSTAR GEMINI, INC.","LANDSTAR GEMINI, INC.",hhg_broker hhg_interstate_carrier,
CANDIDATE,2973905,universal-forwarding-co-inc,usdot-2973905,,"UNIVERSAL FORWARDING CO., INC.","UNIVERSAL FORWARDING CO., INC.",hhg_interstate_carrier,
CANDIDATE,2973957,wabash-forwarding-inc,usdot-2973957,,"WABASH FORWARDING, INC.","WABASH FORWARDING, INC.",hhg_interstate_carrier,
CANDIDATE,2973988,western-forwarding-inc,usdot-2973988,517445,"WESTERN FORWARDING, INC.","WESTERN FORWARDING, INC.",hhg_interstate_carrier,
CANDIDATE,2974042,yfc-u-s-a-inc,usdot-2974042,429352,YFC (U.S.A.) INC.,YFC (U.S.A.) INC.,hhg_interstate_carrier,
CANDIDATE,2974270,manhattan-movers-crew-corp,usdot-2974270,35363,MANHATTAN MOVERS CREW CORP,MANHATTAN MOVERS CREW CORP,hhg_interstate_carrier,
CANDIDATE,2975183,quinn-moving-llc,usdot-2975183,61314,QUINN MOVING LLC,QUINN MOVING LLC,hhg_interstate_carrier,
CANDIDATE,2975193,firefighting-s-finest-moving-storage-usdot-2975193,usdot-2975193,1016799,AFD MOVERS INC,FIREFIGHTING'S FINEST MOVING & STORAGE,hhg_interstate_carrier,
CANDIDATE,2976681,mcjeric-interstate,usdot-2976681,11862,MCJERIC INTERSTATE,MCJERIC INTERSTATE,hhg_interstate_carrier,
CANDIDATE,2977737,sunflower-moving-storage,usdot-2977737,22248,SMOTH R VANS INC,SUNFLOWER MOVING & STORAGE,hhg_interstate_carrier,
CANDIDATE,2978465,adg-transport-services-llc,usdot-2978465,12926,ADG TRANSPORT SERVICES LLC,ADG TRANSPORT SERVICES LLC,hhg_interstate_carrier,
CANDIDATE,2980086,in-n-out-movers-corp,usdot-2980086,13778,IN N OUT MOVERS CORP,IN N OUT MOVERS CORP,hhg_interstate_carrier,
CANDIDATE,2980104,college-hunks-hauling-junk-usdot-2980104,usdot-2980104,1177188,LOMBARDO ENTERPRISES LLC,COLLEGE HUNKS HAULING JUNK,hhg_interstate_carrier,
CANDIDATE,2980425,alamance-movers-llc,usdot-2980425,1065437,ALAMANCE MOVERS LLC,ALAMANCE MOVERS LLC,hhg_interstate_carrier,
CANDIDATE,2980862,wagner-ranch-trucking,usdot-2980862,14155,JAMES T WAGNER,WAGNER RANCH TRUCKING,hhg_interstate_carrier,
CANDIDATE,2980927,s-a-movers-inc,usdot-2980927,14182,S & A MOVERS INC,S & A MOVERS INC,hhg_interstate_carrier,
CANDIDATE,2981437,bliss-moving-and-storage-inc,usdot-2981437,14435,BLISS MOVING AND STORAGE INC,BLISS MOVING AND STORAGE INC,hhg_interstate_carrier,
CANDIDATE,2983026,mod-movers,usdot-2983026,1294330,21ST CENTURY MOVING LLC,MOD-MOVERS,hhg_interstate_carrier,
CANDIDATE,2983771,dairyland-moving-and-storage-llc,usdot-2983771,15568,DAIRYLAND MOVING AND STORAGE LLC,DAIRYLAND MOVING AND STORAGE LLC,hhg_interstate_carrier,
CANDIDATE,2984521,kingdom-movers-llc,usdot-2984521,1672580,KINGDOM MOVERS LLC,KINGDOM MOVERS LLC,hhg_interstate_carrier,
CANDIDATE,2985709,lemoore-van-storage,usdot-2985709,16470,LEMOORE VAN & STORAGE,LEMOORE VAN & STORAGE,hhg_interstate_carrier,
CANDIDATE,2986277,hogan-movers-inc,usdot-2986277,16752,HOGAN MOVERS INC,HOGAN MOVERS INC,hhg_interstate_carrier,
CANDIDATE,2987601,the-rollers-moving-company-llc,usdot-2987601,1271624,THE ROLLERS MOVING COMPANY LLC,THE ROLLERS MOVING COMPANY LLC,hhg_interstate_carrier,
CANDIDATE,2988069,silk-road-van-lines-inc,usdot-2988069,17616,SILK ROAD VAN LINES INC,SILK ROAD VAN LINES INC,hhg_interstate_carrier,
CANDIDATE,2988823,two-men-and-a-truck-charlottesville,usdot-2988823,17957,NBF CHARLOTTESVILLE LLC,TWO MEN AND A TRUCK CHARLOTTESVILLE,hhg_interstate_carrier,
CANDIDATE,2990991,cavemen-moving-and-storage-llc,usdot-2990991,18988,CAVEMEN MOVING AND STORAGE LLC,CAVEMEN MOVING AND STORAGE LLC,hhg_interstate_carrier,
CANDIDATE,299154,action-moving-storage,usdot-299154,1497813,ACTION MOVING & STORAGE,ACTION MOVING & STORAGE,hhg_interstate_carrier,
CANDIDATE,2991947,white-glove-movers,usdot-2991947,21265,DENNY ENTERPRISES INC,WHITE GLOVE MOVERS,hhg_interstate_carrier,
CANDIDATE,2992227,vip-moving-storage,usdot-2992227,31771,A&H TRANSPORTATION LLC,VIP MOVING & STORAGE,hhg_interstate_carrier,
CANDIDATE,2993212,panthers-moving-storage-inc,usdot-2993212,20086,PANTHERS MOVING & STORAGE INC,PANTHERS MOVING & STORAGE INC,hhg_interstate_carrier,
CANDIDATE,299458,ridol-inc,usdot-299458,201063,"RIDOL, INC.","RIDOL, INC.",hhg_interstate_carrier,
CANDIDATE,2995363,lambert-transfer-storage,usdot-2995363,21161,LAMBERT ENTERPRISES INC,LAMBERT TRANSFER & STORAGE,hhg_interstate_carrier,
CANDIDATE,2995922,minn-dak-movers-llc,usdot-2995922,21466,"MINN-DAK MOVERS, LLC","MINN-DAK MOVERS, LLC",hhg_interstate_carrier,
CANDIDATE,2999338,packer-up-moving-llc,usdot-2999338,23222,PACKER UP MOVING LLC,PACKER UP MOVING LLC,hhg_interstate_carrier,
CANDIDATE,2999877,heaven-on-earth-moving-services-llc,usdot-2999877,23498,HEAVEN ON EARTH MOVING SERVICES LLC,HEAVEN ON EARTH MOVING SERVICES LLC,hhg_interstate_carrier,
CANDIDATE,3000204,rs-moving-warehousing,usdot-3000204,25553,RICHARDSON SERVICES LLC,RS MOVING & WAREHOUSING,hhg_interstate_carrier,
CANDIDATE,3000931,direct-relocation-services,usdot-3000931,24036,D & J MOVING LLC,DIRECT RELOCATION SERVICES,hhg_interstate_carrier,
CANDIDATE,3002076,steele-vaughn-moving-and-storage,usdot-3002076,24622,J FIVE INVESTMENTS INC,STEELE & VAUGHN MOVING AND STORAGE,hhg_interstate_carrier,
CANDIDATE,3003189,2-vets-moving-co,usdot-3003189,25161,2 VETS MOVING CO,2 VETS MOVING CO,hhg_interstate_carrier,
CANDIDATE,3004029,bartlett-moving-services,usdot-3004029,25582,BARTLETT MOVING SERVICES LLC,BARTLETT MOVING SERVICES,hhg_interstate_carrier,
CANDIDATE,300453,crown-moving-storage-inc,usdot-300453,490625,"CROWN MOVING & STORAGE, INC.","CROWN MOVING & STORAGE, INC.",hhg_interstate_carrier,
CANDIDATE,3005012,parker-s-interstate-movers-llc,usdot-3005012,26100,PARKER'S INTERSTATE MOVERS LLC,PARKER'S INTERSTATE MOVERS LLC,hhg_interstate_carrier,
CANDIDATE,300508,crossroads-moving-and-storage-inc,usdot-300508,252475,"CROSSROADS MOVING AND STORAGE, INC.","CROSSROADS MOVING AND STORAGE, INC.",hhg_interstate_carrier,
CANDIDATE,3005482,telkotrade-corporation,usdot-3005482,26331,TELKOTRADE CORPORATION,TELKOTRADE CORPORATION,hhg_interstate_carrier,
CANDIDATE,3005919,24-7-logistic-services,usdot-3005919,26561,24 7 LOGISTIC SERVICES,24 7 LOGISTIC SERVICES,hhg_interstate_carrier,
CANDIDATE,3006268,a-plus-moving-and-storage,usdot-3006268,26730,INTEGRITY VAN LINES INC,A PLUS MOVING AND STORAGE,hhg_interstate_carrier,
CANDIDATE,3006332,get-it-done-transportation-llc,usdot-3006332,126150,GET IT DONE TRANSPORTATION LLC,GET IT DONE TRANSPORTATION LLC,hhg_interstate_carrier,
CANDIDATE,3006670,j-j-services,usdot-3006670,26928,JACK V. CARUSO,J & J SERVICES,hhg_interstate_carrier,
CANDIDATE,3006713,sterling-interstate-llc,usdot-3006713,26956,STERLING INTERSTATE LLC,STERLING INTERSTATE LLC,hhg_interstate_carrier,
CANDIDATE,3007787,wheels-up-distribution-llc,usdot-3007787,27466,WHEELS UP DISTRIBUTION LLC,WHEELS UP DISTRIBUTION LLC,hhg_interstate_carrier,
CANDIDATE,3008258,ezmiz-movers-llc,usdot-3008258,1552230,EZMIZ MOVERS LLC,EZMIZ MOVERS LLC,hhg_interstate_carrier,
CANDIDATE,3008936,rodriguez-export-llc,usdot-3008936,28035,RODRIGUEZ EXPORT LLC,RODRIGUEZ EXPORT LLC,hhg_interstate_carrier,
CANDIDATE,3009556,saunders-moving-llc,usdot-3009556,28350,SAUNDERS MOVING LLC,SAUNDERS MOVING LLC,hhg_interstate_carrier,
CANDIDATE,3010102,kirby-s-moving-company-llc,usdot-3010102,33929,KIRBY'S MOVING COMPANY LLC,KIRBY'S MOVING COMPANY LLC,hhg_interstate_carrier,
CANDIDATE,3012572,marlee-enterprises,usdot-3012572,29921,TAARZ INC,MARLEE ENTERPRISES,hhg_interstate_carrier,
CANDIDATE,3012997,jnc-transportation-llc,usdot-3012997,1266308,JNC TRANSPORTATION LLC,JNC TRANSPORTATION LLC,hhg_interstate_carrier,
CANDIDATE,3013397,d1-moving,usdot-3013397,30349,D1 MOVING LLC,D1 MOVING,hhg_interstate_carrier,
CANDIDATE,3013608,middle-sis-inc,usdot-3013608,,MIDDLE SIS INC,MIDDLE SIS INC,hhg_interstate_carrier,
CANDIDATE,3013846,a-1-moving-storage,usdot-3013846,443889,"JMW MOVING & STORAGE, INC.",A-1 MOVING & STORAGE,hhg_interstate_carrier,
CANDIDATE,3013951,south-vanlines,usdot-3013951,30672,LIGHTSHADOW L.L.C.,SOUTH VANLINES,hhg_interstate_carrier,
CANDIDATE,3014914,college-hunks-hauling-kzoo,usdot-3014914,64517,JABCO LLC,COLLEGE HUNKS HAULING/KZOO,hhg_interstate_carrier,
CANDIDATE,3015584,r-a-joseph-transportation-llc,usdot-3015584,104720,R A JOSEPH TRANSPORTATION LLC,R A JOSEPH TRANSPORTATION LLC,hhg_interstate_carrier,
CANDIDATE,3015590,wj-transport,usdot-3015590,31508,WALTER D NODORA,WJ TRANSPORT,hhg_interstate_carrier,
CANDIDATE,30161,dsv-road-transport-inc,usdot-30161,124692,DSV ROAD TRANSPORT INC,DSV ROAD TRANSPORT INC,hhg_broker hhg_interstate_carrier,
CANDIDATE,30168,suhr-transport,usdot-30168,46313,SUHR TRANSPORT,SUHR TRANSPORT,hhg_interstate_carrier,
CANDIDATE,301720,piedmont-van-and-storage-co,usdot-301720,211535,PIEDMONT VAN AND STORAGE CO.,PIEDMONT VAN AND STORAGE CO.,hhg_interstate_carrier,
CANDIDATE,3019601,norman-brothers-inc,usdot-3019601,94721,ASSOCIATED MOVERS INC,NORMAN BROTHERS INC,hhg_interstate_carrier,
CANDIDATE,3021814,harbor-moving-storage-llc,usdot-3021814,1737353,HARBOR MOVING & STORAGE LLC,HARBOR MOVING & STORAGE LLC,hhg_interstate_carrier,
CANDIDATE,3021838,granero-moving-brytor-international-moving-formula-van-lines,usdot-3021838,34773,FORMULA GLOBAL MOBILITY LLC,GRANERO MOVING BRYTOR INTERNATIONAL MOVING FORMULA VAN LINES,hhg_interstate_carrier,
CANDIDATE,3021941,fabio-moving-services-llc,usdot-3021941,34820,"FABIO MOVING SERVICES, LLC.","FABIO MOVING SERVICES, LLC.",hhg_interstate_carrier,
CANDIDATE,3022030,two-men-and-a-truck-detroit,usdot-3022030,34866,L&J ENTERPRISES-EAST WAYNE LLC,TWO MEN AND A TRUCK DETROIT,hhg_interstate_carrier,
CANDIDATE,3022553,port-city-movers,usdot-3022553,35120,"126 HANEY DRIVE MOVING, LLC",PORT CITY MOVERS,hhg_interstate_carrier,
CANDIDATE,3022643,bekins-a-1-movers-inc,usdot-3022643,,PHMS LLC,BEKINS A-1 MOVERS INC,hhg_interstate_carrier,
CANDIDATE,3022815,calix-transport-llc,usdot-3022815,35246,CALIX TRANSPORT LLC,CALIX TRANSPORT LLC,hhg_interstate_carrier,
CANDIDATE,302292,lafayette-moving-storage-inc,usdot-302292,696713,LAFAYETTE MOVING & STORAGE INC,LAFAYETTE MOVING & STORAGE INC,hhg_interstate_carrier,
CANDIDATE,302306,omni-moving-and-storage-inc,usdot-302306,241642,"OMNI MOVING AND STORAGE, INC.","OMNI MOVING AND STORAGE, INC.",hhg_interstate_carrier,
CANDIDATE,3025065,flash-moving-company-llc,usdot-3025065,36474,FLASH MOVING COMPANY LLC,FLASH MOVING COMPANY LLC,hhg_interstate_carrier,
CANDIDATE,3028071,adam-moving,usdot-3028071,37945,ADAM MOVING,ADAM MOVING,hhg_interstate_carrier,
CANDIDATE,3028544,the-moving-experience,usdot-3028544,38168,"THE MOVING EXPERIENCE, LLC",THE MOVING EXPERIENCE,hhg_interstate_carrier,
CANDIDATE,3029134,unique-landscape-design,usdot-3029134,38468,UNIQUE LANDSCAPE & DESIGN,UNIQUE LANDSCAPE & DESIGN,hhg_interstate_carrier,
CANDIDATE,3029702,trident-transport-international-inc,usdot-3029702,,TRIDENT TRANSPORT INTERNATIONAL INC,TRIDENT TRANSPORT INTERNATIONAL INC,hhg_interstate_carrier,
CANDIDATE,30309,hitco-moving-storage,usdot-30309,512899,H. KONO INC.,HITCO MOVING & STORAGE,hhg_interstate_carrier,
CANDIDATE,3031735,ude-corp-inc,usdot-3031735,39750,UDE CORP INC,UDE CORP INC,hhg_interstate_carrier,
CANDIDATE,3034432,lee-s-moving-company-usdot-3034432,usdot-3034432,41211,HARVEST INVESTMENT CAPITAL INC,LEE'S MOVING COMPANY,hhg_interstate_carrier,
CANDIDATE,3035621,hodan-trans-llc,usdot-3035621,41841,HODAN TRANS LLC,HODAN TRANS LLC,hhg_interstate_carrier,
CANDIDATE,3036369,streamline-moving-and-storage-llc,usdot-3036369,42246,STREAMLINE MOVING AND STORAGE LLC,STREAMLINE MOVING AND STORAGE LLC,hhg_interstate_carrier,
CANDIDATE,3036916,nationwide-movers,usdot-3036916,42534,EZ MOVING GROUP INC,NATIONWIDE MOVERS,hhg_interstate_carrier,
CANDIDATE,3036996,affiliated-cartage-llc,usdot-3036996,42590,AFFILIATED CARTAGE LLC,AFFILIATED CARTAGE LLC,hhg_interstate_carrier,
CANDIDATE,3041812,mjc-movers-llc,usdot-3041812,1170191,MJC MOVERS LLC,MJC MOVERS LLC,hhg_interstate_carrier,
CANDIDATE,3043101,skinnywimp-moving-co-beaverton,usdot-3043101,64471,PTOWN MOVERS LLC,SKINNYWIMP MOVING CO BEAVERTON,hhg_interstate_carrier,
CANDIDATE,3046863,jenny-to-the-rescue-inc,usdot-3046863,47705,JENNY TO THE RESCUE INC,JENNY TO THE RESCUE INC,hhg_interstate_carrier,
CANDIDATE,3047681,lalo-s-movers-inc,usdot-3047681,48182,LALO'S MOVERS INC,LALO'S MOVERS INC,hhg_interstate_carrier,
CANDIDATE,3047914,straightline-moving-inc,usdot-3047914,48299,STRAIGHTLINE MOVING INC,STRAIGHTLINE MOVING INC,hhg_interstate_carrier,
CANDIDATE,3050630,pistons-inc,usdot-3050630,49641,PISTONS INC,PISTONS INC,hhg_interstate_carrier,
CANDIDATE,3050908,manifest-moving-llc,usdot-3050908,49758,MANIFEST MOVING LLC,MANIFEST MOVING LLC,hhg_interstate_carrier,
CANDIDATE,3051005,two-men-and-a-truck-usdot-3051005,usdot-3051005,49804,COWTOWN MOVING LLC,TWO MEN AND A TRUCK,hhg_interstate_carrier,
CANDIDATE,3054148,pnw-miller,usdot-3054148,1016033,ZACHARY MILLER,PNW MILLER,hhg_interstate_carrier,
CANDIDATE,3054270,college-hunks-hauling-junk-moving,usdot-3054270,51529,PAXTON AVE LLC,COLLEGE HUNKS HAULING JUNK & MOVING,hhg_interstate_carrier,
CANDIDATE,3058203,jw-transport,usdot-3058203,53668,JAMES WATERMAN,JW TRANSPORT,hhg_interstate_carrier,
CANDIDATE,3058520,goliath-moving-storage-llc,usdot-3058520,1803259,GOLIATH MOVING & STORAGE LLC,GOLIATH MOVING & STORAGE LLC,hhg_interstate_carrier,
CANDIDATE,3058821,delaney-moving-storage-llc,usdot-3058821,273974,DELANEY MOVING & STORAGE LLC,DELANEY MOVING & STORAGE LLC,hhg_interstate_carrier,
CANDIDATE,3059166,simply-moving-storage-llc,usdot-3059166,54189,SIMPLY MOVING STORAGE LLC,SIMPLY MOVING STORAGE LLC,hhg_interstate_carrier,
CANDIDATE,3060323,ayro-international-llc,usdot-3060323,1633167,AYRO INTERNATIONAL LLC,AYRO INTERNATIONAL LLC,hhg_interstate_carrier,
CANDIDATE,3060928,the-firemen-moving-co,usdot-3060928,55206,NEAL CLAYTON LLC,THE FIREMEN MOVING CO,hhg_interstate_carrier,
CANDIDATE,30611,o-brien-s-moving-storage-inc,usdot-30611,109375,"O'BRIEN'S MOVING & STORAGE, INC.","O'BRIEN'S MOVING & STORAGE, INC.",hhg_interstate_carrier,
CANDIDATE,3061568,moving-day-gents,usdot-3061568,154075,MOVING DAY GENTS LLC,MOVING DAY GENTS,hhg_interstate_carrier,
CANDIDATE,3062082,honor-movers,usdot-3062082,55867,DAVID LAVOIE LLC,HONOR MOVERS,hhg_interstate_carrier,
CANDIDATE,3062252,ashby-moving-storage-inc,usdot-3062252,55955,"ASHBY MOVING STORAGE, INC.","ASHBY MOVING STORAGE, INC.",hhg_interstate_carrier,
CANDIDATE,3064442,two-men-and-a-truck-norfolk,usdot-3064442,57144,NBF NORFOLK LLC,TWO MEN AND A TRUCK - NORFOLK,hhg_interstate_carrier,
CANDIDATE,3064471,two-men-and-a-truck-newport-news,usdot-3064471,57163,NBF NEWPORT NEWS LLC,TWO MEN AND A TRUCK - NEWPORT NEWS,hhg_interstate_carrier,
CANDIDATE,3065181,the-moving-firm-llc,usdot-3065181,1071198,THE MOVING FIRM LLC,THE MOVING FIRM LLC,hhg_interstate_carrier,
CANDIDATE,3066988,piece-of-cake-moving,usdot-3066988,58659,PIECE OF CAKE MOVING + STORAGE LLC,PIECE OF CAKE MOVING,hhg_broker hhg_interstate_carrier,
CANDIDATE,3068261,bugotti-llc,usdot-3068261,59441,BUGOTTI LLC,BUGOTTI LLC,hhg_interstate_carrier,
CANDIDATE,3069990,olde-dogge-transport-llc,usdot-3069990,60477,OLDE DOGGE TRANSPORT LLC,OLDE DOGGE TRANSPORT LLC,hhg_interstate_carrier,
CANDIDATE,3071625,jensen-moving-storage,usdot-3071625,61448,APCOM ENTERPRISE LLC,JENSEN MOVING & STORAGE,hhg_interstate_carrier,
CANDIDATE,3072311,safeway-moving-and-storage-llc,usdot-3072311,308807,"SAFEWAY MOVING AND STORAGE, LLC","SAFEWAY MOVING AND STORAGE, LLC",hhg_interstate_carrier,
CANDIDATE,3074631,college-hunks-hauling-junk-and-moving-usdot-3074631,usdot-3074631,1481948,CHHJ SEATTLE LLC,COLLEGE HUNKS HAULING JUNK AND MOVING,hhg_interstate_carrier,
CANDIDATE,3076565,ez-transport-inc,usdot-3076565,64222,EZ TRANSPORT INC,EZ TRANSPORT INC,hhg_interstate_carrier,
CANDIDATE,3077817,zippboxx,usdot-3077817,1043860,ZIPPBOXX LLC,ZIPPBOXX,hhg_interstate_carrier,
CANDIDATE,3080112,insta-movers,usdot-3080112,66212,AH SERVICES INC,INSTA MOVERS,hhg_interstate_carrier,
CANDIDATE,3080160,relocate-decorate-moving-services-llc,usdot-3080160,66237,RELOCATE&DECORATE MOVING SERVICES LLC,RELOCATE&DECORATE MOVING SERVICES LLC,hhg_interstate_carrier,
CANDIDATE,3080327,dixie-movers,usdot-3080327,66319,DIXIE MOVERS LLC,DIXIE MOVERS,hhg_interstate_carrier,
CANDIDATE,3081021,superior-moving-storage-inc-usdot-3081021,usdot-3081021,66716,SUPERIOR MOVING & STORAGE INC,SUPERIOR MOVING & STORAGE INC,hhg_interstate_carrier,
CANDIDATE,3081147,i-k-transportation-inc,usdot-3081147,66781,I & K TRANSPORTATION INC,I & K TRANSPORTATION INC,hhg_interstate_carrier,
CANDIDATE,3081814,a1-transfer-moving-storage,usdot-3081814,67063,BRESLIN ENTERPRISES INC,A1 TRANSFER MOVING & STORAGE,hhg_interstate_carrier,
CANDIDATE,3082321,udelv-inc,usdot-3082321,1184904,UDELV INC,UDELV INC,hhg_interstate_carrier,
CANDIDATE,3082369,wasatch-moving-company,usdot-3082369,1739920,JB MOVING INC,WASATCH MOVING COMPANY,hhg_interstate_carrier,
CANDIDATE,3082970,sbd-transportation-llc,usdot-3082970,67767,SBD TRANSPORTATION LLC,SBD TRANSPORTATION LLC,hhg_interstate_carrier,
CANDIDATE,3083622,nancy-forwarding-inc,usdot-3083622,506968,"NANCY FORWARDING, INC.","NANCY FORWARDING, INC.",hhg_interstate_carrier,
CANDIDATE,3084348,it-s-your-move,usdot-3084348,68462,JONATHAN KELLY,IT'S YOUR MOVE,hhg_interstate_carrier,
CANDIDATE,3086040,rivas-linehaul-inc,usdot-3086040,69304,RIVAS LINEHAUL INC,RIVAS LINEHAUL INC,hhg_interstate_carrier,
CANDIDATE,3086533,two-men-and-a-truck-usdot-3086533,usdot-3086533,23808,MPAS MOVING CONNECTICUT LLC,TWO MEN AND A TRUCK,hhg_interstate_carrier,
CANDIDATE,3087013,chicagoland-moving-storage,usdot-3087013,69784,CHICAGOLAND MOVING & STORAGE,CHICAGOLAND MOVING & STORAGE,hhg_interstate_carrier,
CANDIDATE,3087510,chest-hair-transportation-llc,usdot-3087510,70064,CHEST HAIR TRANSPORTATION LLC,CHEST HAIR TRANSPORTATION LLC,hhg_interstate_carrier,
CANDIDATE,3088968,copala-inc,usdot-3088968,103469,COPALA INC,COPALA INC,hhg_interstate_carrier,
CANDIDATE,30916,walsh-movers,usdot-30916,26744,"WILLIAM WALSH, INC.",WALSH MOVERS,hhg_interstate_carrier,
CANDIDATE,3092522,4k-installation-services-llc,usdot-3092522,1484923,4K INSTALLATION SERVICES LLC,4K INSTALLATION SERVICES LLC,hhg_interstate_carrier,
CANDIDATE,3092829,frazier-moving-services-llc,usdot-3092829,1031749,FRAZIER MOVING SERVICES LLC,FRAZIER MOVING SERVICES LLC,hhg_interstate_carrier,
CANDIDATE,3092893,trend-moving-storage,usdot-3092893,1027437,TREND MOVING LLC,TREND MOVING & STORAGE,hhg_interstate_carrier,
CANDIDATE,3094550,primeeast-moving-storage-llc,usdot-3094550,76152,PRIMEEAST MOVING & STORAGE LLC,PRIMEEAST MOVING & STORAGE LLC,hhg_interstate_carrier,
CANDIDATE,3095140,turner-s-keyboards-inc,usdot-3095140,74187,TURNER'S KEYBOARDS INC,TURNER'S KEYBOARDS INC,hhg_interstate_carrier,
CANDIDATE,3096540,brousseau-nee-moving-services-llc,usdot-3096540,74989,BROUSSEAU-NEE MOVING SERVICES LLC,BROUSSEAU-NEE MOVING SERVICES LLC,hhg_interstate_carrier,
CANDIDATE,3096668,moto-movers,usdot-3096668,75063,"MOTO MOVERS, LLC",MOTO MOVERS,hhg_interstate_carrier,
CANDIDATE,3097774,tk-japan-transport-llc,usdot-3097774,75739,TK JAPAN TRANSPORT LLC,TK JAPAN TRANSPORT LLC,hhg_interstate_carrier,
CANDIDATE,3099844,two-men-and-a-truck-usdot-3099844,usdot-3099844,76862,TMT KC LLC,TWO MEN AND A TRUCK,hhg_interstate_carrier,
CANDIDATE,3103037,three-forks-co,usdot-3103037,1614350,THREE FORKS CO,THREE FORKS CO,hhg_interstate_carrier,
CANDIDATE,3103300,amplified-moving-llc,usdot-3103300,78737,AMPLIFIED MOVING LLC,AMPLIFIED MOVING LLC,hhg_interstate_carrier,
CANDIDATE,3103644,ibra-llc,usdot-3103644,78910,IBRA LLC,IBRA LLC,hhg_interstate_carrier,
CANDIDATE,3103710,shively-s-moving-storage-llc,usdot-3103710,1036088,SHIVELY'S MOVING & STORAGE LLC,SHIVELY'S MOVING & STORAGE LLC,hhg_interstate_carrier,
CANDIDATE,3104397,wayfinder-moving-services-inc,usdot-3104397,79366,WAYFINDER MOVING SERVICES INC,WAYFINDER MOVING SERVICES INC,hhg_interstate_carrier,
CANDIDATE,3105203,college-hunks-moving-usdot-3105203,usdot-3105203,41109,TAUL PAUL HAULS INC,COLLEGE HUNKS MOVING,hhg_interstate_carrier,
CANDIDATE,3105637,tiber-creek-llc,usdot-3105637,79977,TIBER CREEK LLC,TIBER CREEK LLC,hhg_interstate_carrier,
CANDIDATE,3107396,integrity-movers,usdot-3107396,80866,K & H HOLDINGS LLC,INTEGRITY MOVERS,hhg_interstate_carrier,
CANDIDATE,3108060,newray-moving-llc,usdot-3108060,89309,NEWRAY MOVING LLC,NEWRAY MOVING LLC,hhg_interstate_carrier,
CANDIDATE,3108499,abc-kortsch,usdot-3108499,81441,ABC K STORAGE LLC,ABC KORTSCH,hhg_interstate_carrier,
CANDIDATE,3108628,j-reeds-transportation-llc,usdot-3108628,81502,J REEDS TRANSPORTATION LLC,J REEDS TRANSPORTATION LLC,hhg_interstate_carrier,
CANDIDATE,3109327,jjfreight-llc,usdot-3109327,81828,JJFREIGHT LLC,JJFREIGHT LLC,hhg_interstate_carrier,
CANDIDATE,3110316,affiliated-movers-of-killeen-inc,usdot-3110316,82352,"AFFILIATED MOVERS OF KILLEEN, INC.","AFFILIATED MOVERS OF KILLEEN, INC.",hhg_interstate_carrier,
CANDIDATE,3110403,doyle-moving-services-llc,usdot-3110403,82388,DOYLE MOVING SERVICES LLC,DOYLE MOVING SERVICES LLC,hhg_interstate_carrier,
CANDIDATE,3110677,keep-moving-inc,usdot-3110677,82543,KEEP MOVING INC,KEEP MOVING INC,hhg_interstate_carrier,
CANDIDATE,3113258,windson-rental-llc,usdot-3113258,83824,WINDSON RENTAL LLC,WINDSON RENTAL LLC,hhg_interstate_carrier,
CANDIDATE,3115234,prime-hauler-llc,usdot-3115234,84877,PRIME HAULER LLC,PRIME HAULER LLC,hhg_interstate_carrier,
CANDIDATE,3115246,colonial-moving-and-storage,usdot-3115246,84884,"TAIT TRANSPORTATION, LLC",COLONIAL MOVING AND STORAGE,hhg_interstate_carrier,
CANDIDATE,3115312,paul-davis-restoration-of-idaho,usdot-3115312,84919,RESTORE IDAHO LLC,PAUL DAVIS RESTORATION OF IDAHO,hhg_interstate_carrier,
CANDIDATE,3116640,mypromovers-llc,usdot-3116640,1001869,MYPROMOVERS LLC,MYPROMOVERS LLC,hhg_interstate_carrier,
CANDIDATE,3117694,ibarra-transportation-llc,usdot-3117694,96046,IBARRA TRANSPORTATION LLC,IBARRA TRANSPORTATION LLC,hhg_interstate_carrier,
CANDIDATE,3117783,prism-specialties-of-greater-st-louis,usdot-3117783,86257,MANDALA RESTORATION INC,PRISM SPECIALTIES OF GREATER ST LOUIS,hhg_interstate_carrier,
CANDIDATE,311827,karnemaat-s-llc,usdot-311827,208591,KARNEMAAT'S LLC,KARNEMAAT'S LLC,hhg_interstate_carrier,
CANDIDATE,3119213,iron-horse-construction,usdot-3119213,86955,IRON HORSE CONSTRUCTION,IRON HORSE CONSTRUCTION,hhg_interstate_carrier,
CANDIDATE,3119927,amen-moving,usdot-3119927,87368,BANDAR M ABU HAMDAN,AMEN MOVING,hhg_interstate_carrier,
CANDIDATE,3120022,college-hunks-hauling-junk-moving-usdot-3120022,usdot-3120022,87417,SEADAWGS ENTERPRISES INC,COLLEGE HUNKS HAULING JUNK & MOVING,hhg_interstate_carrier,
CANDIDATE,31214,dudley-s-transcontinental-movers,usdot-31214,564,DUDLEY'S TRANSCONTINENTAL MOVERS,DUDLEY'S TRANSCONTINENTAL MOVERS,hhg_interstate_carrier,
CANDIDATE,3123336,evan-rocks-transportation-llc,usdot-3123336,89199,EVAN ROCKS TRANSPORTATION LLC,EVAN ROCKS TRANSPORTATION LLC,hhg_interstate_carrier,
CANDIDATE,3123861,ask-amy-home-furnishings-ask-amy-commercial-furnishings,usdot-3123861,89450,ASK AMY STAGING LLC,ASK AMY HOME FURNISHINGS ASK AMY COMMERCIAL FURNISHINGS,hhg_interstate_carrier,
CANDIDATE,3123969,overlog-inc,usdot-3123969,89505,OVERLOG INC,OVERLOG INC,hhg_interstate_carrier,
CANDIDATE,3124484,coyote-xpress-llc,usdot-3124484,89783,COYOTE XPRESS LLC,COYOTE XPRESS LLC,hhg_interstate_carrier,
CANDIDATE,3125369,mankato-movers-inc,usdot-3125369,90232,MANKATO MOVERS INC,MANKATO MOVERS INC,hhg_interstate_carrier,
CANDIDATE,3125432,octopus-moving-and-storage,usdot-3125432,90264,OCTOPUS MOVING INC,OCTOPUS MOVING AND STORAGE,hhg_interstate_carrier,
CANDIDATE,312585,larkin-james-e-inc,usdot-312585,1081485,LARKIN JAMES E INC,LARKIN JAMES E INC,hhg_interstate_carrier,
CANDIDATE,3126612,sunnybrook-transport-llc,usdot-3126612,90841,SUNNYBROOK TRANSPORT LLC,SUNNYBROOK TRANSPORT LLC,hhg_interstate_carrier,
CANDIDATE,3126897,otto-s-moving-storage-llc,usdot-3126897,90986,OTTO'S MOVING & STORAGE LLC,OTTO'S MOVING & STORAGE LLC,hhg_interstate_carrier,
CANDIDATE,3127655,atm-universal-inc,usdot-3127655,91385,ATM UNIVERSAL INC,ATM UNIVERSAL INC,hhg_interstate_carrier,
CANDIDATE,3128036,dandy-movers-inc,usdot-3128036,91598,DANDY MOVERS INC,DANDY MOVERS INC,hhg_interstate_carrier,
CANDIDATE,3128171,1-800-packouts-of-columbia,usdot-3128171,91665,VAN R LLC,1-800-PACKOUTS OF COLUMBIA,hhg_interstate_carrier,
CANDIDATE,3128312,ortiz-services-llc,usdot-3128312,91990,ORTIZ SERVICES LLC,ORTIZ SERVICES LLC,hhg_interstate_carrier,
CANDIDATE,3128890,agrima-farms-inc,usdot-3128890,1492098,AGRIMA FARMS INC,AGRIMA FARMS INC,hhg_interstate_carrier,
CANDIDATE,312895,tacoma-motorfreight-service-tms-tms-motorfreight-service,usdot-312895,202615,TACOMA MOVING AND STORAGE COMPANY,"TACOMA MOTORFREIGHT SERVICE/TMS, TMS MOTORFREIGHT SERVICE",hhg_interstate_carrier,
CANDIDATE,3129815,trinity-services-llc,usdot-3129815,92495,TRINITY SERVICES LLC,TRINITY SERVICES LLC,hhg_interstate_carrier,
CANDIDATE,3131059,united-transport-services-llc,usdot-3131059,93133,UNITED TRANSPORT SERVICES LLC,UNITED TRANSPORT SERVICES LLC,hhg_interstate_carrier,
CANDIDATE,3131598,jomo-moving,usdot-3131598,93436,MARESH MOVING LLC,JOMO MOVING,hhg_interstate_carrier,
CANDIDATE,3133007,arcis,usdot-3133007,94217,TREASURE ASSET STORAGE LLC,ARCIS,hhg_interstate_carrier,
CANDIDATE,3133250,fire-dept-movers-llc,usdot-3133250,1428969,FIRE DEPT MOVERS LLC,FIRE DEPT MOVERS LLC,hhg_interstate_carrier,
CANDIDATE,3133562,galaxy-moving-and-storage,usdot-3133562,94531,FRONTAGE MOVING AND STORAGE LLC,GALAXY MOVING AND STORAGE,hhg_interstate_carrier,
CANDIDATE,3135836,wayflowers-van-lines-llc,usdot-3135836,95929,WAYFLOWERS VAN LINES LLC,WAYFLOWERS VAN LINES LLC,hhg_interstate_carrier,
CANDIDATE,3136029,dash-last-mile-inc,usdot-3136029,96024,DASH LAST MILE INC,DASH LAST MILE INC,hhg_interstate_carrier,
CANDIDATE,3137058,prompt-construction,usdot-3137058,96667,PROMPT CONSTRUCTION,PROMPT CONSTRUCTION,hhg_interstate_carrier,
CANDIDATE,3137977,koller-moving-and-storage-inc,usdot-3137977,97273,KOLLER MOVING AND STORAGE INC,KOLLER MOVING AND STORAGE INC,hhg_interstate_carrier,
CANDIDATE,3139358,bold-moving-and-storage-llc,usdot-3139358,98101,BOLD MOVING AND STORAGE LLC,BOLD MOVING AND STORAGE LLC,hhg_interstate_carrier,
CANDIDATE,3143512,pettyone-llc,usdot-3143512,100804,PETTYONE LLC,PETTYONE LLC,hhg_interstate_carrier,
CANDIDATE,3143600,velocity-moving-and-storage-inc,usdot-3143600,100857,VELOCITY MOVING AND STORAGE INC,VELOCITY MOVING AND STORAGE INC,hhg_interstate_carrier,
CANDIDATE,3143785,united-movers-transportation-llc,usdot-3143785,100959,UNITED MOVERS TRANSPORTATION LLC,UNITED MOVERS TRANSPORTATION LLC,hhg_interstate_carrier,
CANDIDATE,3144681,holiday-van-storage-llc,usdot-3144681,308806,HOLIDAY VAN & STORAGE LLC,HOLIDAY VAN & STORAGE LLC,hhg_interstate_carrier,
CANDIDATE,3145130,ig-transport-llc,usdot-3145130,101707,IG TRANSPORT LLC,IG TRANSPORT LLC,hhg_interstate_carrier,
CANDIDATE,31457,a-pensa-modern-movers,usdot-31457,56378,"AUGUST PENSA MODERN MOVERS, A CORPORATION",A. PENSA MODERN MOVERS,hhg_interstate_carrier,
CANDIDATE,3145737,zheals-of-boston-llc,usdot-3145737,102032,ZHEALS OF BOSTON LLC,ZHEALS OF BOSTON LLC,hhg_interstate_carrier,
CANDIDATE,3146740,j-m-movers-llc,usdot-3146740,1063536,J M MOVERS LLC,J M MOVERS LLC,hhg_interstate_carrier,
CANDIDATE,3146919,moving-america,usdot-3146919,102622,CHRISTOPHER KEMMETT,MOVING AMERICA,hhg_interstate_carrier,
CANDIDATE,3147084,miles-mobile-storage,usdot-3147084,102717,MILES MOBILE STORAGE,MILES MOBILE STORAGE,hhg_interstate_carrier,
CANDIDATE,3147353,starbird-music-piano-gallery,usdot-3147353,102878,KLAVIERWORKS LLC,STARBIRD MUSIC & PIANO GALLERY,hhg_interstate_carrier,
CANDIDATE,3147555,khr-services,usdot-3147555,102987,KEVIN H REED,KHR SERVICES,hhg_interstate_carrier,
CANDIDATE,3147829,a-columbia-forwarders-llc,usdot-3147829,,"A COLUMBIA FORWARDERS, LLC","A COLUMBIA FORWARDERS, LLC",hhg_interstate_carrier,
CANDIDATE,3148529,lamar-transportation-inc,usdot-3148529,103518,LAMAR TRANSPORTATION INC,LAMAR TRANSPORTATION INC,hhg_interstate_carrier,
CANDIDATE,3149281,college-hunks-hauling-junk-and-moving-usdot-3149281,usdot-3149281,1167998,HUBNER INC,COLLEGE HUNKS HAULING JUNK AND MOVING,hhg_interstate_carrier,
CANDIDATE,3149429,sprinter-van-lines-inc,usdot-3149429,103968,SPRINTER VAN LINES INC,SPRINTER VAN LINES INC,hhg_interstate_carrier,
CANDIDATE,3149749,bluegrass-expedited-llc,usdot-3149749,104161,BLUEGRASS EXPEDITED LLC,BLUEGRASS EXPEDITED LLC,hhg_interstate_carrier,
CANDIDATE,3149869,mcminnville-moving-storage,usdot-3149869,104233,EFE LLC,MCMINNVILLE MOVING & STORAGE,hhg_interstate_carrier,
CANDIDATE,3150943,mason-dixon-moving-storage,usdot-3150943,104828,MASON DIXON MOVERS LLC,MASON DIXON MOVING & STORAGE,hhg_interstate_carrier,
CANDIDATE,3151264,college-hunks-hauling-junk-moving-usdot-3151264,usdot-3151264,1603743,ASD VENTURES INC,COLLEGE HUNKS HAULING JUNK & MOVING,hhg_interstate_carrier,
CANDIDATE,3152985,bridges-bros-movers,usdot-3152985,105934,CROWDED STREET HOLDINGS LLC,BRIDGES BROS MOVERS,hhg_interstate_carrier,
CANDIDATE,3152998,morton-moving-and-storage,usdot-3152998,105943,WHALLEY ENTERPRISE INC,MORTON MOVING AND STORAGE,hhg_interstate_carrier,
CANDIDATE,3154394,bluestarmoversllc,usdot-3154394,137828,BLUESTARMOVERSLLC,BLUESTARMOVERSLLC,hhg_interstate_carrier,
CANDIDATE,3154877,buford-furniture-company-inc,usdot-3154877,107084,BUFORD FURNITURE COMPANY INC,BUFORD FURNITURE COMPANY INC,hhg_interstate_carrier,
CANDIDATE,3155479,tran-send-it-transport-llc,usdot-3155479,1182804,TRAN SEND IT TRANSPORT LLC,TRAN SEND IT TRANSPORT LLC,hhg_interstate_carrier,
CANDIDATE,3155571,rosboro-transpo-llc,usdot-3155571,1651556,ROSBORO TRANSPO LLC,ROSBORO TRANSPO LLC,hhg_interstate_carrier,
CANDIDATE,3157885,bellview-enterprise-llc,usdot-3157885,109076,BELLVIEW ENTERPRISE LLC,BELLVIEW ENTERPRISE LLC,hhg_interstate_carrier,
CANDIDATE,3158413,door-2-door-movers,usdot-3158413,109407,EEM INC,DOOR 2 DOOR MOVERS,hhg_interstate_carrier,
CANDIDATE,3159288,bonzamovers,usdot-3159288,110321,BONZAMOVERS LLC,BONZAMOVERS,hhg_interstate_carrier,
CANDIDATE,3159633,big-blue-boxes,usdot-3159633,109918,"CONTAIN-IT MN, LLC",BIG BLUE BOXES,hhg_interstate_carrier,
CANDIDATE,3161292,konstantly-moving,usdot-3161292,1125893,KONSTANTLY MOVING NYC LLC,KONSTANTLY MOVING,hhg_interstate_carrier,
CANDIDATE,3161573,a1a-moving-transport-llc,usdot-3161573,111581,A1A MOVING & TRANSPORT LLC,A1A MOVING & TRANSPORT LLC,hhg_interstate_carrier,
CANDIDATE,3163067,road-warriors-llc,usdot-3163067,112580,ROAD WARRIORS LLC,ROAD WARRIORS LLC,hhg_interstate_carrier,
CANDIDATE,3163157,eb-trucking,usdot-3163157,112652,G&K SALES INC,EB TRUCKING,hhg_interstate_carrier,
CANDIDATE,3165277,l-l-transport-inc,usdot-3165277,114056,L & L TRANSPORT INC,L & L TRANSPORT INC,hhg_interstate_carrier,
CANDIDATE,3166061,backbreakers-nw-llc,usdot-3166061,1441780,BACKBREAKERS NW LLC,BACKBREAKERS NW LLC,hhg_interstate_carrier,
CANDIDATE,3166153,precise-moving-llc,usdot-3166153,114670,PRECISE MOVING LLC,PRECISE MOVING LLC,hhg_interstate_carrier,
CANDIDATE,316629,wheaton-moving-storage,usdot-316629,287481,"CROWN MOVING & STORAGE, INC",WHEATON MOVING & STORAGE,hhg_interstate_carrier,
CANDIDATE,3168341,americas-movers-inc,usdot-3168341,116244,AMERICAS MOVERS INC,AMERICAS MOVERS INC,hhg_interstate_carrier,
CANDIDATE,3170358,mendez-movers-llc,usdot-3170358,1262505,MENDEZ MOVERS LLC,MENDEZ MOVERS LLC,hhg_interstate_carrier,
CANDIDATE,3170365,appliance-deliveries,usdot-3170365,117830,BSRK LLC,APPLIANCE DELIVERIES,hhg_interstate_carrier,
CANDIDATE,3170567,d-j-movers-atl,usdot-3170567,1147603,PEREZ SORIANO LLC,D & J MOVERS ATL,hhg_interstate_carrier,
CANDIDATE,3173264,kettering-moving-storage-inc,usdot-3173264,120256,KETTERING MOVING & STORAGE  INC,KETTERING MOVING & STORAGE  INC,hhg_interstate_carrier,
CANDIDATE,3175022,jrodz-transport-llc,usdot-3175022,122112,JRODZ TRANSPORT LLC,JRODZ TRANSPORT LLC,hhg_interstate_carrier,
CANDIDATE,3175121,y-m-transport-llc,usdot-3175121,122169,Y & M TRANSPORT LLC,Y & M TRANSPORT LLC,hhg_interstate_carrier,
CANDIDATE,3176368,road-runner-courier-services,usdot-3176368,1370749,ROAD RUNNER COURIER SERVICES LLC,ROAD RUNNER COURIER SERVICES,hhg_interstate_carrier,
CANDIDATE,3176447,novak-piano-moving-llc,usdot-3176447,122816,NOVAK PIANO MOVING LLC,NOVAK PIANO MOVING LLC,hhg_interstate_carrier,
CANDIDATE,3176561,e-j-container-drayage,usdot-3176561,1001179,"E&J CONTAINER DRAYAGE, LLC",E & J CONTAINER DRAYAGE,hhg_interstate_carrier,
CANDIDATE,3177333,jl-transporting-services-llc,usdot-3177333,123397,JL TRANSPORTING SERVICES LLC,JL TRANSPORTING SERVICES LLC,hhg_interstate_carrier,
CANDIDATE,3177424,continuum-warehouse-and-delivery,usdot-3177424,431675,STOMIAS LLC,CONTINUUM WAREHOUSE AND DELIVERY,hhg_interstate_carrier,
CANDIDATE,3178338,aj-xpress-llc,usdot-3178338,1780417,AJ XPRESS LLC,AJ XPRESS LLC,hhg_interstate_carrier,
CANDIDATE,3179140,family-discount-furniture,usdot-3179140,124831,TERWELP INC,FAMILY DISCOUNT FURNITURE,hhg_interstate_carrier,
CANDIDATE,3180734,mike-moves-pittsburgh,usdot-3180734,126067,KEITH M. CHITWOOD,MIKE MOVES PITTSBURGH,hhg_interstate_carrier,
CANDIDATE,3181246,mid-american-moving,usdot-3181246,126479,WHEATLAND VAN LINES LLC,MID-AMERICAN MOVING,hhg_interstate_carrier,
CANDIDATE,3181627,riverlands-enterprises-llc,usdot-3181627,126807,RIVERLANDS ENTERPRISES LLC,RIVERLANDS ENTERPRISES LLC,hhg_interstate_carrier,
CANDIDATE,3181856,mcme-enterprise-llc,usdot-3181856,127014,MCME ENTERPRISE LLC,MCME ENTERPRISE LLC,hhg_interstate_carrier,
CANDIDATE,3181992,movendi-moving,usdot-3181992,1057493,MOVENDI MOVING LLC,MOVENDI MOVING,hhg_interstate_carrier,
CANDIDATE,3182802,aaa-oasis-moving-storage-llc,usdot-3182802,1704550,AAA OASIS MOVING & STORAGE LLC,AAA OASIS MOVING & STORAGE LLC,hhg_interstate_carrier,
CANDIDATE,3183338,blvd-moving-of-nevada-llc,usdot-3183338,128346,BLVD MOVING OF NEVADA LLC,BLVD MOVING OF NEVADA LLC,hhg_interstate_carrier,
CANDIDATE,3183530,seven-bridges-moving-usdot-3183530,usdot-3183530,128635,MATT J LIPARY,SEVEN BRIDGES MOVING,hhg_interstate_carrier,
CANDIDATE,3183837,ryker-go,usdot-3183837,1734205,M J HARPER HOLDINGS LLC,RYKER GO,hhg_interstate_carrier,
CANDIDATE,3184380,kid-glove,usdot-3184380,129833,MONTI ENTERPRISES LLC,KID GLOVE,hhg_interstate_carrier,
CANDIDATE,3185200,automotive-repair,usdot-3185200,131307,APPLE AUTOMOTIVE LLC,AUTOMOTIVE REPAIR,hhg_interstate_carrier,
CANDIDATE,3185783,paul-davis-restoration,usdot-3185783,131587,CHINOOK RESTORATION INC,PAUL DAVIS RESTORATION,hhg_interstate_carrier,
CANDIDATE,3186385,gp-transport,usdot-3186385,131863,KARI GEORGE,GP TRANSPORT,hhg_interstate_carrier,
CANDIDATE,3186484,waste-network-llc,usdot-3186484,131915,WASTE NETWORK LLC,WASTE NETWORK LLC,hhg_interstate_carrier,
CANDIDATE,3188001,can-t-quit-moving-llc,usdot-3188001,132659,CAN'T QUIT MOVING LLC,CAN'T QUIT MOVING LLC,hhg_interstate_carrier,
CANDIDATE,3188265,2-24-transportation-llc,usdot-3188265,132787,"2/24 TRANSPORTATION, LLC","2/24 TRANSPORTATION, LLC",hhg_interstate_carrier,
CANDIDATE,3189541,drivenex-llc,usdot-3189541,134309,DRIVENEX LLC,DRIVENEX LLC,hhg_interstate_carrier,
CANDIDATE,31912,bohren-s-moving-storage-inc-nj-corp,usdot-31912,4368,BOHREN'S MOVING & STORAGE INC (NJ CORP),BOHREN'S MOVING & STORAGE INC (NJ CORP),hhg_interstate_carrier,
CANDIDATE,3191323,fortis-moving-company-llc,usdot-3191323,137057,FORTIS MOVING COMPANY LLC,FORTIS MOVING COMPANY LLC,hhg_interstate_carrier,
CANDIDATE,3194174,bird-expedited-inc,usdot-3194174,139672,BIRD EXPEDITED INC,BIRD EXPEDITED INC,hhg_interstate_carrier,
CANDIDATE,3194394,o-c-l-moving-inc,usdot-3194394,170914,O C L MOVING INC,O C L MOVING INC,hhg_interstate_carrier,
CANDIDATE,3194473,lap-movers,usdot-3194473,1323152,LAP MOVERS LLC,LAP MOVERS,hhg_interstate_carrier,
CANDIDATE,3194564,ty-moving-company-llc,usdot-3194564,1115446,TY MOVING COMPANY LLC,TY MOVING COMPANY LLC,hhg_interstate_carrier,
CANDIDATE,3194736,s-h-crosson-transportation-llc,usdot-3194736,143451,S&H CROSSON TRANSPORTATION LLC,S&H CROSSON TRANSPORTATION LLC,hhg_interstate_carrier,
CANDIDATE,3194908,sf-co-transport,usdot-3194908,145449,SF&CO LLC,SF&CO TRANSPORT,hhg_interstate_carrier,
CANDIDATE,3195256,movers-co-llc,usdot-3195256,1290652,MOVERS & CO LLC,MOVERS & CO LLC,hhg_interstate_carrier,
CANDIDATE,3195438,preferred-receiving-and-installation-inc,usdot-3195438,149619,PREFERRED RECEIVING AND INSTALLATION INC,PREFERRED RECEIVING AND INSTALLATION INC,hhg_interstate_carrier,
CANDIDATE,3196055,williams-transportation-and-storage,usdot-3196055,149939,WILLIAMS TRANSPORTATION AND STORAGE,WILLIAMS TRANSPORTATION AND STORAGE,hhg_interstate_carrier,
CANDIDATE,3196278,senior-moving-services-llc,usdot-3196278,150469,SENIOR MOVING SERVICES LLC,SENIOR MOVING SERVICES LLC,hhg_interstate_carrier,
CANDIDATE,3199979,father-son-moving-storage,usdot-3199979,1630186,MCAULIFFE'S MOVING COMPANY INC,FATHER & SON MOVING & STORAGE,hhg_interstate_carrier,
CANDIDATE,3200314,precision-site-works-llc,usdot-3200314,168964,PRECISION SITE WORKS LLC,PRECISION SITE WORKS LLC,hhg_interstate_carrier,
CANDIDATE,3201044,tsfl-inc,usdot-3201044,173200,TSFL INC,TSFL INC,hhg_interstate_carrier,
CANDIDATE,3202540,homebridge-design,usdot-3202540,184898,STAGING RESOURCE GROUP LLC,HOMEBRIDGE DESIGN,hhg_interstate_carrier,
CANDIDATE,3203166,white-glove-boston,usdot-3203166,190205,DAVID MCCARTHY,WHITE GLOVE BOSTON,hhg_interstate_carrier,
CANDIDATE,3207235,motivated-movers-usdot-3207235,usdot-3207235,1000660,STACK CORP,MOTIVATED MOVERS,hhg_interstate_carrier,
CANDIDATE,3207889,two-men-and-a-truck-usdot-3207889,usdot-3207889,1001056,BLACKFISH ENTERPRISES LLC,TWO MEN AND A TRUCK,hhg_interstate_carrier,
CANDIDATE,3209343,b-r-movers-extraordinary-movers,usdot-3209343,1001860,B&R MOVING INC,B&R MOVERS|EXTRAORDINARY MOVERS,hhg_interstate_carrier,
CANDIDATE,3211765,belmont-transport-inc,usdot-3211765,1003115,BELMONT TRANSPORT INC,BELMONT TRANSPORT INC,hhg_interstate_carrier,
CANDIDATE,3212705,bardo,usdot-3212705,1003617,BARDO LLC,BARDO,hhg_interstate_carrier,
CANDIDATE,3213405,grunts-move-junk,usdot-3213405,1072793,128 HOLDINGS LLC,GRUNTS MOVE JUNK,hhg_interstate_carrier,
CANDIDATE,3214154,zero-gravity-moving-llc,usdot-3214154,1004421,ZERO GRAVITY MOVING LLC,ZERO GRAVITY MOVING LLC,hhg_interstate_carrier,
CANDIDATE,3214709,spirit-moving-company-llc,usdot-3214709,1009175,SPIRIT MOVING COMPANY LLC,SPIRIT MOVING COMPANY LLC,hhg_interstate_carrier,
CANDIDATE,3214828,aaction-moving-storage-of-arizona,usdot-3214828,1004791,AACTION MOVING & STORAGE OF ARIZONA,AACTION MOVING & STORAGE OF ARIZONA,hhg_interstate_carrier,
CANDIDATE,3215333,two-men-and-a-truck-glendale-south-two-men-and-truck-gs,usdot-3215333,1005075,"TMTAZ2, LLC","TWO MEN AND A TRUCK-GLENDALE SOUTH, TWO MEN AND TRUCK-GS",hhg_interstate_carrier,
CANDIDATE,3215402,provencher-van-lines,usdot-3215402,1083659,RICHARD PROVENCHER,PROVENCHER VAN LINES,hhg_interstate_carrier,
CANDIDATE,3215417,gray-s-towing,usdot-3215417,1005125,GRAY'S TOWING,GRAY'S TOWING,hhg_interstate_carrier,
CANDIDATE,3215916,freightdel-llc,usdot-3215916,1005384,FREIGHTDEL LLC,FREIGHTDEL LLC,hhg_interstate_carrier,
CANDIDATE,3216852,bean-moving-storage-inc,usdot-3216852,1005870,BEAN MOVING & STORAGE INC,BEAN MOVING & STORAGE INC,hhg_interstate_carrier,
CANDIDATE,3217642,yucca-valley-van-storage,usdot-3217642,1006266,YUCCA VAN & STORAGE INC,YUCCA VALLEY VAN & STORAGE,hhg_interstate_carrier,
CANDIDATE,3220190,two-men-and-a-truck-usdot-3220190,usdot-3220190,1007626,TMT FARGO LLC,TWO MEN AND A TRUCK,hhg_interstate_carrier,
CANDIDATE,3220530,shield-moving-and-storage-llc,usdot-3220530,1007800,SHIELD MOVING AND STORAGE LLC,SHIELD MOVING AND STORAGE LLC,hhg_interstate_carrier,
CANDIDATE,3220767,two-men-and-a-truck-of-sanford,usdot-3220767,1007918,B10P LLC,TWO MEN AND A TRUCK OF SANFORD,hhg_interstate_carrier,
CANDIDATE,3221233,green-truck-moving-and-storage,usdot-3221233,1017946,TGTM LOGISTIC LLC,GREEN TRUCK MOVING AND STORAGE,hhg_interstate_carrier,
CANDIDATE,3222129,perfect-moving,usdot-3222129,1011174,PERFECT MOVING AND STORAGE LLC,PERFECT MOVING,hhg_interstate_carrier,
CANDIDATE,3222414,speeding-movers-llc,usdot-3222414,1008753,SPEEDING MOVERS LLC,SPEEDING MOVERS LLC,hhg_interstate_carrier,
CANDIDATE,3224266,gurm-lines,usdot-3224266,1009656,GURM LINES LLC,GURM LINES,hhg_interstate_carrier,
CANDIDATE,3224554,speedway-van-lines-llc,usdot-3224554,1009793,SPEEDWAY VAN LINES LLC,SPEEDWAY VAN LINES LLC,hhg_interstate_carrier,
CANDIDATE,3224565,zeromax-moving-and-storage-llc,usdot-3224565,1009800,ZEROMAX MOVING AND STORAGE LLC,ZEROMAX MOVING AND STORAGE LLC,hhg_interstate_carrier,
CANDIDATE,3224864,college-hunks-hauling-junk-moving-usdot-3224864,usdot-3224864,1318217,WELLS VENTURE,COLLEGE HUNKS HAULING JUNK & MOVING,hhg_interstate_carrier,
CANDIDATE,3225248,conroy-moving-and-storage,usdot-3225248,1010174,ROCKET CAT LLC,CONROY MOVING AND STORAGE,hhg_interstate_carrier,
CANDIDATE,3226092,brouwer-transportation-inc,usdot-3226092,1010618,BROUWER TRANSPORTATION INC,BROUWER TRANSPORTATION INC,hhg_interstate_carrier,
CANDIDATE,3226110,brouwer-enterprises-inc,usdot-3226110,1010628,BROUWER ENTERPRISES INC,BROUWER ENTERPRISES INC,hhg_interstate_carrier,
CANDIDATE,3226308,two-men-and-a-truck-usdot-3226308,usdot-3226308,1010703,TBN MURRAY FAM LLC,TWO MEN AND A TRUCK,hhg_interstate_carrier,
CANDIDATE,3226717,kings-moving-services,usdot-3226717,1010868,LEO'S MOVING SERVICES LLC,KINGS MOVING SERVICES,hhg_interstate_carrier,
CANDIDATE,3227005,eco-movers,usdot-3227005,1304454,GS MOVING SERVICES LLC,ECO-MOVERS,hhg_interstate_carrier,
CANDIDATE,3228380,denver-daily-moving-storage-llc,usdot-3228380,1067941,DENVER DAILY MOVING & STORAGE LLC,DENVER DAILY MOVING & STORAGE LLC,hhg_interstate_carrier,
CANDIDATE,3228756,alliance-movers,usdot-3228756,1082082,AMIN KARIM,ALLIANCE MOVERS,hhg_interstate_carrier,
CANDIDATE,3230416,rj-crowley-moving-and-storage,usdot-3230416,1012712,DRAGONFLY MOVING & STORAGE LLC,RJ CROWLEY MOVING AND STORAGE,hhg_interstate_carrier,
CANDIDATE,3230725,college-hunks-hauling-junk-moving-usdot-3230725,usdot-3230725,1012854,TRUEMOVE LLC,COLLEGE HUNKS HAULING JUNK & MOVING,hhg_interstate_carrier,
CANDIDATE,3231858,indiana-moving-services-inc,usdot-3231858,1013451,INDIANA MOVING SERVICES INC,INDIANA MOVING SERVICES INC,hhg_interstate_carrier,
CANDIDATE,3234359,paula-s-movers,usdot-3234359,1014669,PEHD INC,PAULA'S MOVERS,hhg_interstate_carrier,
CANDIDATE,3234695,california-seattle-express-long-distance-movers,usdot-3234695,1014839,KERB MOVING AND STORAGE LLC,CALIFORNIA SEATTLE EXPRESS LONG DISTANCE MOVERS,hhg_interstate_carrier,
CANDIDATE,3235063,big-city-moving,usdot-3235063,1015025,MRO HOLDINGS LLC,BIG CITY MOVING,hhg_interstate_carrier,
CANDIDATE,3236417,empire-movers-and-storage-corp,usdot-3236417,1015715,EMPIRE MOVERS AND STORAGE CORP,EMPIRE MOVERS AND STORAGE CORP,hhg_interstate_carrier,
CANDIDATE,3236584,amazing-movers-360-llc,usdot-3236584,1113801,AMAZING MOVERS 360 LLC,AMAZING MOVERS 360 LLC,hhg_interstate_carrier,
CANDIDATE,3236736,comfortable-moving-llc,usdot-3236736,1015844,COMFORTABLE MOVING LLC,COMFORTABLE MOVING LLC,hhg_interstate_carrier,
CANDIDATE,3237297,bek-moving-co-llc,usdot-3237297,1016140,BEK MOVING CO LLC,BEK MOVING CO LLC,hhg_interstate_carrier,
CANDIDATE,3238141,gridiron-forwarding-co-inc,usdot-3238141,,"GRIDIRON FORWARDING CO., INC.","GRIDIRON FORWARDING CO., INC.",hhg_interstate_carrier,
CANDIDATE,3238533,fox-transportation,usdot-3238533,1016747,FOX CAPITAL LLC,FOX TRANSPORTATION,hhg_interstate_carrier,
CANDIDATE,3238857,soldier-on-inc,usdot-3238857,1016907,SOLDIER ON INC,SOLDIER ON INC,hhg_interstate_carrier,
CANDIDATE,3239170,a-friendly-affordable-mover,usdot-3239170,1036449,JAWCS LLC,A FRIENDLY & AFFORDABLE MOVER,hhg_interstate_carrier,
CANDIDATE,3242388,brody-moving-services-llc,usdot-3242388,1686594,BRODY MOVING SERVICES LLC,BRODY MOVING SERVICES LLC,hhg_interstate_carrier,
CANDIDATE,3242410,boardwalk-linen-supply,usdot-3242410,1321020,A & M LINEN LLC,BOARDWALK LINEN SUPPLY,hhg_interstate_carrier,
CANDIDATE,3243499,safeway-moving-la,usdot-3243499,1023958,ASHLEY MOVERS LA LLC,SAFEWAY MOVING LA,hhg_interstate_carrier,
CANDIDATE,3244801,movingon-llc,usdot-3244801,1130380,MOVINGON LLC,MOVINGON LLC,hhg_interstate_carrier,
CANDIDATE,3245139,ajp-piano-moving-specialist-llc,usdot-3245139,1067485,AJP PIANO MOVING SPECIALIST LLC,AJP PIANO MOVING SPECIALIST LLC,hhg_interstate_carrier,
CANDIDATE,3247182,towne-international-forwarding-inc,usdot-3247182,,"TOWNE INTERNATIONAL FORWARDING, INC.","TOWNE INTERNATIONAL FORWARDING, INC.",hhg_interstate_carrier,
CANDIDATE,3247257,mjl-transport-llc,usdot-3247257,1021191,MJL TRANSPORT LLC,MJL TRANSPORT LLC,hhg_interstate_carrier,
CANDIDATE,3250099,college-hunks-hauling-junk-and-moving-usdot-3250099,usdot-3250099,1319972,JRS VENTURES INC,COLLEGE HUNKS HAULING JUNK AND MOVING,hhg_interstate_carrier,
CANDIDATE,3250673,southern-moving-storage,usdot-3250673,1022942,"SOUTHERN MOVING AND STORAGE, LLC",SOUTHERN MOVING & STORAGE,hhg_interstate_carrier,
CANDIDATE,3252153,diego-s-distribution-llc,usdot-3252153,1750312,DIEGO'S DISTRIBUTION LLC,DIEGO'S DISTRIBUTION LLC,hhg_interstate_carrier,
CANDIDATE,3252722,ciao-moving-storage-llc,usdot-3252722,1023998,CIAO MOVING & STORAGE LLC,CIAO MOVING & STORAGE LLC,hhg_interstate_carrier,
CANDIDATE,325439,liberty-moving-storage-co-inc,usdot-325439,198104,"LIBERTY MOVING & STORAGE CO., INC.","LIBERTY MOVING & STORAGE CO., INC.",hhg_interstate_carrier,
CANDIDATE,3255279,boxer-buddies,usdot-3255279,1379105,SARVER MOVERS LLC,BOXER BUDDIES,hhg_interstate_carrier,
CANDIDATE,3255646,seventh-generation-moving-storage-llc,usdot-3255646,1025443,SEVENTH GENERATION MOVING & STORAGE LLC,SEVENTH GENERATION MOVING & STORAGE LLC,hhg_interstate_carrier,
CANDIDATE,3257266,two-men-and-a-truck-usdot-3257266,usdot-3257266,1026210,TEN CITIES II LLC,TWO MEN AND A TRUCK,hhg_interstate_carrier,
CANDIDATE,3258649,two-men-and-a-truck-usdot-3258649,usdot-3258649,1026885,TMT MISSION 1 LLC,TWO MEN AND A TRUCK,hhg_interstate_carrier,
CANDIDATE,3260258,ars-moving-llc,usdot-3260258,1027666,ARS MOVING LLC,ARS MOVING LLC,hhg_interstate_carrier,
CANDIDATE,326094,bates-moving-storage-co-inc,usdot-326094,1120502,BATES MOVING & STORAGE CO INC,BATES MOVING & STORAGE CO INC,hhg_interstate_carrier,
CANDIDATE,3261005,panda-trucks,usdot-3261005,1028010,PANDA TRUCKS LLC,PANDA TRUCKS,hhg_interstate_carrier,
CANDIDATE,3262872,lucy-dog-enterprises-limited-liability-company,usdot-3262872,1028839,LUCY DOG ENTERPRISES LIMITED LIABILITY COMPANY,LUCY DOG ENTERPRISES LIMITED LIABILITY COMPANY,hhg_interstate_carrier,
CANDIDATE,326335,terminal-consolidation-company,usdot-326335,151065,TERMINAL CONSOLIDATION COMPANY,TERMINAL CONSOLIDATION COMPANY,hhg_interstate_carrier,
CANDIDATE,3263587,midwest-moving-midwest-moving-company-mmco-mmc,usdot-3263587,1029171,MIDWEST MOVING COMPANY LLC,MIDWEST MOVING MIDWEST MOVING COMPANY MMCO MMC,hhg_broker hhg_interstate_carrier,
CANDIDATE,3265364,a-m-moving-services-llc,usdot-3265364,1149164,A & M MOVING SERVICES LLC,A & M MOVING SERVICES LLC,hhg_interstate_carrier,
CANDIDATE,32658,interstate-van-lines-inc,usdot-32658,1745,"INTERSTATE VAN LINES, INC.","INTERSTATE VAN LINES, INC.",hhg_interstate_carrier,
CANDIDATE,3266645,two-men-and-a-truck-usdot-3266645,usdot-3266645,1030589,DEKALB 556 LLC,TWO MEN AND A TRUCK,hhg_interstate_carrier,
CANDIDATE,3266915,tx-moving-and-storage-llc,usdot-3266915,1030727,TX MOVING AND STORAGE LLC,TX MOVING AND STORAGE LLC,hhg_interstate_carrier,
CANDIDATE,3266994,corrib-moving-and-storage,usdot-3266994,1539093,CORRIB MOVING AND STORAGE,CORRIB MOVING AND STORAGE,hhg_interstate_carrier,
CANDIDATE,3271670,northeastern-movers-inc,usdot-3271670,1032971,NORTHEASTERN MOVERS INC,NORTHEASTERN MOVERS INC,hhg_interstate_carrier,
CANDIDATE,3272052,aaa-moving-storage-llc,usdot-3272052,1033140,AAA MOVING & STORAGE LLC,AAA MOVING & STORAGE LLC,hhg_interstate_carrier,
CANDIDATE,3273322,priority-transport-llc,usdot-3273322,1033738,PRIORITY TRANSPORT LLC,PRIORITY TRANSPORT LLC,hhg_interstate_carrier,
CANDIDATE,3274228,o-flynn-s-transportation-inc,usdot-3274228,1034156,O'FLYNN'S TRANSPORTATION INC.,O'FLYNN'S TRANSPORTATION INC.,hhg_interstate_carrier,
CANDIDATE,3274640,action-movers,usdot-3274640,1203194,JESSE R STOOPS,ACTION MOVERS,hhg_interstate_carrier,
CANDIDATE,327540,prime-transport-inc,usdot-327540,212744,"PRIME TRANSPORT, INC.","PRIME TRANSPORT, INC.",hhg_interstate_carrier,
CANDIDATE,3275654,rexton-moving-and-storage-inc,usdot-3275654,1546594,"REXTON MOVING AND STORAGE, INC","REXTON MOVING AND STORAGE, INC",hhg_interstate_carrier,
CANDIDATE,3276268,tornedo-moving-and-storage-inc,usdot-3276268,1035116,TORNEDO MOVING AND STORAGE INC,TORNEDO MOVING AND STORAGE INC,hhg_interstate_carrier,
CANDIDATE,3276561,two-men-and-a-truck-0554,usdot-3276561,1035250,"ON THE GO MOVERS, INC.",TWO MEN AND A TRUCK 0554,hhg_interstate_carrier,
CANDIDATE,3283975,pegasus-moving-and-cleaning-llc,usdot-3283975,1038734,PEGASUS MOVING AND CLEANING LLC,PEGASUS MOVING AND CLEANING LLC,hhg_interstate_carrier,
CANDIDATE,3285650,meridian-moving-storage,usdot-3285650,1039604,MERIDIAN MOVING & STORAGE,MERIDIAN MOVING & STORAGE,hhg_interstate_carrier,
CANDIDATE,3286258,college-hunks-hauling-junk-and-moving-usdot-3286258,usdot-3286258,1425657,ROJO INC,COLLEGE HUNKS HAULING JUNK AND MOVING,hhg_interstate_carrier,
CANDIDATE,3286720,muscle-4-hire-moving-llc,usdot-3286720,1107874,MUSCLE 4 HIRE MOVING LLC,MUSCLE 4 HIRE MOVING LLC,hhg_interstate_carrier,
CANDIDATE,3287580,millennial-services-llc,usdot-3287580,1040509,MILLENNIAL SERVICES LLC,MILLENNIAL SERVICES LLC,hhg_interstate_carrier,
CANDIDATE,3288640,americam-movers-llc,usdot-3288640,1112885,AMERICAM MOVERS LLC,AMERICAM MOVERS LLC,hhg_interstate_carrier,
CANDIDATE,3288917,stonewall-towing-recovery-llc,usdot-3288917,1041169,STONEWALL TOWING & RECOVERY  LLC,STONEWALL TOWING & RECOVERY  LLC,hhg_interstate_carrier,
CANDIDATE,3290850,kwik-towing-recovery,usdot-3290850,1042065,ERIC J JONES,KWIK TOWING & RECOVERY,hhg_interstate_carrier,
CANDIDATE,3291364,northern-elite-van-lines,usdot-3291364,1042324,WRAP AND TAG MOVING LLC,NORTHERN ELITE VAN LINES,hhg_interstate_carrier,
CANDIDATE,3292595,diawson,usdot-3292595,1042919,DIAWSON LLC,DIAWSON,hhg_interstate_carrier,
CANDIDATE,3293950,lumy-moving-inc,usdot-3293950,1043545,LUMY MOVING INC,LUMY MOVING INC,hhg_interstate_carrier,
CANDIDATE,3295324,big-deahl-s-movers,usdot-3295324,1487487,PEOPLE TRUSTED COMPANY GROUP,BIG DEAHL'S MOVERS,hhg_interstate_carrier,
CANDIDATE,3295834,meta-movers-llc,usdot-3295834,1044452,META MOVERS LLC,META MOVERS LLC,hhg_interstate_carrier,
CANDIDATE,3295868,world-class-moving-storage,usdot-3295868,1044476,MD TRANSPORTATION GROUP LLC,WORLD CLASS MOVING & STORAGE,hhg_interstate_carrier,
CANDIDATE,3298205,college-hunks-hauling-junk-and-moving-usdot-3298205,usdot-3298205,1481986,SJB GROUP INVESTMENTS LLC,COLLEGE HUNKS HAULING JUNK AND MOVING,hhg_interstate_carrier,
CANDIDATE,3299514,eli-barhanin,usdot-3299514,1046288,ELI BARHANIN,ELI BARHANIN,hhg_interstate_carrier,
CANDIDATE,3299710,a1-piano-sales-and-rentals,usdot-3299710,1732116,MAR ONE PIANO LLC,A1 PIANO SALES AND RENTALS,hhg_interstate_carrier,
CANDIDATE,3300844,dracarys-fleet-llc,usdot-3300844,1047129,DRACARYS FLEET LLC,DRACARYS FLEET LLC,hhg_interstate_carrier,
CANDIDATE,3301146,mbm-enterprises-of-brevard-llc,usdot-3301146,1210737,MBM ENTERPRISES OF BREVARD LLC,MBM ENTERPRISES OF BREVARD LLC,hhg_interstate_carrier,
CANDIDATE,3301147,ready-2-roll-moving-llc,usdot-3301147,1720282,READY 2 ROLL MOVING LLC,READY 2 ROLL MOVING LLC,hhg_interstate_carrier,
CANDIDATE,3301576,prodigy-movers-llc,usdot-3301576,1666038,PRODIGY MOVERS LLC,PRODIGY MOVERS LLC,hhg_interstate_carrier,
CANDIDATE,3302564,storage-squad-llc,usdot-3302564,1307490,STORAGE SQUAD LLC,STORAGE SQUAD LLC,hhg_interstate_carrier,
CANDIDATE,3302750,two-men-and-a-truck-little-rock-ar,usdot-3302750,1047715,EGB LLC,TWO MEN AND A TRUCK LITTLE ROCK AR,hhg_interstate_carrier,
CANDIDATE,3303833,two-men-and-a-truck-of-reno-nevada,usdot-3303833,1048274,RA MOVING LLC,TWO MEN AND A TRUCK OF RENO NEVADA,hhg_interstate_carrier,
CANDIDATE,3304375,alliance-services,usdot-3304375,1048523,HKS & RSP LLC,ALLIANCE SERVICES,hhg_interstate_carrier,
CANDIDATE,3304680,two-men-and-a-truck-usdot-3304680,usdot-3304680,1048681,SIA TRANSPORTATION INC,TWO MEN AND A TRUCK,hhg_interstate_carrier,
CANDIDATE,3304820,stephen-walker,usdot-3304820,1790238,WALKER & KIRBY TRANSPORT LLC,STEPHEN WALKER,hhg_interstate_carrier,
CANDIDATE,3304870,prohelp-llc,usdot-3304870,1048763,PROHELP LLC,PROHELP LLC,hhg_interstate_carrier,
CANDIDATE,3304893,college-hunks-hauling-junk-moving-usdot-3304893,usdot-3304893,1445596,DARSS LLC,COLLEGE HUNKS HAULING JUNK & MOVING,hhg_interstate_carrier,
CANDIDATE,3305656,kaya-svc,usdot-3305656,1049145,ADAN ALDRETE,KAYA SVC,hhg_interstate_carrier,
CANDIDATE,3306190,cda-pro-movers,usdot-3306190,1049401,ROCKET VAN LINES,CDA PRO MOVERS,hhg_interstate_carrier,
CANDIDATE,3308205,stuart-s-moving-and-storage,usdot-3308205,1050397,STUART'S ENTERPRISES LLC,STUART'S MOVING AND STORAGE,hhg_interstate_carrier,
CANDIDATE,3309154,a1-movers-inc,usdot-3309154,1055273,"A1 MOVERS, INC","A1 MOVERS, INC",hhg_interstate_carrier,
CANDIDATE,3310260,hingham-moving-services-llc,usdot-3310260,1051370,HINGHAM MOVING SERVICES LLC,HINGHAM MOVING SERVICES LLC,hhg_interstate_carrier,
CANDIDATE,3310524,bamm-moving-and-cleaning-llc,usdot-3310524,1051487,BAMM MOVING AND CLEANING LLC,BAMM MOVING AND CLEANING LLC,hhg_interstate_carrier,
CANDIDATE,3310584,run-and-see-moving,usdot-3310584,1051514,RUN AND SEE MOVING ASSISTANTS LLC,RUN AND SEE MOVING,hhg_interstate_carrier,
CANDIDATE,3311957,crcs,usdot-3311957,1185360,CR CREATIVE SERVICES LP,CRCS,hhg_interstate_carrier,
CANDIDATE,3313420,whalen-s-moving-storage-of-westchester-llc,usdot-3313420,1422706,"WHALEN'S MOVING & STORAGE OF WESTCHESTER, LLC","WHALEN'S MOVING & STORAGE OF WESTCHESTER, LLC",hhg_interstate_carrier,
CANDIDATE,3313532,firehouse-moving-company-llc,usdot-3313532,1052982,FIREHOUSE MOVING COMPANY LLC,FIREHOUSE MOVING COMPANY LLC,hhg_interstate_carrier,
CANDIDATE,3313755,toqa-movers-llc,usdot-3313755,1053101,TOQA MOVERS LLC,TOQA MOVERS LLC,hhg_interstate_carrier,
CANDIDATE,3314910,motivated-movers-usdot-3314910,usdot-3314910,1177987,"PETES MOVING SERVICES, LLC",MOTIVATED MOVERS,hhg_interstate_carrier,
CANDIDATE,3315120,flagstaff-moving-company-llc,usdot-3315120,1053779,FLAGSTAFF MOVING COMPANY LLC,FLAGSTAFF MOVING COMPANY LLC,hhg_interstate_carrier,
CANDIDATE,3316305,holland-movers-llc,usdot-3316305,1403180,HOLLAND MOVERS LLC,HOLLAND MOVERS LLC,hhg_interstate_carrier,
CANDIDATE,3322821,kandaka-cargo-xpress-llc,usdot-3322821,1057647,KANDAKA CARGO XPRESS LLC,KANDAKA CARGO XPRESS LLC,hhg_interstate_carrier,
CANDIDATE,3326381,rudy-s-moving,usdot-3326381,1059287,RAUDEL GARCIA SR,RUDY'S MOVING,hhg_interstate_carrier,
CANDIDATE,3328500,wisemen-group-llc,usdot-3328500,1060303,WISEMEN GROUP LLC,WISEMEN GROUP LLC,hhg_interstate_carrier,
CANDIDATE,3329027,us-freight-services-llc,usdot-3329027,1060533,US FREIGHT SERVICES LLC,US FREIGHT SERVICES LLC,hhg_interstate_carrier,
CANDIDATE,3329752,reed-moving-llc,usdot-3329752,1318872,REED MOVING LLC,REED MOVING LLC,hhg_interstate_carrier,
CANDIDATE,3330115,two-men-and-a-truck-usdot-3330115,usdot-3330115,1061046,TEN CITIES III LLC,TWO MEN AND A TRUCK,hhg_interstate_carrier,
CANDIDATE,3333601,woodard-and-ellis-co-llc,usdot-3333601,1062778,WOODARD AND ELLIS CO LLC,WOODARD AND ELLIS CO LLC,hhg_interstate_carrier,
CANDIDATE,3334469,minne-movers,usdot-3334469,1653652,MINNE MOVING LLC,MINNE MOVERS,hhg_interstate_carrier,
CANDIDATE,3336863,mericle-relocations,usdot-3336863,1064307,CEN-FLO MOVEMENT LLC,MERICLE RELOCATIONS,hhg_interstate_carrier,
CANDIDATE,3337608,uncle-jo-movers-llc,usdot-3337608,1188642,UNCLE JO MOVERS LLC,UNCLE JO MOVERS LLC,hhg_interstate_carrier,
CANDIDATE,3337765,wjm-transportation-llc,usdot-3337765,1064778,WJM TRANSPORTATION LLC,WJM TRANSPORTATION LLC,hhg_interstate_carrier,
CANDIDATE,3338540,hello-movers-llc,usdot-3338540,1065176,HELLO MOVERS LLC,HELLO MOVERS LLC,hhg_interstate_carrier,
CANDIDATE,3341306,el-yaqui-transport-llc,usdot-3341306,1066520,EL YAQUI TRANSPORT LLC,EL YAQUI TRANSPORT LLC,hhg_interstate_carrier,
CANDIDATE,3342332,shockwave-cargo-llc,usdot-3342332,,SHOCKWAVE CARGO LLC,SHOCKWAVE CARGO LLC,hhg_interstate_carrier,
CANDIDATE,3342680,transitional-movers-llc,usdot-3342680,1067195,TRANSITIONAL MOVERS LLC,TRANSITIONAL MOVERS LLC,hhg_interstate_carrier,
CANDIDATE,3343037,pharaohs-expedite-llc,usdot-3343037,1067625,PHARAOHS EXPEDITE LLC,PHARAOHS EXPEDITE LLC,hhg_interstate_carrier,
CANDIDATE,3343599,aj-s-moving-and-storage,usdot-3343599,1067637,DGB MOVERS LLC,AJ'S MOVING AND STORAGE,hhg_interstate_carrier,
CANDIDATE,3344536,interstate-mckinzie-movers-llc,usdot-3344536,1068114,INTERSTATE MCKINZIE MOVERS LLC,INTERSTATE MCKINZIE MOVERS LLC,hhg_interstate_carrier,
CANDIDATE,3345823,newbridge-experiential-assets-llc,usdot-3345823,1068756,"NEWBRIDGE EXPERIENTIAL ASSETS, LLC","NEWBRIDGE EXPERIENTIAL ASSETS, LLC",hhg_interstate_carrier,
CANDIDATE,3346552,aladdin-movers-llc,usdot-3346552,1069144,ALADDIN MOVERS LLC,ALADDIN MOVERS LLC,hhg_interstate_carrier,
CANDIDATE,3347447,last-minute-moving-llc,usdot-3347447,1069565,LAST MINUTE MOVING LLC,LAST MINUTE MOVING LLC,hhg_interstate_carrier,
CANDIDATE,3348633,nex-level-moving,usdot-3348633,1118035,NEX LEVEL MOVING LLC,NEX LEVEL MOVING,hhg_interstate_carrier,
CANDIDATE,3349275,agreen-movers-llc,usdot-3349275,1668982,AGREEN MOVERS LLC,AGREEN MOVERS LLC,hhg_interstate_carrier,
CANDIDATE,3350149,banning-moving,usdot-3350149,1070919,ROBERT BANNING,BANNING MOVING,hhg_interstate_carrier,
CANDIDATE,3350778,demello-moving-services-llc,usdot-3350778,1071233,DEMELLO MOVING SERVICES LLC,DEMELLO MOVING SERVICES LLC,hhg_interstate_carrier,
CANDIDATE,3352730,rn-distributor-group-llc,usdot-3352730,1072154,RN DISTRIBUTOR GROUP LLC,RN DISTRIBUTOR GROUP LLC,hhg_interstate_carrier,
CANDIDATE,3354482,kushner-moving-group,usdot-3354482,1152242,KEAD - NORTHEAST LLC,KUSHNER MOVING GROUP,hhg_interstate_carrier,
CANDIDATE,3355466,ozoria-llc,usdot-3355466,1552895,OZORIA LLC,OZORIA LLC,hhg_interstate_carrier,
CANDIDATE,3356186,husky-moving-llc,usdot-3356186,1073909,"HUSKY MOVING, LLC","HUSKY MOVING, LLC",hhg_interstate_carrier,
CANDIDATE,3356322,global-pack-ship,usdot-3356322,1075410,BETAH INC,GLOBAL PACK SHIP,hhg_interstate_carrier,
CANDIDATE,3356449,two-men-and-a-truck-usdot-3356449,usdot-3356449,1074034,BEEHIVE MOVING LLC,TWO MEN AND A TRUCK,hhg_interstate_carrier,
CANDIDATE,3357053,4-quick-services-llc,usdot-3357053,1074348,4 QUICK SERVICES LLC,4 QUICK SERVICES LLC,hhg_interstate_carrier,
CANDIDATE,3358418,college-hunks-hauling-junk-and-moving-usdot-3358418,usdot-3358418,1075029,GOODBYE GARBAGE COMPANY,COLLEGE HUNKS HAULING JUNK AND MOVING,hhg_interstate_carrier,
CANDIDATE,3358769,maritime-marine-llc,usdot-3358769,1075206,MARITIME MARINE LLC,MARITIME MARINE LLC,hhg_interstate_carrier,
CANDIDATE,335900,80-680-2208,usdot-335900,1484354,CJ MILLER LLC,80-680-2208,hhg_interstate_carrier,
CANDIDATE,3359500,dark-horse-movers-llc,usdot-3359500,1075568,DARK HORSE MOVERS LLC,DARK HORSE MOVERS LLC,hhg_interstate_carrier,
CANDIDATE,3359626,zenith-moving-llc,usdot-3359626,1143145,ZENITH MOVING LLC,ZENITH MOVING LLC,hhg_interstate_carrier,
CANDIDATE,3359825,friendly-freight,usdot-3359825,1213671,FRIENDLY FREIGHT LLC,FRIENDLY FREIGHT,hhg_interstate_carrier,
CANDIDATE,3360367,falcon-moving-llc,usdot-3360367,1084837,FALCON MOVING LLC,FALCON MOVING LLC,hhg_interstate_carrier,
CANDIDATE,3360594,t-a-no-stress-movers,usdot-3360594,1076104,DEVIN YUSEF LATIMORE,T-A NO STRESS MOVERS,hhg_interstate_carrier,
CANDIDATE,3361458,h2h-movers,usdot-3361458,1076525,H2H MOVERS,H2H MOVERS,hhg_interstate_carrier,
CANDIDATE,3362181,husky-moving,usdot-3362181,1076856,ATL MOVING AND STORAGE CORP,HUSKY MOVING,hhg_interstate_carrier,
CANDIDATE,3363104,diamondback-disposal,usdot-3363104,1206234,DIAMONDBACK DUMPSTERS LLC,DIAMONDBACK DISPOSAL,hhg_interstate_carrier,
CANDIDATE,3364162,welchs-professional-services,usdot-3364162,1077806,BRIAN WELCH,WELCHS PROFESSIONAL SERVICES,hhg_interstate_carrier,
CANDIDATE,3364327,davidandrewpavelplatinumservices-llc,usdot-3364327,1077885,DAVIDANDREWPAVELPLATINUMSERVICES LLC,DAVIDANDREWPAVELPLATINUMSERVICES LLC,hhg_interstate_carrier,
CANDIDATE,3365195,arrow-moving-solutions,usdot-3365195,1078271,ARROW SERVICES US INC,ARROW MOVING SOLUTIONS,hhg_interstate_carrier,
CANDIDATE,3365222,jane-s-movers,usdot-3365222,1078287,JANES MOVERS LLC,JANE'S MOVERS,hhg_interstate_carrier,
CANDIDATE,3367542,two-men-and-a-truck-boston,usdot-3367542,1079286,AN3 BOSTON LLC,TWO MEN AND A TRUCK - BOSTON,hhg_interstate_carrier,
CANDIDATE,3369346,workhorse-moving-co,usdot-3369346,1080028,WORKHORSE MOVING CO,WORKHORSE MOVING CO,hhg_interstate_carrier,
CANDIDATE,3371544,two-men-and-a-truck-usdot-3371544,usdot-3371544,1080976,TMT MANKATO LLC,TWO MEN AND A TRUCK,hhg_interstate_carrier,
CANDIDATE,3372005,aes-freight-transport-llc,usdot-3372005,1570029,AES FREIGHT TRANSPORT LLC,AES FREIGHT TRANSPORT LLC,hhg_interstate_carrier,
CANDIDATE,3376034,aba-transport,usdot-3376034,1082931,KIRANDEEP SINGH DHALIWAL,ABA TRANSPORT,hhg_interstate_carrier,
CANDIDATE,3377406,college-hunks-hauling-junk-of-lake-county,usdot-3377406,1445906,ECOVILLE,COLLEGE HUNKS HAULING JUNK OF LAKE COUNTY,hhg_interstate_carrier,
CANDIDATE,3378469,lifetime-moving-co,usdot-3378469,1083968,LIFETIME MOVING CO,LIFETIME MOVING CO,hhg_interstate_carrier,
CANDIDATE,3379288,fitton-van-storage-inc,usdot-3379288,1084341,FITTON VAN & STORAGE INC,FITTON VAN & STORAGE INC,hhg_interstate_carrier,
CANDIDATE,3379394,movebright-moving-and-storage,usdot-3379394,1140514,BLUNT ENTERPRISE,MOVEBRIGHT MOVING AND STORAGE,hhg_interstate_carrier,
CANDIDATE,3379526,laporte-masonry-and-waterproofing-incorporated,usdot-3379526,1084442,LAPORTE MASONRY AND WATERPROOFING INCORPORATED,LAPORTE MASONRY AND WATERPROOFING INCORPORATED,hhg_interstate_carrier,
CANDIDATE,3380406,two-men-and-a-truck-usdot-3380406,usdot-3380406,1084850,GWINNING TOGETHER LLC,TWO MEN AND A TRUCK,hhg_interstate_carrier,
CANDIDATE,3380603,unlimited-moving-and-storage-llc,usdot-3380603,1084959,UNLIMITED MOVING AND STORAGE LLC,UNLIMITED MOVING AND STORAGE LLC,hhg_interstate_carrier,
CANDIDATE,3381623,black-tie-moving-services-huntsville-al,usdot-3381623,1375777,GBPB LLC,BLACK TIE MOVING SERVICES HUNTSVILLE AL,hhg_interstate_carrier,
CANDIDATE,3383790,navis-pack-ship-portland,usdot-3383790,1086445,BAM-HEAN LLC,NAVIS PACK & SHIP PORTLAND,hhg_interstate_carrier,
CANDIDATE,3383907,the-professionals-moving-specialists-inc,usdot-3383907,1086504,THE PROFESSIONALS INC,THE PROFESSIONALS MOVING SPECIALISTS INC,hhg_interstate_carrier,
CANDIDATE,3384267,southwest-moving-transport-llc,usdot-3384267,1086675,SOUTHWEST MOVING & TRANSPORT LLC,SOUTHWEST MOVING & TRANSPORT LLC,hhg_interstate_carrier,
CANDIDATE,3384282,amek-international-llc,usdot-3384282,1086680,AMEK INTERNATIONAL LLC,AMEK INTERNATIONAL LLC,hhg_interstate_carrier,
CANDIDATE,3385514,saturday-morning-moving-llc,usdot-3385514,1087237,SATURDAY MORNING MOVING LLC,SATURDAY MORNING MOVING LLC,hhg_interstate_carrier,
CANDIDATE,3386612,marrone-logistics,usdot-3386612,1087755,FRIGENTO ENTERPRISES CO,MARRONE LOGISTICS,hhg_interstate_carrier,
CANDIDATE,3386695,rmk-enterprise-llc,usdot-3386695,1087802,RMK ENTERPRISE LLC,RMK ENTERPRISE LLC,hhg_interstate_carrier,
CANDIDATE,3388098,syd-s-carpet-and-snooze-room,usdot-3388098,1088486,SYD'S OF KEENE LLC,SYD'S CARPET AND SNOOZE ROOM,hhg_interstate_carrier,
CANDIDATE,3390290,mngmovers-llc,usdot-3390290,1089474,MNGMOVERS LLC,MNGMOVERS LLC,hhg_interstate_carrier,
CANDIDATE,3390371,travis-eckroth-trucking,usdot-3390371,1089513,TRAVIS ECKROTH,TRAVIS ECKROTH TRUCKING,hhg_interstate_carrier,
CANDIDATE,3390795,petra-moving-storage-llc,usdot-3390795,1089717,PETRA MOVING & STORAGE LLC,PETRA MOVING & STORAGE LLC,hhg_interstate_carrier,
CANDIDATE,3391195,x-van-lines-limited-liability-company,usdot-3391195,1089913,X VAN LINES LIMITED LIABILITY COMPANY,X VAN LINES LIMITED LIABILITY COMPANY,hhg_interstate_carrier,
CANDIDATE,3391805,hbf-transport-llc,usdot-3391805,1090234,HBF TRANSPORT LLC,HBF TRANSPORT LLC,hhg_interstate_carrier,
CANDIDATE,3393511,rational-moving-inc,usdot-3393511,1565780,RATIONAL MOVING INC,RATIONAL MOVING INC,hhg_interstate_carrier,
CANDIDATE,3398018,sos-moving-llc,usdot-3398018,1153871,SOS MOVING LLC,SOS MOVING LLC,hhg_interstate_carrier,
CANDIDATE,3398778,stark-moving-and-storage-inc,usdot-3398778,1093615,STARK MOVING AND STORAGE INC,STARK MOVING AND STORAGE INC,hhg_interstate_carrier,
CANDIDATE,3400696,trae-kai-logistics,usdot-3400696,1367309,TRAE-KAI MOVING LLC,TRAE-KAI LOGISTICS,hhg_interstate_carrier,
CANDIDATE,3402685,two-men-and-a-truck-usdot-3402685,usdot-3402685,1095537,ABA MOVING & STORAGE INC,TWO MEN AND A TRUCK,hhg_interstate_carrier,
CANDIDATE,3404492,freetamuster-transport-llc,usdot-3404492,1289766,FREETAMUSTER TRANSPORT LLC,FREETAMUSTER TRANSPORT LLC,hhg_interstate_carrier,
CANDIDATE,3405009,judd-transport-llc,usdot-3405009,1096704,JUDD TRANSPORT LLC,JUDD TRANSPORT LLC,hhg_interstate_carrier,
CANDIDATE,3405503,g-h-moving-storage-company,usdot-3405503,1111872,G & H MOVING & STORAGE COMPANY,G & H MOVING & STORAGE COMPANY,hhg_interstate_carrier,
CANDIDATE,3406732,four-guys-and-a-truck,usdot-3406732,1097496,MOVING SPECIALIST INC,FOUR GUYS AND A TRUCK,hhg_interstate_carrier,
CANDIDATE,3406771,point-blank-moving-llc,usdot-3406771,1097514,POINT BLANK MOVING LLC,POINT BLANK MOVING LLC,hhg_interstate_carrier,
CANDIDATE,3409482,pinks-moving-and-storage-llc,usdot-3409482,1098965,PINKS MOVING AND STORAGE LLC,PINKS MOVING AND STORAGE LLC,hhg_interstate_carrier,
CANDIDATE,3409801,dcb-consulting-and-storage,usdot-3409801,1099129,DCB CONSULTING AND STORAGE,DCB CONSULTING AND STORAGE,hhg_interstate_carrier,
CANDIDATE,3411639,precision-transport-llc,usdot-3411639,1100179,PRECISION TRANSPORT LLC,PRECISION TRANSPORT LLC,hhg_interstate_carrier,
CANDIDATE,3413348,flyt-llc,usdot-3413348,1101195,FLYT LLC,FLYT LLC,hhg_interstate_carrier,
CANDIDATE,3413449,keim-express-transport,usdot-3413449,1002022,MATTHEW KEIM LLC,KEIM EXPRESS TRANSPORT,hhg_interstate_carrier,
CANDIDATE,3413955,l-l-moving-llc,usdot-3413955,1101537,L & L MOVING LLC,L & L MOVING LLC,hhg_interstate_carrier,
CANDIDATE,3414081,dc-moving-inc,usdot-3414081,1101609,DC MOVING INC,DC MOVING INC,hhg_interstate_carrier,
CANDIDATE,3415645,anytime-anywhere-piano-moving-llc,usdot-3415645,1102623,ANYTIME ANYWHERE PIANO & MOVING LLC,ANYTIME ANYWHERE PIANO & MOVING LLC,hhg_interstate_carrier,
CANDIDATE,3415750,s-m-transports,usdot-3415750,1102692,SWISHERS&MAGNUMSLLC,S&M TRANSPORTS,hhg_interstate_carrier,
CANDIDATE,3417348,affordablemovers-biz-llc,usdot-3417348,1103694,AFFORDABLEMOVERS BIZ LLC,AFFORDABLEMOVERS BIZ LLC,hhg_interstate_carrier,
CANDIDATE,34174,affiliated-van-lines-inc,usdot-34174,,"AFFILIATED VAN LINES, INC.","AFFILIATED VAN LINES, INC.",hhg_interstate_carrier,
CANDIDATE,3418033,josey-freight-co,usdot-3418033,1104103,JOSEY FREIGHT COMPANY LLC,JOSEY FREIGHT CO,hhg_interstate_carrier,
CANDIDATE,3421249,jaze-properties-llc,usdot-3421249,1149522,JAZE PROPERTIES LLC,JAZE PROPERTIES LLC,hhg_interstate_carrier,
CANDIDATE,34233,emrick-s-van-and-storage-company,usdot-34233,135250,EMRICK'S VAN AND STORAGE COMPANY,EMRICK'S VAN AND STORAGE COMPANY,hhg_interstate_carrier,
CANDIDATE,3424063,tiger-moving-llc,usdot-3424063,1546145,TIGER MOVING LLC,TIGER MOVING LLC,hhg_interstate_carrier,
CANDIDATE,3424165,aben-moving-and-storage-llc,usdot-3424165,1107704,ABEN MOVING AND STORAGE LLC,ABEN MOVING AND STORAGE LLC,hhg_interstate_carrier,
CANDIDATE,3425720,tom-s-marathon-movers-llc,usdot-3425720,1233644,TOM'S MARATHON MOVERS LLC,TOM'S MARATHON MOVERS LLC,hhg_interstate_carrier,
CANDIDATE,3426104,eastland-movers-llc,usdot-3426104,1108808,EASTLAND MOVERS LLC,EASTLAND MOVERS LLC,hhg_interstate_carrier,
CANDIDATE,3426392,brier-moving-company-llc,usdot-3426392,1108964,"BRIER MOVING COMPANY, LLC","BRIER MOVING COMPANY, LLC",hhg_interstate_carrier,
CANDIDATE,3426501,booker-smith-transportation,usdot-3426501,1109028,"BOOKER-SMITH ENTERPRISES, LLC",BOOKER-SMITH TRANSPORTATION,hhg_interstate_carrier,
CANDIDATE,3426527,blue-ox-moving-company,usdot-3426527,1167990,JAKE SOBIECK INC,BLUE OX MOVING COMPANY,hhg_interstate_carrier,
CANDIDATE,3429495,college-hunks-hauling-junk-moving-usdot-3429495,usdot-3429495,1264840,ARIMA ENTERPRISES INC,COLLEGE HUNKS HAULING JUNK & MOVING,hhg_interstate_carrier,
CANDIDATE,3429695,heavenly-care-moving,usdot-3429695,1110864,"ACTIVUS MOVING, LLC",HEAVENLY CARE MOVING,hhg_interstate_carrier,
CANDIDATE,3431724,martinez-group-enterprises-llc,usdot-3431724,1116808,MARTINEZ GROUP ENTERPRISES LLC,MARTINEZ GROUP ENTERPRISES LLC,hhg_interstate_carrier,
CANDIDATE,3431971,space-moving-and-storage,usdot-3431971,1112228,SPACE MOVING LLC,SPACE MOVING AND STORAGE,hhg_interstate_carrier,
CANDIDATE,3433024,magik-relocation,usdot-3433024,1112848,MAGIK CORP,MAGIK RELOCATION,hhg_interstate_carrier,
CANDIDATE,3434076,dc1-transport-llc,usdot-3434076,1115898,DC1 TRANSPORT LLC,DC1 TRANSPORT LLC,hhg_interstate_carrier,
CANDIDATE,3434592,trc-xpress-llc,usdot-3434592,1113773,TRC XPRESS LLC,TRC XPRESS LLC,hhg_interstate_carrier,
CANDIDATE,343501,student-services-moving-company-inc,usdot-343501,154670,"STUDENT SERVICES MOVING COMPANY, INC.","STUDENT SERVICES MOVING COMPANY, INC.",hhg_interstate_carrier,
CANDIDATE,3435844,dow-moving,usdot-3435844,1397290,THE DOW STREET MOVING COMPANY LLC,DOW MOVING,hhg_interstate_carrier,
CANDIDATE,3436422,d-s-affordable-moving-service,usdot-3436422,1114829,DONNELL SPELLMAN,D'S AFFORDABLE MOVING SERVICE,hhg_interstate_carrier,
CANDIDATE,3436429,shenandoah-courier-llc,usdot-3436429,1120011,SHENANDOAH COURIER LLC,SHENANDOAH COURIER LLC,hhg_interstate_carrier,
CANDIDATE,3436768,the-cousins-movers-company-llc,usdot-3436768,1115055,THE COUSINS MOVERS COMPANY LLC,THE COUSINS MOVERS COMPANY LLC,hhg_interstate_carrier,
CANDIDATE,3438362,on-call-moving,usdot-3438362,1211294,ON CALL MOVING COMPANY LLC,ON CALL MOVING,hhg_interstate_carrier,
CANDIDATE,3438532,c-d-transporting-inc,usdot-3438532,1116112,C & D TRANSPORTING INC.,C & D TRANSPORTING INC.,hhg_interstate_carrier,
CANDIDATE,3439225,er-moving,usdot-3439225,1116514,ER MOVING,ER MOVING,hhg_interstate_carrier,
CANDIDATE,3439448,ramirez-transportation-llc,usdot-3439448,1253255,RAMIREZ TRANSPORTATION LLC,RAMIREZ TRANSPORTATION LLC,hhg_interstate_carrier,
CANDIDATE,3439612,college-hunks-hauling-junk-moving-of-asheville,usdot-3439612,1526904,VENTURE 2134 INC,COLLEGE HUNKS HAULING JUNK & MOVING OF ASHEVILLE,hhg_interstate_carrier,
CANDIDATE,3443177,kings-transportation-llc,usdot-3443177,1118818,"KINGS TRANSPORTATION, LLC","KINGS TRANSPORTATION, LLC",hhg_interstate_carrier,
CANDIDATE,3443831,ronald-walker,usdot-3443831,1119214,KINGSTON TRANSPORT LLC,RONALD WALKER,hhg_interstate_carrier,
CANDIDATE,3444601,bailey-moving-and-storage-inc,usdot-3444601,1119666,BAILEY MOVING AND STORAGE INC,BAILEY MOVING AND STORAGE INC,hhg_interstate_carrier,
CANDIDATE,3444872,huberwilmot-moving-and-storage-llc,usdot-3444872,1119818,HUBERWILMOT MOVING AND STORAGE LLC,HUBERWILMOT MOVING AND STORAGE LLC,hhg_interstate_carrier,
CANDIDATE,3445290,bayside-tranport-llc,usdot-3445290,1120071,BAYSIDE TRANPORT LLC,BAYSIDE TRANPORT LLC,hhg_interstate_carrier,
CANDIDATE,3445450,northeast-piano-movers-llc,usdot-3445450,1120165,NORTHEAST PIANO MOVERS LLC,NORTHEAST PIANO MOVERS LLC,hhg_interstate_carrier,
CANDIDATE,3446879,boston-harbor-moving,usdot-3446879,1121018,BOSTON HARBOR MOVING LLC,BOSTON HARBOR MOVING,hhg_interstate_carrier,
CANDIDATE,3448940,mr-murrays-moving-inc,usdot-3448940,1673262,MR MURRAYS MOVING INC,MR MURRAYS MOVING INC,hhg_interstate_carrier,
CANDIDATE,3449137,twp-transport-llc,usdot-3449137,1122371,TWP TRANSPORT LLC,TWP TRANSPORT LLC,hhg_interstate_carrier,
CANDIDATE,3449350,nikcom-transportation-llc,usdot-3449350,1122506,NIKCOM TRANSPORTATION LLC,NIKCOM TRANSPORTATION LLC,hhg_interstate_carrier,
CANDIDATE,3449704,swamp-rabbit-moving-llc,usdot-3449704,1163908,SWAMP RABBIT MOVING LLC,SWAMP RABBIT MOVING LLC,hhg_interstate_carrier,
CANDIDATE,3449893,lsr-transport,usdot-3449893,1728531,LSR TRANSPORT LLC,LSR TRANSPORT,hhg_interstate_carrier,
CANDIDATE,3450004,affix-movers,usdot-3450004,1122890,CORAVANWAY LLC,AFFIX MOVERS,hhg_interstate_carrier,
CANDIDATE,3451138,college-hunks-hauling-junk-and-moving-usdot-3451138,usdot-3451138,1467143,HEAD COACH INVESTMENTS LLC,COLLEGE HUNKS HAULING JUNK AND MOVING,hhg_interstate_carrier,
CANDIDATE,3451158,mexico-moving-company-llc,usdot-3451158,1123588,MEXICO MOVING COMPANY LLC,MEXICO MOVING COMPANY LLC,hhg_interstate_carrier,
CANDIDATE,345157,don-farr-moving-storage,usdot-345157,172140,"EXCLUSIVE SERVICES, INC.",DON FARR MOVING & STORAGE,hhg_interstate_carrier,
CANDIDATE,3451890,liga-moving,usdot-3451890,1124073,LIGA TRANSPORTATION INC,LIGA MOVING,hhg_interstate_carrier,
CANDIDATE,3453321,tlc-moving-services-inc,usdot-3453321,1124905,TLC MOVING SERVICES INC,TLC MOVING SERVICES INC,hhg_interstate_carrier,
CANDIDATE,3453789,northeastern-movers,usdot-3453789,1125197,MAYFAIR MOVING LLC,NORTHEASTERN MOVERS,hhg_interstate_carrier,
CANDIDATE,3454568,mason-moving-and-storage-llc,usdot-3454568,1125675,MASON MOVING AND STORAGE LLC,MASON MOVING AND STORAGE LLC,hhg_interstate_carrier,
CANDIDATE,3454834,immediate-movers-storage-llc,usdot-3454834,1590036,IMMEDIATE MOVERS & STORAGE LLC,IMMEDIATE MOVERS & STORAGE LLC,hhg_interstate_carrier,
CANDIDATE,3454926,allmoves-inc,usdot-3454926,1125892,"ALLMOVES, INC.","ALLMOVES, INC.",hhg_interstate_carrier,
CANDIDATE,345512,aw2-enterprises-inc,usdot-345512,201043,"AW2 ENTERPRISES, INC.","AW2 ENTERPRISES, INC.",hhg_broker hhg_interstate_carrier,
CANDIDATE,3455884,boxstar-movers,usdot-3455884,1656592,BOXSTAR MOVING SERVICES LLC,BOXSTAR MOVERS,hhg_interstate_carrier,
CANDIDATE,3456520,speedy-moving-and-freight-llc,usdot-3456520,1126899,SPEEDY MOVING AND FREIGHT LLC,SPEEDY MOVING AND FREIGHT LLC,hhg_interstate_carrier,
CANDIDATE,3459329,a-team-logistics,usdot-3459329,1128649,MATT PRATT LLC,A-TEAM LOGISTICS,hhg_interstate_carrier,
CANDIDATE,3463084,vats-llc,usdot-3463084,1131044,VATS LLC,VATS LLC,hhg_interstate_carrier,
CANDIDATE,346341,reis-son-import-export-co,usdot-346341,272297,"ANTHONY SILVA REIS , JOAO DOS REIS, & MARIA REIS",REIS & SON IMPORT & EXPORT CO.,hhg_interstate_carrier,
CANDIDATE,3463956,prompt-and-quick-transportation,usdot-3463956,1131601,PROMPT AND QUICK TRANSPORTATION,PROMPT AND QUICK TRANSPORTATION,hhg_interstate_carrier,
CANDIDATE,3464269,tullken-s-transport-llc,usdot-3464269,1131798,TULLKEN'S TRANSPORT LLC,TULLKEN'S TRANSPORT LLC,hhg_interstate_carrier,
CANDIDATE,3464899,champion-moving,usdot-3464899,1132227,CHAMPION MOVING LLC,CHAMPION MOVING,hhg_interstate_carrier,
CANDIDATE,3467429,gorilla-haulers,usdot-3467429,1538822,GORILLA HAULERS,GORILLA HAULERS,hhg_interstate_carrier,
CANDIDATE,3468627,keep-on-moving-company-llc,usdot-3468627,1134607,KEEP ON MOVING COMPANY LLC,KEEP ON MOVING COMPANY LLC,hhg_interstate_carrier,
CANDIDATE,3469344,moved-in-moving,usdot-3469344,1215902,BOAK-PARKER ENTERPRISES,MOVED IN MOVING,hhg_interstate_carrier,
CANDIDATE,3472399,aloo-moving-llc,usdot-3472399,1416928,ALOO MOVING LLC,ALOO MOVING LLC,hhg_interstate_carrier,
CANDIDATE,3473227,adrians-n-g-moving-company-llc,usdot-3473227,1137448,ADRIANS N G MOVING COMPANY LLC,ADRIANS N G MOVING COMPANY LLC,hhg_interstate_carrier,
CANDIDATE,3473557,exquisite-moving-llc,usdot-3473557,1137666,EXQUISITE MOVING LLC,EXQUISITE MOVING LLC,hhg_interstate_carrier,
CANDIDATE,3475071,road-prince-llc,usdot-3475071,1138647,ROAD PRINCE LLC,ROAD PRINCE LLC,hhg_interstate_carrier,
CANDIDATE,3475441,montys-movers-llc,usdot-3475441,1138887,MONTYS MOVERS LLC,MONTYS MOVERS LLC,hhg_interstate_carrier,
CANDIDATE,3475994,platinum-venture-corp,usdot-3475994,1139255,PLATINUM VENTURE CORP,PLATINUM VENTURE CORP,hhg_interstate_carrier,
CANDIDATE,3477035,cj-moving-services-llc,usdot-3477035,1139915,CJ MOVING SERVICES LLC,CJ MOVING SERVICES LLC,hhg_interstate_carrier,
CANDIDATE,3478011,kingdom-moving-inc,usdot-3478011,1140495,KINGDOM MOVING INC,KINGDOM MOVING INC,hhg_interstate_carrier,
CANDIDATE,3479096,garnett-farms-llc,usdot-3479096,1141204,GARNETT FARMS LLC,GARNETT FARMS LLC,hhg_interstate_carrier,
CANDIDATE,3479655,tillery-transport-llc,usdot-3479655,1141551,TILLERY TRANSPORT LLC,TILLERY TRANSPORT LLC,hhg_interstate_carrier,
CANDIDATE,3481118,from-here-to-there-llc,usdot-3481118,1254688,FROM HERE TO THERE LLC,FROM HERE TO THERE LLC,hhg_interstate_carrier,
CANDIDATE,3482542,adonis-moving-and-storage,usdot-3482542,1143475,ROGER BELETZUY DONIS,ADONIS MOVING AND STORAGE,hhg_interstate_carrier,
CANDIDATE,3484528,mama-boy-logistics,usdot-3484528,1144748,MAMA BOY MOVERS LLC,MAMA BOY LOGISTICS,hhg_interstate_carrier,
CANDIDATE,3486145,millennial-movers-llc,usdot-3486145,1145838,MILLENNIAL MOVERS LLC,MILLENNIAL MOVERS LLC,hhg_interstate_carrier,
CANDIDATE,3486171,jacobs-furniture-installation-inc,usdot-3486171,1145855,JACOBS FURNITURE INSTALLATION INC,JACOBS FURNITURE INSTALLATION INC,hhg_interstate_carrier,
CANDIDATE,348648,sunset-transport-inc,usdot-348648,407936,"SUNSET TRANSPORT, INC.","SUNSET TRANSPORT, INC.",hhg_interstate_carrier,
CANDIDATE,3486859,us-1-movers-llc,usdot-3486859,1146271,US 1 MOVERS LLC,US 1 MOVERS LLC,hhg_interstate_carrier,
CANDIDATE,348872,international-moving-service,usdot-348872,201391,"I. M. S., INC.",INTERNATIONAL MOVING SERVICE,hhg_interstate_carrier,
CANDIDATE,3488885,accessible-movers-moving-storage-inc,usdot-3488885,1147567,ACCESSIBLE MOVERS MOVING&STORAGE INC,ACCESSIBLE MOVERS MOVING&STORAGE INC,hhg_interstate_carrier,
CANDIDATE,3489195,moving-solutions,usdot-3489195,1147763,REAL MOVERS LLC,MOVING SOLUTIONS,hhg_interstate_carrier,
CANDIDATE,3489465,stfkloading-llc,usdot-3489465,1147956,STFKLOADING LLC,STFKLOADING LLC,hhg_interstate_carrier,
CANDIDATE,3491560,sebastian-moving-sw-ohio-llc,usdot-3491560,1243683,SEBASTIAN MOVING SW OHIO LLC,SEBASTIAN MOVING SW OHIO LLC,hhg_interstate_carrier,
CANDIDATE,3491768,non-stop-moving-inc,usdot-3491768,1149454,NON-STOP MOVING INC,NON-STOP MOVING INC,hhg_interstate_carrier,
CANDIDATE,3492662,happywheelsmoving-llc,usdot-3492662,1150051,HAPPYWHEELSMOVING LLC,HAPPYWHEELSMOVING LLC,hhg_interstate_carrier,
CANDIDATE,3493587,caseys-movers-llc,usdot-3493587,1150649,CASEYS MOVERS LLC,CASEYS MOVERS LLC,hhg_interstate_carrier,
CANDIDATE,3494472,cng-interstate-services,usdot-3494472,1151232,GENA M. KIELHORN,CNG INTERSTATE SERVICES,hhg_interstate_carrier,
CANDIDATE,3494895,vtc-enterprises-llc,usdot-3494895,1151501,VTC ENTERPRISES LLC,VTC ENTERPRISES LLC,hhg_broker hhg_interstate_carrier,
CANDIDATE,3495121,conlon-moving-storage-llc,usdot-3495121,1151643,CONLON MOVING & STORAGE LLC,CONLON MOVING & STORAGE LLC,hhg_interstate_carrier,
CANDIDATE,3495604,avance-upscale-moving-storage-llc,usdot-3495604,1151948,AVANCE UPSCALE MOVING & STORAGE LLC,AVANCE UPSCALE MOVING & STORAGE LLC,hhg_interstate_carrier,
CANDIDATE,3496417,college-hunks-hauling-junk-and-moving-oak-creek,usdot-3496417,1611765,LAKETOWN MOVING INC,COLLEGE HUNKS HAULING JUNK AND MOVING - OAK CREEK,hhg_interstate_carrier,
CANDIDATE,3496686,aleman-moving-llc,usdot-3496686,1412570,ALEMAN MOVING LLC,ALEMAN MOVING LLC,hhg_interstate_carrier,
CANDIDATE,3497243,johnson-storage-moving-co-303-llc,usdot-3497243,1153031,JOHNSON STORAGE & MOVING CO 303 LLC,JOHNSON STORAGE & MOVING CO 303 LLC,hhg_interstate_carrier,
CANDIDATE,3498269,karl-on-wheels-llc,usdot-3498269,1153725,KARL ON WHEELS LLC,KARL ON WHEELS LLC,hhg_interstate_carrier,
CANDIDATE,3502268,bradford-s-moving-storage-inc,usdot-3502268,1156420,BRADFORD'S MOVING & STORAGE INC,BRADFORD'S MOVING & STORAGE INC,hhg_interstate_carrier,
CANDIDATE,3502439,long-distance-vanlines-inc,usdot-3502439,1156525,LONG DISTANCE VANLINES INC,LONG DISTANCE VANLINES INC,hhg_interstate_carrier,
CANDIDATE,3502995,simple-forwarding-inc,usdot-3502995,,SIMPLE FORWARDING INC,SIMPLE FORWARDING INC,hhg_interstate_carrier,
CANDIDATE,3503677,isaq-llc,usdot-3503677,1157361,ISAQ LLC,ISAQ LLC,hhg_interstate_carrier,
CANDIDATE,3505247,best-honest-moving-storage,usdot-3505247,1158372,B&H MOVING SERVICES LLC,BEST & HONEST MOVING & STORAGE,hhg_interstate_carrier,
CANDIDATE,3505918,bonifazi-heavy-industries,usdot-3505918,1158829,JAMES BONIFACE,BONIFAZI HEAVY INDUSTRIES,hhg_interstate_carrier,
CANDIDATE,3505949,bhm,usdot-3505949,1158844,BRAVE HEART MOVERS INC,BHM,hhg_interstate_carrier,
CANDIDATE,3506374,aman-expedite-llc,usdot-3506374,1159132,AMAN EXPEDITE LLC,AMAN EXPEDITE LLC,hhg_interstate_carrier,
CANDIDATE,3506859,azam-global-inc,usdot-3506859,1159459,AZAM GLOBAL INC,AZAM GLOBAL INC,hhg_interstate_carrier,
CANDIDATE,3507135,ratliff-moving-company,usdot-3507135,1159631,HR GINNEY INC,RATLIFF MOVING COMPANY,hhg_interstate_carrier,
CANDIDATE,3507417,a-b-twin-movers-inc,usdot-3507417,1159822,A&B TWIN MOVERS INC,A&B TWIN MOVERS INC,hhg_interstate_carrier,
CANDIDATE,3507700,revival-moving-llc,usdot-3507700,1160008,REVIVAL MOVING LLC,REVIVAL MOVING LLC,hhg_interstate_carrier,
CANDIDATE,35080,el-centro-van-storage-co,usdot-35080,135211,ESCONDIDO STORAGE CO.,EL CENTRO VAN & STORAGE CO.,hhg_interstate_carrier,
CANDIDATE,3508968,limitless-moving-llc,usdot-3508968,1470317,LIMITLESS MOVING LLC,LIMITLESS MOVING LLC,hhg_interstate_carrier,
CANDIDATE,3509254,nlj-logisitics-llc,usdot-3509254,1161008,NLJ LOGISITICS LLC,NLJ LOGISITICS LLC,hhg_interstate_carrier,
CANDIDATE,3510179,furniture-fetchers-inc,usdot-3510179,1161586,FURNITURE FETCHERS INC,FURNITURE FETCHERS INC,hhg_interstate_carrier,
CANDIDATE,3510973,bruckman-s-moving-llc,usdot-3510973,1162112,BRUCKMAN'S MOVING LLC,BRUCKMAN'S MOVING LLC,hhg_interstate_carrier,
CANDIDATE,3511153,titan-transportation-services-llc,usdot-3511153,1162228,TITAN TRANSPORTATION SERVICES LLC,TITAN TRANSPORTATION SERVICES LLC,hhg_interstate_carrier,
CANDIDATE,351162,camel-moving-storage-inc,usdot-351162,218693,"CAMEL MOVING & STORAGE, INC.","CAMEL MOVING & STORAGE, INC.",hhg_interstate_carrier,
CANDIDATE,3511853,mr-moving-llc,usdot-3511853,1162690,MR MOVING LLC,MR MOVING LLC,hhg_interstate_carrier,
CANDIDATE,3512265,sarshua-llc,usdot-3512265,1162961,SARSHUA LLC,SARSHUA LLC,hhg_interstate_carrier,
CANDIDATE,3513066,two-men-and-a-truck-usdot-3513066,usdot-3513066,1163502,DOUGLAS 601 LLC,TWO MEN AND A TRUCK,hhg_interstate_carrier,
CANDIDATE,3513866,imovers-llc,usdot-3513866,1164002,IMOVERS LLC,IMOVERS LLC,hhg_interstate_carrier,
CANDIDATE,3513998,big-shoulders-moving-storage,usdot-3513998,1164070,SKYWAY MOVERS LIMITED LLC,BIG SHOULDERS MOVING & STORAGE,hhg_interstate_carrier,
CANDIDATE,3514614,we-deliver-llc,usdot-3514614,1164467,WE DELIVER LLC,WE DELIVER LLC,hhg_interstate_carrier,
CANDIDATE,3514802,schilling-transport-inc,usdot-3514802,1164605,SCHILLING TRANSPORT INC,SCHILLING TRANSPORT INC,hhg_interstate_carrier,
CANDIDATE,3516414,united-local-movers,usdot-3516414,1336618,UNITED PRIME VAN LINES CORP,UNITED LOCAL MOVERS,hhg_interstate_carrier,
CANDIDATE,3516721,moving-4-us-inc,usdot-3516721,1165822,MOVING 4 US INC,MOVING 4 US INC,hhg_interstate_carrier,
CANDIDATE,3516898,teddy-moving-storage-inc,usdot-3516898,1165928,TEDDY MOVING & STORAGE INC,TEDDY MOVING & STORAGE INC,hhg_interstate_carrier,
CANDIDATE,3517123,miller-moving-co-llc,usdot-3517123,1166090,"MILLER MOVING CO., LLC","MILLER MOVING CO., LLC",hhg_interstate_carrier,
CANDIDATE,3518036,madinah-transportation-llc,usdot-3518036,1166727,MADINAH TRANSPORTATION LLC,MADINAH TRANSPORTATION LLC,hhg_interstate_carrier,
CANDIDATE,3519325,solidarity-movers-inc,usdot-3519325,1167577,SOLIDARITY MOVERS INC,SOLIDARITY MOVERS INC,hhg_interstate_carrier,
CANDIDATE,3520466,sos-moving-co,usdot-3520466,1602971,SOS MOVING COMPANY LLC,SOS MOVING CO,hhg_interstate_carrier,
CANDIDATE,3521457,summit-moving-and-storage-llc,usdot-3521457,1169010,SUMMIT MOVING AND STORAGE LLC,SUMMIT MOVING AND STORAGE LLC,hhg_interstate_carrier,
CANDIDATE,3523011,kenmover-group-llc,usdot-3523011,1367068,KENMOVER GROUP LLC,KENMOVER GROUP LLC,hhg_interstate_carrier,
CANDIDATE,3524666,packhorse-moving-llc,usdot-3524666,1171188,PACKHORSE MOVING LLC,PACKHORSE MOVING LLC,hhg_interstate_carrier,
CANDIDATE,3525224,hiltz-moving-storage,usdot-3525224,1171570,TRANSYLVANIA MOVING COMPANY LLC,HILTZ MOVING & STORAGE,hhg_interstate_carrier,
CANDIDATE,352585,siracusa-group-moving-alliance,usdot-352585,219223,SIRACUSA MOVING & STORAGE CO INC,SIRACUSA GROUP MOVING ALLIANCE,hhg_interstate_carrier,
CANDIDATE,3527313,exceptional-movers-llc,usdot-3527313,1371014,EXCEPTIONAL MOVERS LLC,EXCEPTIONAL MOVERS LLC,hhg_interstate_carrier,
CANDIDATE,3528157,out-of-state-moving,usdot-3528157,1173583,SKYEX MOVING AND STORAGE LLC,OUT OF STATE MOVING,hhg_interstate_carrier,
CANDIDATE,35282,whalens-inc,usdot-35282,101940,"WHALENS, INC.","WHALENS, INC.",hhg_interstate_carrier,
CANDIDATE,3528657,lambert-and-son-moving,usdot-3528657,1220611,BILL LAMBERT,LAMBERT AND SON MOVING,hhg_interstate_carrier,
CANDIDATE,3529269,mpl,usdot-3529269,1174348,MASSPROLOGISTICS LLC,MPL,hhg_interstate_carrier,
CANDIDATE,3530356,college-hunks-hauling-junk-college-hunks-moving-usdot-3530356,usdot-3530356,1532080,LEFFEL ENTERPRISES LLC,COLLEGE HUNKS HAULING JUNK & COLLEGE HUNKS MOVING,hhg_interstate_carrier,
CANDIDATE,3530991,shields-transition-services,usdot-3530991,1415866,SWAGG LLC,SHIELDS TRANSITION SERVICES,hhg_interstate_carrier,
CANDIDATE,3531948,modern-movers-llc,usdot-3531948,1176121,MODERN MOVERS LLC,MODERN MOVERS LLC,hhg_interstate_carrier,
CANDIDATE,3533292,twins-shipping-transport-inc,usdot-3533292,1177065,TWINS SHIPPING & TRANSPORT INC,TWINS SHIPPING & TRANSPORT INC,hhg_interstate_carrier,
CANDIDATE,3533560,care-n-errands,usdot-3533560,1177229,CARE N ERRANDS LLC,CARE N ERRANDS,hhg_interstate_carrier,
CANDIDATE,3533741,real-movers,usdot-3533741,1177348,BID COMPANY LLC,REAL MOVERS,hhg_interstate_carrier,
CANDIDATE,3535291,becky-express-shippers,usdot-3535291,1178425,O'NEIL BECKFORD,BECKY EXPRESS SHIPPERS,hhg_interstate_carrier,
CANDIDATE,3537902,steves-transport-and-tow-llc,usdot-3537902,1180158,STEVES TRANSPORT AND TOW LLC,STEVES TRANSPORT AND TOW LLC,hhg_interstate_carrier,
CANDIDATE,3538096,apple-moving-usdot-3538096,usdot-3538096,1361596,APPLE MOVING LLC,APPLE MOVING,hhg_interstate_carrier,
CANDIDATE,3539805,pressure-transport-company-llc,usdot-3539805,1181463,PRESSURE TRANSPORT COMPANY LLC,PRESSURE TRANSPORT COMPANY LLC,hhg_interstate_carrier,
CANDIDATE,3540196,vacationland-moving-llc,usdot-3540196,1181718,VACATIONLAND MOVING LLC,VACATIONLAND MOVING LLC,hhg_interstate_carrier,
CANDIDATE,3540672,amf-services-llc,usdot-3540672,1182056,AMF SERVICES LLC,AMF SERVICES LLC,hhg_interstate_carrier,
CANDIDATE,3540875,s-s-moving-llc,usdot-3540875,1182184,"S&S MOVING, LLC","S&S MOVING, LLC",hhg_interstate_carrier,
CANDIDATE,3541354,dmd-moving-and-storage-inc,usdot-3541354,1182541,DMD MOVING AND STORAGE INC,DMD MOVING AND STORAGE INC,hhg_interstate_carrier,
CANDIDATE,3541413,dietz-farms-and-services,usdot-3541413,1182582,DIETZ FARMS AND SERVICES,DIETZ FARMS AND SERVICES,hhg_interstate_carrier,
CANDIDATE,354161,m-r-crabb-moving-storage-inc,usdot-354161,350784,"M. R. CRABB MOVING & STORAGE, INC.","M. R. CRABB MOVING & STORAGE, INC.",hhg_interstate_carrier,
CANDIDATE,3541639,home-solutions,usdot-3541639,1182729,J&J VANLINES LLC,HOME SOLUTIONS,hhg_interstate_carrier,
CANDIDATE,3542660,miracle-movers,usdot-3542660,1650943,FRANCHOW EMPIRE INC,MIRACLE MOVERS,hhg_interstate_carrier,
CANDIDATE,3542703,s-n-g-transport,usdot-3542703,1183448,S-N-G TRANSPORT LLC,S-N-G TRANSPORT,hhg_interstate_carrier,
CANDIDATE,3542879,kari-vali-llc,usdot-3542879,1183567,KARI-VALI LLC,KARI-VALI LLC,hhg_interstate_carrier,
CANDIDATE,3543315,roth-living-installation-llc,usdot-3543315,1183879,ROTH LIVING INSTALLATION LLC,ROTH LIVING INSTALLATION LLC,hhg_interstate_carrier,
CANDIDATE,3544037,blue-men-moving,usdot-3544037,1184394,PICKTOWN MOVING LLC,BLUE MEN MOVING,hhg_interstate_carrier,
CANDIDATE,3545333,s-c-moving-and-storage-llc,usdot-3545333,1185287,S&C MOVING AND STORAGE LLC,S&C MOVING AND STORAGE LLC,hhg_interstate_carrier,
CANDIDATE,3546322,the-company-of-yes-tcoy,usdot-3546322,1186310,THE COMPANY OF YES TCOY,THE COMPANY OF YES TCOY,hhg_broker hhg_interstate_carrier,
CANDIDATE,3546800,galaxy-moving-storage-inc,usdot-3546800,1186338,GALAXY MOVING & STORAGE INC,GALAXY MOVING & STORAGE INC,hhg_interstate_carrier,
CANDIDATE,3547592,atranz-nc-inc,usdot-3547592,1186896,ATRANZ NC INC,ATRANZ NC INC,hhg_interstate_carrier,
CANDIDATE,3547916,two-men-and-a-truck-usdot-3547916,usdot-3547916,1187131,TMT BTV LLC,TWO MEN AND A TRUCK,hhg_interstate_carrier,
CANDIDATE,3548143,servimate-llc,usdot-3548143,1187279,SERVIMATE LLC,SERVIMATE LLC,hhg_interstate_carrier,
CANDIDATE,3548730,atlanta-flat-rate-movers,usdot-3548730,1187666,SBC STORAGE LLC,ATLANTA FLAT RATE MOVERS,hhg_interstate_carrier,
CANDIDATE,3550245,foxley-art-and-design-services-llc,usdot-3550245,1188744,FOXLEY ART AND DESIGN SERVICES LLC,FOXLEY ART AND DESIGN SERVICES LLC,hhg_interstate_carrier,
CANDIDATE,3550999,j-medley-moving-helpers-llc,usdot-3550999,1189578,J MEDLEY MOVING HELPERS LLC,J MEDLEY MOVING HELPERS LLC,hhg_interstate_carrier,
CANDIDATE,3551446,college-hunks-hauling-junk-and-moving-usdot-3551446,usdot-3551446,1189518,SELBON INC,COLLEGE HUNKS HAULING JUNK AND MOVING,hhg_interstate_carrier,
CANDIDATE,3552230,kmh-services-inc,usdot-3552230,1190086,KMH SERVICES INC,KMH SERVICES INC,hhg_interstate_carrier,
CANDIDATE,3554541,cosmos-transport-llc,usdot-3554541,1191602,COSMOS TRANSPORT LLC,COSMOS TRANSPORT LLC,hhg_interstate_carrier,
CANDIDATE,3556774,carolina-express-moving,usdot-3556774,1193145,SAL'S MOVING COMPANY LLC,CAROLINA EXPRESS MOVING,hhg_interstate_carrier,
CANDIDATE,3556816,sneedworks-corp,usdot-3556816,1535559,SNEEDWORKS CORP,SNEEDWORKS CORP,hhg_interstate_carrier,
CANDIDATE,3558337,moversforme,usdot-3558337,1194208,MOVERSFORMEPA LLC,MOVERSFORME,hhg_interstate_carrier,
CANDIDATE,3559221,g-s-strategies-llc,usdot-3559221,1194812,G S  STRATEGIES LLC,G S  STRATEGIES LLC,hhg_interstate_carrier,
CANDIDATE,3559260,jump-streets-movers-inc,usdot-3559260,1194840,JUMP STREETS MOVERS INC,JUMP STREETS MOVERS INC,hhg_interstate_carrier,
CANDIDATE,3560901,az-efficient-moving-llc,usdot-3560901,1720856,AZ EFFICIENT MOVING LLC,AZ EFFICIENT MOVING LLC,hhg_interstate_carrier,
CANDIDATE,3561064,mj-vc-transportations,usdot-3561064,1195941,MJ & VC TRANSPORTATIONS,MJ & VC TRANSPORTATIONS,hhg_interstate_carrier,
CANDIDATE,3561425,riverhills-moving,usdot-3561425,1196218,JACKSONS INVESTMENT LLC,RIVERHILLS MOVING,hhg_interstate_carrier,
CANDIDATE,3562604,ck-and-kc-enterprise-llc,usdot-3562604,1197097,CK AND KC ENTERPRISE LLC,CK AND KC ENTERPRISE LLC,hhg_interstate_carrier,
CANDIDATE,3563094,two-men-and-a-truck-usdot-3563094,usdot-3563094,1197430,JAYHAWKER LLC,TWO MEN AND A TRUCK,hhg_interstate_carrier,
CANDIDATE,3563641,imove-nyc-llc,usdot-3563641,1197825,IMOVE NYC LLC,IMOVE NYC LLC,hhg_interstate_carrier,
CANDIDATE,3566336,quick-reaction-moving-storage,usdot-3566336,1217560,QUICK REACTION MOVERS LLC,QUICK REACTION MOVING & STORAGE,hhg_interstate_carrier,
CANDIDATE,3567050,gina-o-ryan-services,usdot-3567050,1200180,ROY TUEL,GINA O'RYAN SERVICES,hhg_interstate_carrier,
CANDIDATE,3567491,starway-transportation-llc,usdot-3567491,1200509,STARWAY TRANSPORTATION LLC,STARWAY TRANSPORTATION LLC,hhg_interstate_carrier,
CANDIDATE,3567566,portland-wine-storage,usdot-3567566,1200571,PORTLAND WINE STORAGE,PORTLAND WINE STORAGE,hhg_broker hhg_interstate_carrier,
CANDIDATE,3568539,d-a-b-courier-llc,usdot-3568539,1201221,D A B COURIER LLC,D A B COURIER LLC,hhg_interstate_carrier,
CANDIDATE,356919,howard-l-bowers-contracting-co-inc,usdot-356919,13253,"HOWARD L. BOWERS CONTRACTING CO., INC.","HOWARD L. BOWERS CONTRACTING CO., INC.",hhg_broker hhg_interstate_carrier,
CANDIDATE,3569610,jt-transporter,usdot-3569610,1201965,JT TRANSPORTER,JT TRANSPORTER,hhg_interstate_carrier,
CANDIDATE,3571305,muscle-movers-llc,usdot-3571305,1203082,MUSCLE MOVERS LLC,MUSCLE MOVERS LLC,hhg_interstate_carrier,
CANDIDATE,3571700,ideal-furniture-transport-llc,usdot-3571700,1203338,IDEAL FURNITURE TRANSPORT LLC,IDEAL FURNITURE TRANSPORT LLC,hhg_interstate_carrier,
CANDIDATE,3572153,marathon-moving-services,usdot-3572153,1552140,MARATHON MOVING SERVICES,MARATHON MOVING SERVICES,hhg_interstate_carrier,
CANDIDATE,3573017,allen-moving-llc,usdot-3573017,1204212,ALLEN MOVING LLC,ALLEN MOVING LLC,hhg_interstate_carrier,
CANDIDATE,3573400,womack-transportation-llc,usdot-3573400,1204449,WOMACK TRANSPORTATION LLC,WOMACK TRANSPORTATION LLC,hhg_interstate_carrier,
CANDIDATE,3574907,joyride-enterprises-inc,usdot-3574907,1205486,JOYRIDE ENTERPRISES INC,JOYRIDE ENTERPRISES INC,hhg_interstate_carrier,
CANDIDATE,357667,horizon-van-lines-inc,usdot-357667,164703,"HORIZON VAN LINES, INC.","HORIZON VAN LINES, INC.",hhg_interstate_carrier,
CANDIDATE,3576933,moka-moving-company-llc,usdot-3576933,1206839,MOKA MOVING COMPANY LLC,MOKA MOVING COMPANY LLC,hhg_interstate_carrier,
CANDIDATE,3577350,action-movers-group-llc,usdot-3577350,1207129,ACTION MOVERS GROUP LLC,ACTION MOVERS GROUP LLC,hhg_interstate_carrier,
CANDIDATE,3578891,shepard-s-moving-storage-llc,usdot-3578891,1208180,"SHEPARD'S MOVING & STORAGE, LLC","SHEPARD'S MOVING & STORAGE, LLC",hhg_interstate_carrier,
CANDIDATE,3579426,college-hunks-hauling-junk-moving-usdot-3579426,usdot-3579426,1208539,DUTTON INVESTMENTS LLC,COLLEGE HUNKS HAULING JUNK & MOVING,hhg_interstate_carrier,
CANDIDATE,3579996,avant-garde-moving-storage-inc,usdot-3579996,1208919,AVANT-GARDE MOVING & STORAGE INC,AVANT-GARDE MOVING & STORAGE INC,hhg_interstate_carrier,
CANDIDATE,3580467,bmsi-transportation-inc,usdot-3580467,1209251,BMSI TRANSPORTATION INC.,BMSI TRANSPORTATION INC.,hhg_interstate_carrier,
CANDIDATE,3581164,craters-and-freighters-kansas-city,usdot-3581164,1209715,THE BOWER GROUP,CRATERS AND FREIGHTERS KANSAS CITY,hhg_interstate_carrier,
CANDIDATE,3582455,millennium-moving-co,usdot-3582455,1210564,MILLENNIUM MOVING LLC,MILLENNIUM MOVING CO,hhg_interstate_carrier,
CANDIDATE,3582940,fly-moving-services-llc,usdot-3582940,1210889,FLY MOVING SERVICES LLC,FLY MOVING SERVICES LLC,hhg_interstate_carrier,
CANDIDATE,3582966,global-trans-vanlines,usdot-3582966,1210903,LONG DISTANCE MOVING AND STORAGE LLC,GLOBAL TRANS VANLINES,hhg_interstate_carrier,
CANDIDATE,3583960,little-guys-movers-usdot-3583960,usdot-3583960,1211601,CHISOS TRAIL INC,LITTLE GUYS MOVERS,hhg_interstate_carrier,
CANDIDATE,3584756,nxt-generation-transport-llc,usdot-3584756,1224265,NXT GENERATION TRANSPORT LLC,NXT GENERATION TRANSPORT LLC,hhg_interstate_carrier,
CANDIDATE,3585095,mainstreet-moving-company,usdot-3585095,1220606,MAINSTREET MOVING COMPANY,MAINSTREET MOVING COMPANY,hhg_interstate_carrier,
CANDIDATE,3585188,e-j-enterprise-services-llc,usdot-3585188,1212417,E & J ENTERPRISE SERVICES LLC,E & J ENTERPRISE SERVICES LLC,hhg_interstate_carrier,
CANDIDATE,3585802,intergroup-transport-inc,usdot-3585802,1212827,INTERGROUP TRANSPORT INC,INTERGROUP TRANSPORT INC,hhg_interstate_carrier,
CANDIDATE,3587171,j-c-professional-movers,usdot-3587171,1213724,CONSTANTINO PAREJA GONZALEZ,J&C PROFESSIONAL MOVERS,hhg_interstate_carrier,
CANDIDATE,3587943,movers-on-the-way-storage-llc,usdot-3587943,1214240,MOVERS ON THE WAY & STORAGE LLC,MOVERS ON THE WAY & STORAGE LLC,hhg_interstate_carrier,
CANDIDATE,3588275,kifle-moving-delivery-company,usdot-3588275,1243316,MEKDIM KIFLE JEMBERU,KIFLE MOVING & DELIVERY COMPANY,hhg_interstate_carrier,
CANDIDATE,3590162,fatboy-slims-moving-company-llc,usdot-3590162,1215756,FATBOY SLIMS MOVING COMPANY LLC,FATBOY SLIMS MOVING COMPANY LLC,hhg_interstate_carrier,
CANDIDATE,359093,streuli-sales-inc,usdot-359093,318605,"STREULI SALES, INC.","STREULI SALES, INC.",hhg_interstate_carrier,
CANDIDATE,3591420,most-valuable-moving-company,usdot-3591420,1216620,MOST VALUABLE MOVING CO LLC,MOST VALUABLE MOVING COMPANY,hhg_interstate_carrier,
CANDIDATE,3592100,unicorn-moving-and-storage,usdot-3592100,1217071,JJR MOVING LLC,UNICORN MOVING AND STORAGE,hhg_interstate_carrier,
CANDIDATE,3593449,satyukov-corp,usdot-3593449,1217985,SATYUKOV CORP,SATYUKOV CORP,hhg_interstate_carrier,
CANDIDATE,3593684,vals-moving,usdot-3593684,1218147,VALERIE HODGES FUSARO,VALS MOVING,hhg_interstate_carrier,
CANDIDATE,3596544,crbritton-transportation-llc,usdot-3596544,1220095,CRBRITTON TRANSPORTATION LLC,CRBRITTON TRANSPORTATION LLC,hhg_interstate_carrier,
CANDIDATE,3597742,whms-inc,usdot-3597742,1220919,WHMS INC,WHMS INC,hhg_interstate_carrier,
CANDIDATE,3597864,abundant-transport-enterprise,usdot-3597864,1220994,ABUNDANT HEALTH CARE SERVICES LLC,ABUNDANT TRANSPORT ENTERPRISE,hhg_interstate_carrier,
CANDIDATE,3599867,two-men-and-a-truck-usdot-3599867,usdot-3599867,1222354,TMT BREVARD INC,TWO MEN AND A TRUCK,hhg_interstate_carrier,
CANDIDATE,3600205,alkhlif-transport-llc,usdot-3600205,1222589,ALKHLIF TRANSPORT LLC,ALKHLIF TRANSPORT LLC,hhg_interstate_carrier,
CANDIDATE,3600670,meetinghouse-movers-llc,usdot-3600670,1222912,MEETINGHOUSE MOVERS LLC,MEETINGHOUSE MOVERS LLC,hhg_interstate_carrier,
CANDIDATE,3602802,l-j-hotshot-movez-llc,usdot-3602802,1224382,L&J HOTSHOT MOVEZ LLC,L&J HOTSHOT MOVEZ LLC,hhg_interstate_carrier,
CANDIDATE,3603320,gio-log-lumber,usdot-3603320,1815720,GIO LOG & LUMBER,GIO LOG & LUMBER,hhg_interstate_carrier,
CANDIDATE,3604286,lg-way-transport-llc,usdot-3604286,1225371,LG WAY TRANSPORT LLC,LG WAY TRANSPORT LLC,hhg_interstate_carrier,
CANDIDATE,3604785,cardinal-moving-indiana-llc,usdot-3604785,1733004,CARDINAL MOVING INDIANA LLC,CARDINAL MOVING INDIANA LLC,hhg_interstate_carrier,
CANDIDATE,3605240,esea-van-lines-inc,usdot-3605240,1226015,ESEA VAN LINES INC,ESEA VAN LINES INC,hhg_interstate_carrier,
CANDIDATE,3607079,mission-moving-storage-llc,usdot-3607079,1227276,MISSION MOVING & STORAGE LLC,MISSION MOVING & STORAGE LLC,hhg_interstate_carrier,
CANDIDATE,3608746,four-seasons-moving-inc,usdot-3608746,1228441,FOUR SEASONS MOVING INC,FOUR SEASONS MOVING INC,hhg_interstate_carrier,
CANDIDATE,3609636,3rd-1-transportation-llc,usdot-3609636,1772812,3RD 1 TRANSPORTATION LLC,3RD 1 TRANSPORTATION LLC,hhg_interstate_carrier,
CANDIDATE,3610763,a-s-a-p-moving-storage-llc,usdot-3610763,1229813,A S A P MOVING & STORAGE LLC,A S A P MOVING & STORAGE LLC,hhg_interstate_carrier,
CANDIDATE,3613028,teton-distribution-l-l-c,usdot-3613028,1231337,TETON DISTRIBUTION L.L.C.,TETON DISTRIBUTION L.L.C.,hhg_interstate_carrier,
CANDIDATE,3615492,ajs-trucking,usdot-3615492,1233066,AJS CONSULTING LLC,AJS TRUCKING,hhg_interstate_carrier,
CANDIDATE,3616336,a-a-mikhael-llc,usdot-3616336,1233669,A A MIKHAEL LLC,A A MIKHAEL LLC,hhg_interstate_carrier,
CANDIDATE,3617220,aa-transport-llc,usdot-3617220,1234246,AA TRANSPORT LLC,AA TRANSPORT LLC,hhg_interstate_carrier,
CANDIDATE,3617480,maricopa-moving-services-llc,usdot-3617480,1234422,MARICOPA MOVING SERVICES LLC,MARICOPA MOVING SERVICES LLC,hhg_interstate_carrier,
CANDIDATE,3618480,ondemand-movers-usa,usdot-3618480,1235132,ONDEMAND MOVERS LLC,ONDEMAND MOVERS USA,hhg_interstate_carrier,
CANDIDATE,3619865,paradise-moving-storage-inc,usdot-3619865,1236088,PARADISE MOVING & STORAGE INC,PARADISE MOVING & STORAGE INC,hhg_interstate_carrier,
CANDIDATE,3620611,moving-geeks-llc,usdot-3620611,1398927,MOVING GEEKS LLC,MOVING GEEKS LLC,hhg_interstate_carrier,
CANDIDATE,3620733,two-men-and-a-truck-usdot-3620733,usdot-3620733,1236673,ODYSSEY GROUP-PROVIDENCE CORPORATION,TWO MEN AND A TRUCK,hhg_interstate_carrier,
CANDIDATE,3620816,moving-sucks-movers-llc,usdot-3620816,1236729,MOVING SUCKS MOVERS LLC,MOVING SUCKS MOVERS LLC,hhg_interstate_carrier,
CANDIDATE,3621184,movingtexas-com,usdot-3621184,1260987,COMPASS RE LLC,MOVINGTEXAS.COM,hhg_interstate_carrier,
CANDIDATE,3622990,rd-moving-llc,usdot-3622990,1755867,RD MOVING LLC,RD MOVING LLC,hhg_interstate_carrier,
CANDIDATE,3623240,truckings-corp,usdot-3623240,1238448,TRUCKINGS CORP.,TRUCKINGS CORP.,hhg_interstate_carrier,
CANDIDATE,3623413,moveable-llc,usdot-3623413,1238571,MOVEABLE LLC,MOVEABLE LLC,hhg_interstate_carrier,
CANDIDATE,3623752,capital-moving-storage-llc,usdot-3623752,1238777,CAPITAL MOVING & STORAGE LLC,CAPITAL MOVING & STORAGE LLC,hhg_interstate_carrier,
CANDIDATE,3624,m-m-moving-storage,usdot-3624,107803,YANKEE ENTERPRISES INC.,M & M MOVING & STORAGE,hhg_interstate_carrier,
CANDIDATE,3624776,formula-moving-co-llc,usdot-3624776,1239490,FORMULA MOVING CO LLC,FORMULA MOVING CO LLC,hhg_interstate_carrier,
CANDIDATE,3625954,gateway-moving-llc,usdot-3625954,1414181,GATEWAY MOVING LLC,GATEWAY MOVING LLC,hhg_interstate_carrier,
CANDIDATE,3628153,flat-rate-moving-tupelo-llc,usdot-3628153,1241953,FLAT RATE MOVING TUPELO LLC,FLAT RATE MOVING TUPELO LLC,hhg_interstate_carrier,
CANDIDATE,3629339,build-n-blocks-transportation-llc,usdot-3629339,1242780,BUILD N BLOCKS TRANSPORTATION LLC,BUILD N BLOCKS TRANSPORTATION LLC,hhg_interstate_carrier,
CANDIDATE,3630531,b-w-moving-and-cleanouts,usdot-3630531,1400110,B&W MOVING LLC,B&W MOVING AND CLEANOUTS,hhg_interstate_carrier,
CANDIDATE,36310,tmi-transport-corp,usdot-36310,142901,TMI TRANSPORT CORP.,TMI TRANSPORT CORP.,hhg_interstate_carrier,
CANDIDATE,3631786,adams-moving-company-llc,usdot-3631786,1244398,ADAMS MOVING COMPANY LLC,ADAMS MOVING COMPANY LLC,hhg_interstate_carrier,
CANDIDATE,363252,mclaughlin-moving-co-inc,usdot-363252,74451,"MCLAUGHLIN MOVING CO., INC.","MCLAUGHLIN MOVING CO., INC.",hhg_interstate_carrier,
CANDIDATE,363405,humboldt-storage-and-moving-company,usdot-363405,87541,"H. GOLDMAN, INC.",HUMBOLDT STORAGE AND MOVING COMPANY,hhg_interstate_carrier,
CANDIDATE,3634075,s-t-expediting-llc,usdot-3634075,1246148,S&T EXPEDITING LLC,S&T EXPEDITING LLC,hhg_interstate_carrier,
CANDIDATE,3635550,willow-transitions-llc,usdot-3635550,1247249,WILLOW TRANSITIONS LLC,WILLOW TRANSITIONS LLC,hhg_interstate_carrier,
CANDIDATE,3637551,noor-transport-services-inc,usdot-3637551,1248703,NOOR TRANSPORT SERVICES INC,NOOR TRANSPORT SERVICES INC,hhg_interstate_carrier,
CANDIDATE,3638680,two-men-and-a-truck-connecticut,usdot-3638680,1249461,ANTWALL 13 LLC,TWO MEN AND A TRUCK CONNECTICUT,hhg_interstate_carrier,
CANDIDATE,363969,tanner-van-lines-inc,usdot-363969,222066,"TANNER VAN LINES, INC.","TANNER VAN LINES, INC.",hhg_interstate_carrier,
CANDIDATE,3639903,daryl-flood-llc,usdot-3639903,513590,"DARYL FLOOD, LLC","DARYL FLOOD, LLC",hhg_interstate_carrier,
CANDIDATE,364145,pioneer-van-lines-inc,usdot-364145,146909,"PIONEER VAN LINES, INC.","PIONEER VAN LINES, INC.",hhg_interstate_carrier,
CANDIDATE,3644041,furniture-transportation-limited,usdot-3644041,1253391,RIDGETOP LLC,FURNITURE TRANSPORTATION LIMITED,hhg_interstate_carrier,
CANDIDATE,3644754,arizima-llc,usdot-3644754,1253930,ARIZIMA LLC,ARIZIMA LLC,hhg_interstate_carrier,
CANDIDATE,3645529,chessie-senior-movers,usdot-3645529,1254475,CHESSIE MOVERS LLC,CHESSIE SENIOR MOVERS,hhg_interstate_carrier,
CANDIDATE,3646312,gatscomp-technology-store,usdot-3646312,1255071,GATSCOMP,GATSCOMP TECHNOLOGY STORE,hhg_broker hhg_interstate_carrier,
CANDIDATE,3647953,capitol-relocation-logistics,usdot-3647953,1256278,CAPITOL SERVICES GROUP LLC,CAPITOL RELOCATION & LOGISTICS,hhg_interstate_carrier,
CANDIDATE,3648019,cm-unlimited-transportation-inc,usdot-3648019,1256322,CM UNLIMITED TRANSPORTATION INC,CM UNLIMITED TRANSPORTATION INC,hhg_interstate_carrier,
CANDIDATE,3648196,everything-moving-llc,usdot-3648196,1256455,EVERYTHING MOVING LLC,EVERYTHING MOVING LLC,hhg_interstate_carrier,
CANDIDATE,3648275,tapia-transportation-llc,usdot-3648275,1256518,TAPIA TRANSPORTATION LLC,TAPIA TRANSPORTATION LLC,hhg_interstate_carrier,
CANDIDATE,3648685,s-r-movers-llc,usdot-3648685,1256804,S&R MOVERS LLC,S&R MOVERS LLC,hhg_interstate_carrier,
CANDIDATE,3648757,dlz-transportation-llc,usdot-3648757,1256847,DLZ TRANSPORTATION LLC,DLZ TRANSPORTATION LLC,hhg_interstate_carrier,
CANDIDATE,3649857,college-hunks-hauling-junk-and-college-hunks-moving-usdot-3649857,usdot-3649857,1257639,MCR BUSINESS GROUP LLC,COLLEGE HUNKS HAULING JUNK AND COLLEGE HUNKS MOVING,hhg_interstate_carrier,
CANDIDATE,3651960,out-in-moving,usdot-3651960,1259135,OUT & IN MOVING,OUT & IN MOVING,hhg_interstate_carrier,
CANDIDATE,3652616,lifestyle-moving-storage-inc,usdot-3652616,1259586,LIFESTYLE MOVING & STORAGE INC,LIFESTYLE MOVING & STORAGE INC,hhg_interstate_carrier,
CANDIDATE,3653268,groundhogs-moving-llc,usdot-3653268,1260045,GROUNDHOGS MOVING LLC,GROUNDHOGS MOVING LLC,hhg_interstate_carrier,
CANDIDATE,3653432,the-rock-movers,usdot-3653432,1541470,ELENA GINZBURG,THE ROCK MOVERS,hhg_interstate_carrier,
CANDIDATE,3654349,redwood-moving-storage-inc,usdot-3654349,1260854,"REDWOOD MOVING & STORAGE, INC.","REDWOOD MOVING & STORAGE, INC.",hhg_interstate_carrier,
CANDIDATE,3656057,truckbox-llc,usdot-3656057,1517769,TRUCKBOX LLC,TRUCKBOX LLC,hhg_interstate_carrier,
CANDIDATE,3656317,kings-row,usdot-3656317,1262271,KINGS ROW,KINGS ROW,hhg_interstate_carrier,
CANDIDATE,3656523,muscle-man-moving,usdot-3656523,1673569,MMM SERVICES LLC,MUSCLE MAN MOVING,hhg_interstate_carrier,
CANDIDATE,3656670,onsite-moving-storage-inc,usdot-3656670,1262721,ONSITE MOVING & STORAGE INC,ONSITE MOVING & STORAGE INC,hhg_interstate_carrier,
CANDIDATE,3657297,jjs-exclusive-fashion-llc,usdot-3657297,1262615,JJS EXCLUSIVE FASHION LLC.,JJS EXCLUSIVE FASHION LLC.,hhg_interstate_carrier,
CANDIDATE,3658459,cz-s-hotshot-co,usdot-3658459,1263848,CZ'S HOTSHOT CO,CZ'S HOTSHOT CO,hhg_interstate_carrier,
CANDIDATE,3659184,bz-movers-inc,usdot-3659184,1264366,BZ MOVERS INC,BZ MOVERS INC,hhg_interstate_carrier,
CANDIDATE,3659464,excellence-moving-and-storage-llc,usdot-3659464,1264570,EXCELLENCE MOVING AND STORAGE LLC,EXCELLENCE MOVING AND STORAGE LLC,hhg_interstate_carrier,
CANDIDATE,3659947,bobcat-movers-llc,usdot-3659947,1264932,BOBCAT MOVERS LLC,BOBCAT MOVERS LLC,hhg_interstate_carrier,
CANDIDATE,3665559,laiona-moving,usdot-3665559,1752898,LAIONA MOVING LLC,LAIONA MOVING,hhg_interstate_carrier,
CANDIDATE,3665859,moving-solutions-usdot-3665859,usdot-3665859,716378,INSANA LLC,MOVING SOLUTIONS,hhg_interstate_carrier,
CANDIDATE,3666630,mw-transport-llc,usdot-3666630,1269796,MW TRANSPORT LLC,MW TRANSPORT LLC,hhg_interstate_carrier,
CANDIDATE,3667310,tayline-transportation,usdot-3667310,1270280,DONTAY C BECKWITH,TAYLINE TRANSPORTATION,hhg_interstate_carrier,
CANDIDATE,3668561,mex-moving-and-storage-corp,usdot-3668561,1271197,MEX MOVING AND STORAGE CORP,MEX MOVING AND STORAGE CORP,hhg_interstate_carrier,
CANDIDATE,3668883,ktr-transport-inc,usdot-3668883,1271411,KTR TRANSPORT INC.,KTR TRANSPORT INC.,hhg_interstate_carrier,
CANDIDATE,3668944,h-h-h-n-llc,usdot-3668944,1271457,H.H.H&N LLC,H.H.H&N LLC,hhg_interstate_carrier,
CANDIDATE,3670088,planet-b-logistic-llc,usdot-3670088,1272291,PLANET B LOGISTIC LLC,PLANET B LOGISTIC LLC,hhg_interstate_carrier,
CANDIDATE,3671051,corcore-cargo-llc,usdot-3671051,1272977,CORCORE CARGO LLC,CORCORE CARGO LLC,hhg_interstate_carrier,
CANDIDATE,3671913,waller-inc,usdot-3671913,1273631,WALLER INC,WALLER INC,hhg_interstate_carrier,
CANDIDATE,3675581,two-men-and-a-truck-usdot-3675581,usdot-3675581,1276291,EVANSVILLE MOVERS LLC,TWO MEN AND A TRUCK,hhg_interstate_carrier,
CANDIDATE,3675668,two-men-and-a-truck-bloomington,usdot-3675668,1276356,BLOOMINGTON MOVERS LLC,TWO MEN AND A TRUCK BLOOMINGTON,hhg_interstate_carrier,
CANDIDATE,3675920,arg-oil-field-services-llc,usdot-3675920,1276531,ARG OIL FIELD SERVICES LLC,ARG OIL FIELD SERVICES LLC,hhg_interstate_carrier,
CANDIDATE,3676075,bdz-movers-llc,usdot-3676075,1276654,BDZ MOVERS LLC,BDZ MOVERS LLC,hhg_interstate_carrier,
CANDIDATE,3679007,abates-moving-services-llc,usdot-3679007,1278788,ABATES MOVING SERVICES LLC,ABATES MOVING SERVICES LLC,hhg_interstate_carrier,
CANDIDATE,36816,victory-van-corporation,usdot-36816,128153,VICTORY VAN CORPORATION,VICTORY VAN CORPORATION,hhg_interstate_carrier,
CANDIDATE,3681611,off-load-moving-llc,usdot-3681611,1280814,OFF-LOAD MOVING LLC,OFF-LOAD MOVING LLC,hhg_interstate_carrier,
CANDIDATE,368177,swans-moving-and-storage-co-inc,usdot-368177,438612,"SWANS MOVING AND STORAGE CO., INC.","SWANS MOVING AND STORAGE CO., INC.",hhg_interstate_carrier,
CANDIDATE,3684678,berrios4-llc,usdot-3684678,1283013,BERRIOS4 LLC,BERRIOS4 LLC,hhg_interstate_carrier,
CANDIDATE,3684885,sami-transportation-llc,usdot-3684885,1283151,SAMI TRANSPORTATION LLC,SAMI TRANSPORTATION LLC,hhg_interstate_carrier,
CANDIDATE,3685221,asher-movers-llc,usdot-3685221,1283399,ASHER MOVERS LLC,ASHER MOVERS LLC,hhg_interstate_carrier,
CANDIDATE,3686167,evergreen-mtn-movers-llc,usdot-3686167,1284113,EVERGREEN MTN MOVERS LLC,EVERGREEN MTN MOVERS LLC,hhg_interstate_carrier,
CANDIDATE,3686747,genao-moving-company-llc,usdot-3686747,1584715,GENAO MOVING COMPANY LLC,GENAO MOVING COMPANY LLC,hhg_interstate_carrier,
CANDIDATE,3687189,tebahcam,usdot-3687189,1284878,TEBAH ROY  FONA,TEBAHCAM,hhg_interstate_carrier,
CANDIDATE,3687288,mfu-services-llc,usdot-3687288,1284941,MFU SERVICES LLC,MFU SERVICES LLC,hhg_interstate_carrier,
CANDIDATE,3688165,movefasa-moving,usdot-3688165,1285604,MOVEFASA MOVING LLC,MOVEFASA MOVING,hhg_interstate_carrier,
CANDIDATE,3689417,4us-moving-llc,usdot-3689417,1778661,4US MOVING LLC,4US MOVING LLC,hhg_interstate_carrier,
CANDIDATE,3692628,prime-delivery-service,usdot-3692628,1288850,WAN VENTURES LLC,PRIME DELIVERY SERVICE,hhg_interstate_carrier,
CANDIDATE,3692987,lpm-distribution-services,usdot-3692987,1430871,LPM DISTRIBUTION SERVICES,LPM DISTRIBUTION SERVICES,hhg_interstate_carrier,
CANDIDATE,3693468,logistic-union-inc,usdot-3693468,1289452,LOGISTIC UNION INC,LOGISTIC UNION INC,hhg_interstate_carrier,
CANDIDATE,3696469,s-s-transit,usdot-3696469,1291668,S&S FLEET SERVICES INC,S&S TRANSIT,hhg_interstate_carrier,
CANDIDATE,3697589,moni-trucks-transport-llc,usdot-3697589,1292480,MONI TRUCKS TRANSPORT LLC,MONI TRUCKS TRANSPORT LLC,hhg_interstate_carrier,
CANDIDATE,3699041,diamond-horse-transportation-llc,usdot-3699041,1293535,DIAMOND HORSE TRANSPORTATION LLC,DIAMOND HORSE TRANSPORTATION LLC,hhg_interstate_carrier,
CANDIDATE,3699092,moving-hub,usdot-3699092,1293570,T&E MOVING AND STORAGE LLC,MOVING HUB,hhg_interstate_carrier,
CANDIDATE,3701446,the-interstate-movers,usdot-3701446,1295304,CREDO ENTERPRISE LLC,THE INTERSTATE MOVERS,hhg_interstate_carrier,
CANDIDATE,3703723,hercules-moving,usdot-3703723,1296983,HERCULES MOVING LLC,HERCULES MOVING,hhg_interstate_carrier,
CANDIDATE,37062,a-1-pioneer-moving-storage,usdot-37062,136391,"BILL'S MOVING, INC.",A-1 PIONEER MOVING & STORAGE,hhg_interstate_carrier,
CANDIDATE,370706,greene-moving-and-storage,usdot-370706,218475,GREENE FACILITY SERVICES LLC,GREENE MOVING AND STORAGE,hhg_interstate_carrier,
CANDIDATE,3707735,maaro,usdot-3707735,1300014,IZX LLC,MAARO,hhg_interstate_carrier,
CANDIDATE,3708029,omaha-moving-company-llc,usdot-3708029,1300221,OMAHA MOVING COMPANY LLC,OMAHA MOVING COMPANY LLC,hhg_interstate_carrier,
CANDIDATE,3709286,amt-transport-llc,usdot-3709286,1316450,AMT TRANSPORT LLC,AMT TRANSPORT LLC,hhg_interstate_carrier,
CANDIDATE,3713050,sham-transport-llc,usdot-3713050,1303901,SHAM TRANSPORT LLC,SHAM TRANSPORT LLC,hhg_interstate_carrier,
CANDIDATE,3714114,muuv-movers-llc,usdot-3714114,1304680,MUUV MOVERS LLC,MUUV MOVERS LLC,hhg_interstate_carrier,
CANDIDATE,3716166,no-sweat-services-inc,usdot-3716166,1306182,NO SWEAT SERVICES INC,NO SWEAT SERVICES INC,hhg_interstate_carrier,
CANDIDATE,3717078,millennium-transportation-services-llc,usdot-3717078,1306853,MILLENNIUM TRANSPORTATION SERVICES LLC,MILLENNIUM TRANSPORTATION SERVICES LLC,hhg_interstate_carrier,
CANDIDATE,371802,commerce-moving-storage-inc,usdot-371802,218374,"COMMERCE MOVING & STORAGE, INC.","COMMERCE MOVING & STORAGE, INC.",hhg_interstate_carrier,
CANDIDATE,3720170,safemove-setx-limited-liability-company,usdot-3720170,1349982,SAFEMOVE SETX LIMITED LIABILITY COMPANY,SAFEMOVE SETX LIMITED LIABILITY COMPANY,hhg_interstate_carrier,
CANDIDATE,3720555,bmoore-transport-llc,usdot-3720555,1309382,BMOORE TRANSPORT LLC,BMOORE TRANSPORT LLC,hhg_interstate_carrier,
CANDIDATE,3721076,mph-services-llc,usdot-3721076,1309774,MPH SERVICES LLC,MPH SERVICES LLC,hhg_interstate_carrier,
CANDIDATE,3723054,a-l-moving-storage-llc,usdot-3723054,1410693,A&L MOVING & STORAGE LLC,A&L MOVING & STORAGE LLC,hhg_interstate_carrier,
CANDIDATE,3725169,dedicated-dependable-logistics,usdot-3725169,1312782,DEDICATED & DEPENDABLE LLC,DEDICATED & DEPENDABLE LOGISTICS,hhg_interstate_carrier,
CANDIDATE,3726528,dependable-moving-storage-llc,usdot-3726528,1459056,"DEPENDABLE MOVING & STORAGE, LLC","DEPENDABLE MOVING & STORAGE, LLC",hhg_interstate_carrier,
CANDIDATE,3727028,chhj-305-llc,usdot-3727028,1789089,CHHJ 305 LLC,CHHJ 305 LLC,hhg_interstate_carrier,
CANDIDATE,3727306,get-it-done-help-llp,usdot-3727306,1314364,GET IT DONE HELP LLP,GET IT DONE HELP LLP,hhg_interstate_carrier,
CANDIDATE,3727751,dr-transport-llc,usdot-3727751,1314667,DR TRANSPORT LLC,DR TRANSPORT LLC,hhg_interstate_carrier,
CANDIDATE,3729289,college-hunks-hauling-junk-moving-usdot-3729289,usdot-3729289,1315798,801 AMPCO LLC,COLLEGE HUNKS HAULING JUNK & MOVING,hhg_interstate_carrier,
CANDIDATE,3729978,loadrans-llc,usdot-3729978,1348724,LOADRANS LLC,LOADRANS LLC,hhg_interstate_carrier,
CANDIDATE,3730586,college-hunks-hauling-junk-and-college-hunks-moving-usdot-3730586,usdot-3730586,1508290,LOKEY ENTERPRISE LLC,COLLEGE HUNKS HAULING JUNK AND COLLEGE HUNKS MOVING,hhg_interstate_carrier,
CANDIDATE,3730884,cox-equipment-source-llc,usdot-3730884,1316961,COX EQUIPMENT SOURCE LLC,COX EQUIPMENT SOURCE LLC,hhg_interstate_carrier,
CANDIDATE,3731074,sky-moving-and-storage-llc,usdot-3731074,1317089,SKY MOVING AND STORAGE LLC,SKY MOVING AND STORAGE LLC,hhg_interstate_carrier,
CANDIDATE,373134,c-l-moving-storage-inc,usdot-373134,227524,"C & L MOVING & STORAGE, INC.","C & L MOVING & STORAGE, INC.",hhg_interstate_carrier,
CANDIDATE,3732496,midwest-moving-and-storage-llc,usdot-3732496,1318119,MIDWEST MOVING AND STORAGE LLC,MIDWEST MOVING AND STORAGE LLC,hhg_interstate_carrier,
CANDIDATE,3736632,nrgmax-llc,usdot-3736632,1321134,NRGMAX LLC,NRGMAX LLC,hhg_interstate_carrier,
CANDIDATE,3738220,jlr-trans-llc,usdot-3738220,1322255,JLR TRANS LLC,JLR TRANS LLC,hhg_interstate_carrier,
CANDIDATE,3738943,college-hunks-moving-usdot-3738943,usdot-3738943,1717081,WINEGARDEN ENTERPRISES LLC,COLLEGE HUNKS MOVING,hhg_interstate_carrier,
CANDIDATE,3740845,mar-mat-global-llc,usdot-3740845,1324184,MAR-MAT GLOBAL LLC,MAR-MAT GLOBAL LLC,hhg_interstate_carrier,
CANDIDATE,3742268,metro-movers-llc,usdot-3742268,1503884,METRO MOVERS LLC,METRO MOVERS LLC,hhg_interstate_carrier,
CANDIDATE,3743121,vip-designer-moving-llc,usdot-3743121,1325814,VIP DESIGNER MOVING LLC,VIP DESIGNER MOVING LLC,hhg_interstate_carrier,
CANDIDATE,3743552,teq-transportation-llc,usdot-3743552,1326122,TEQ TRANSPORTATION LLC,TEQ TRANSPORTATION LLC,hhg_interstate_carrier,
CANDIDATE,3743601,trike-llc,usdot-3743601,1326157,TRIKE LLC,TRIKE LLC,hhg_interstate_carrier,
CANDIDATE,3744144,lyons-moving-inc,usdot-3744144,1326544,LYONS MOVING INC,LYONS MOVING INC,hhg_interstate_carrier,
CANDIDATE,3745388,tino-s-gigs-llc,usdot-3745388,1327433,TINO'S GIGS LLC,TINO'S GIGS LLC,hhg_interstate_carrier,
CANDIDATE,374567,mammoth-van-lines,usdot-374567,225136,MAMMOTH MOVING HOLDING CORPORATION,MAMMOTH VAN LINES,hhg_interstate_carrier,
CANDIDATE,3748501,indiana-movers,usdot-3748501,1621440,JCD ENTERPRISE INC,INDIANA MOVERS,hhg_interstate_carrier,
CANDIDATE,3748569,movers-for-less,usdot-3748569,1329780,JORDANS MOVERS LLC,MOVERS FOR LESS,hhg_interstate_carrier,
CANDIDATE,3750381,chaka-khans-transportation-services-llc,usdot-3750381,1331114,CHAKA KHANS TRANSPORTATION SERVICES LLC,CHAKA KHANS TRANSPORTATION SERVICES LLC,hhg_interstate_carrier,
CANDIDATE,3751534,pole-position-carriers,usdot-3751534,1331963,APX VAN LINES LLC,POLE POSITION CARRIERS,hhg_interstate_carrier,
CANDIDATE,3751873,varsity-movers-llc,usdot-3751873,1401511,VARSITY MOVERS LLC,VARSITY MOVERS LLC,hhg_interstate_carrier,
CANDIDATE,3753099,am-moving,usdot-3753099,1333102,COMMUNITY MOVING AND STORAGE INC,AM MOVING,hhg_interstate_carrier,
CANDIDATE,3754018,college-hunks-hauling-junk-and-moving-usdot-3754018,usdot-3754018,1333774,SCOTT R ENTERPRISES LLC,COLLEGE HUNKS HAULING JUNK AND MOVING,hhg_interstate_carrier,
CANDIDATE,3754336,good-greek-moving-and-storage-usdot-3754336,usdot-3754336,1333991,AGIOS RAFAEL HOLDINGS LLC,GOOD GREEK MOVING AND STORAGE,hhg_interstate_carrier,
CANDIDATE,3757286,sshtruckline-llc,usdot-3757286,1336182,SSHTRUCKLINE LLC,SSHTRUCKLINE LLC,hhg_interstate_carrier,
CANDIDATE,3757491,plymouth-van-lines-inc,usdot-3757491,1336333,PLYMOUTH VAN LINES INC,PLYMOUTH VAN LINES INC,hhg_interstate_carrier,
CANDIDATE,3757583,the-cave-300-llc,usdot-3757583,1336399,THE CAVE 300 LLC,THE CAVE 300 LLC,hhg_interstate_carrier,
CANDIDATE,3758528,two-men-and-a-truck-il-dupage-kane-mchenry,usdot-3758528,1337075,ERIKKI LLC,TWO MEN AND A TRUCK IL DUPAGE KANE MCHENRY,hhg_interstate_carrier,
CANDIDATE,3758697,locally-hated-trucking,usdot-3758697,1337191,NATHAN OLIVER HINEBAUCH,LOCALLY HATED TRUCKING,hhg_interstate_carrier,
CANDIDATE,37587,all-ways-moving-storage,usdot-37587,10949,"MCKEAN & BURT, INC.",ALL WAYS MOVING & STORAGE,hhg_interstate_carrier,
CANDIDATE,3758867,kd-management-llc,usdot-3758867,1337315,KD MANAGEMENT LLC,KD MANAGEMENT LLC,hhg_interstate_carrier,
CANDIDATE,37594,sterling-military-movers-inc,usdot-37594,,STERLING MILITARY MOVERS INC,STERLING MILITARY MOVERS INC,hhg_interstate_carrier,
CANDIDATE,3761239,tignor-s-transport-llc,usdot-3761239,1339106,TIGNOR'S TRANSPORT LLC,TIGNOR'S TRANSPORT LLC,hhg_interstate_carrier,
CANDIDATE,3763410,sitter-s-movers,usdot-3763410,1340697,SITTER'S MOVERS,SITTER'S MOVERS,hhg_interstate_carrier,
CANDIDATE,3766429,moody-shipment-llc,usdot-3766429,1342907,MOODY SHIPMENT LLC,MOODY SHIPMENT LLC,hhg_interstate_carrier,
CANDIDATE,3768407,wailea-movers-storage-wailea-movers-of-kauai-wailea-movers,usdot-3768407,,WAILEA MOVERS INC,WAILEA MOVERS & STORAGE|WAILEA MOVERS OF KAUAI|WAILEA MOVERS,hhg_interstate_carrier,
CANDIDATE,3768676,tryzub-van-lines-inc,usdot-3768676,1344517,TRYZUB VAN LINES INC,TRYZUB VAN LINES INC,hhg_interstate_carrier,
CANDIDATE,3770339,champion-international-moving-llc,usdot-3770339,,CHAMPION INTERNATIONAL MOVING LLC,CHAMPION INTERNATIONAL MOVING LLC,hhg_interstate_carrier,
CANDIDATE,3771095,daniels-moving-storage-llc,usdot-3771095,214737,"DANIELS MOVING & STORAGE, LLC","DANIELS MOVING & STORAGE, LLC",hhg_interstate_carrier,
CANDIDATE,3772580,parks-platinum-moving-and-storage-llc,usdot-3772580,1347371,PARKS PLATINUM MOVING AND STORAGE LLC,PARKS PLATINUM MOVING AND STORAGE LLC,hhg_interstate_carrier,
CANDIDATE,3774075,meta-vanlines,usdot-3774075,1348496,EXPERT LONG DISTANCE MOVERS CORP,META VANLINES,hhg_interstate_carrier,
CANDIDATE,3774838,vakhid-transport-inc,usdot-3774838,1349059,VAKHID TRANSPORT INC,VAKHID TRANSPORT INC,hhg_interstate_carrier,
CANDIDATE,3775049,god-will-provide-inc,usdot-3775049,1349215,GOD WILL PROVIDE INC,GOD WILL PROVIDE INC,hhg_interstate_carrier,
CANDIDATE,3775400,blaiz-llc,usdot-3775400,1349462,BLAIZ LLC,BLAIZ LLC,hhg_interstate_carrier,
CANDIDATE,3777236,severe-s-towing-recovery-llc,usdot-3777236,1350816,SEVERE'S TOWING & RECOVERY LLC,SEVERE'S TOWING & RECOVERY LLC,hhg_interstate_carrier,
CANDIDATE,3778962,kavod-moving-llc,usdot-3778962,1352052,KAVOD MOVING LLC,KAVOD MOVING LLC,hhg_interstate_carrier,
CANDIDATE,3779303,raiford-transport-llc,usdot-3779303,1352292,RAIFORD TRANSPORT LLC,RAIFORD TRANSPORT LLC,hhg_interstate_carrier,
CANDIDATE,3779364,bmc-trans-llc,usdot-3779364,1352338,BMC TRANS LLC,BMC TRANS LLC,hhg_interstate_carrier,
CANDIDATE,3780824,narun-llc,usdot-3780824,1353365,NARUN LLC,NARUN LLC,hhg_interstate_carrier,
CANDIDATE,3783001,mibox-storage,usdot-3783001,1373827,801 MADEATTHEVILLE LLC,MIBOX STORAGE,hhg_interstate_carrier,
CANDIDATE,3783680,aqua-moving-llc,usdot-3783680,1355410,AQUA MOVING LLC,AQUA MOVING LLC,hhg_interstate_carrier,
CANDIDATE,3783858,nile-movers-llc,usdot-3783858,96706,NILE MOVERS LLC,NILE MOVERS LLC,hhg_interstate_carrier,
CANDIDATE,3784131,bulldogs-moving-co-llc,usdot-3784131,1472268,BULLDOGS MOVING CO LLC,BULLDOGS MOVING CO LLC,hhg_interstate_carrier,
CANDIDATE,3784138,matthews-moving-llc,usdot-3784138,1608712,MATTHEWS MOVING LLC,MATTHEWS MOVING LLC,hhg_interstate_carrier,
CANDIDATE,378436,goman-s-moving-co-inc,usdot-378436,90957,"GOMAN'S MOVING CO., INC.","GOMAN'S MOVING CO., INC.",hhg_interstate_carrier,
CANDIDATE,3786678,ewa-moving-company,usdot-3786678,1601075,TAKO MOVING CORPORATION,EWA MOVING COMPANY,hhg_interstate_carrier,
CANDIDATE,3786902,tius-3pl-inc,usdot-3786902,1357712,TIUS 3PL INC,TIUS 3PL INC,hhg_interstate_carrier,
CANDIDATE,3787384,northstar-moving-company-usdot-3787384,usdot-3787384,1358066,SCOTTSDALE MOVING AND  STORAGE INC,NORTHSTAR MOVING COMPANY,hhg_interstate_carrier,
CANDIDATE,3788341,ab-rb-movers-inc,usdot-3788341,1358793,AB & RB MOVERS INC,AB & RB MOVERS INC,hhg_interstate_carrier,
CANDIDATE,3789420,twoscoops,usdot-3789420,1359595,TWOSCOOPS LLC,TWOSCOOPS,hhg_interstate_carrier,
CANDIDATE,3791073,wade-odell-wade-padded-van-services,usdot-3791073,1360800,NEHOC GROUP LLC,WADE ODELL WADE PADDED VAN SERVICES,hhg_interstate_carrier,
CANDIDATE,3791761,rodgar-logistic-inc,usdot-3791761,1361317,"RODGAR LOGISTIC, INC.","RODGAR LOGISTIC, INC.",hhg_interstate_carrier,
CANDIDATE,3793052,mto-moving-inc,usdot-3793052,1362233,MTO MOVING INC,MTO MOVING INC,hhg_interstate_carrier,
CANDIDATE,3794595,aaron-rios-llc,usdot-3794595,1363437,AARON RIOS LLC,AARON RIOS LLC,hhg_interstate_carrier,
CANDIDATE,3794613,here-to-there-moving-llc,usdot-3794613,1363449,HERE TO THERE MOVING LLC,HERE TO THERE MOVING LLC,hhg_interstate_carrier,
CANDIDATE,3796217,u-s-falcon-van-lines-inc,usdot-3796217,1364583,U S FALCON VAN LINES INC,U S FALCON VAN LINES INC,hhg_interstate_carrier,
CANDIDATE,3796877,two-men-and-a-truck-northern-arizona,usdot-3796877,1365040,TMTAZ3 LLC,TWO MEN AND A TRUCK NORTHERN ARIZONA,hhg_interstate_carrier,
CANDIDATE,3797061,two-men-and-a-truck-usdot-3797061,usdot-3797061,1365180,HUSS LLC,TWO MEN AND A TRUCK,hhg_interstate_carrier,
CANDIDATE,3797155,way-2-go-moving-inc,usdot-3797155,1428685,WAY 2 GO MOVING INC,WAY 2 GO MOVING INC,hhg_interstate_carrier,
CANDIDATE,37985,zenith-van-storage-company-inc,usdot-37985,45695,"ZENITH VAN & STORAGE COMPANY, INC","ZENITH VAN & STORAGE COMPANY, INC",hhg_interstate_carrier,
CANDIDATE,3798966,3ms,usdot-3798966,1366608,3&MS LLC,3MS,hhg_interstate_carrier,
CANDIDATE,3799509,lvv-services-co-llc,usdot-3799509,1367009,LVV SERVICES CO LLC,LVV SERVICES CO LLC,hhg_interstate_carrier,
CANDIDATE,3799527,upscale-movers,usdot-3799527,1367021,LORIANN CHEVREMONT,UPSCALE MOVERS,hhg_interstate_carrier,
CANDIDATE,3801818,rb-moving-services-inc,usdot-3801818,1417855,RB MOVING SERVICES INC,RB MOVING SERVICES INC,hhg_interstate_carrier,
CANDIDATE,3803130,mesh-transportation,usdot-3803130,1697939,MESH TRANSPORTATION,MESH TRANSPORTATION,hhg_interstate_carrier,
CANDIDATE,3803350,planet-movers-llc,usdot-3803350,1373732,PLANET MOVERS LLC,PLANET MOVERS LLC,hhg_interstate_carrier,
CANDIDATE,380491,hunter-transportation-co,usdot-380491,227326,BUDDY  R  HUNTER,HUNTER  TRANSPORTATION  CO.,hhg_interstate_carrier,
CANDIDATE,3805496,tgl-moving-services-llc,usdot-3805496,1371351,"TGL MOVING SERVICES, LLC","TGL MOVING SERVICES, LLC",hhg_interstate_carrier,
CANDIDATE,3808156,two-men-and-a-truck-usdot-3808156,usdot-3808156,1373262,DOTHRAKI ENTERPRISES INCORPORATED,TWO MEN AND A TRUCK,hhg_interstate_carrier,
CANDIDATE,3808497,odyssey-hawaii-llc,usdot-3808497,1373502,ODYSSEY HAWAII LLC,ODYSSEY HAWAII LLC,hhg_broker hhg_interstate_carrier,
CANDIDATE,38091,clune-transfer,usdot-38091,96266,"JOSEPH SPARACINO MOVERS, INC.",CLUNE TRANSFER,hhg_interstate_carrier,
CANDIDATE,3810676,sg-logistic-movers-limited-liability-company,usdot-3810676,1375132,SG LOGISTIC MOVERS LIMITED LIABILITY COMPANY,SG LOGISTIC MOVERS LIMITED LIABILITY COMPANY,hhg_interstate_carrier,
CANDIDATE,3810784,northwest-moving-group-inc,usdot-3810784,1396067,NORTHWEST MOVING GROUP INC,NORTHWEST MOVING GROUP INC,hhg_interstate_carrier,
CANDIDATE,3812237,j-a-pinto-llc,usdot-3812237,1652491,J & A PINTO LLC,J & A PINTO LLC,hhg_interstate_carrier,
CANDIDATE,3812487,anytime-cargo,usdot-3812487,1376456,STREET TREAD LIMO LLC,ANYTIME CARGO,hhg_interstate_carrier,
CANDIDATE,3813407,pristine-van-lines-inc,usdot-3813407,1377115,PRISTINE VAN LINES INC,PRISTINE VAN LINES INC,hhg_interstate_carrier,
CANDIDATE,3814892,m-a-s-moving-associated-services,usdot-3814892,1580931,LUIS SALVADOR ORTIZ ALVAREZ,M A S MOVING & ASSOCIATED SERVICES,hhg_interstate_carrier,
CANDIDATE,3815615,virginia-van-lines,usdot-3815615,1379414,BACK UP MOVERS LLC,VIRGINIA VAN LINES,hhg_interstate_carrier,
CANDIDATE,3816708,papa-packs,usdot-3816708,1379571,PK MOVING CORPORATION,PAPA PACKS,hhg_interstate_carrier,
CANDIDATE,3816714,wms-transport-llc,usdot-3816714,1379577,WMS TRANSPORT LLC,WMS TRANSPORT LLC,hhg_interstate_carrier,
CANDIDATE,3818613,triunfo-foods,usdot-3818613,1380937,TRIUNFO FOODS OF MASSACHUSETTS INC,TRIUNFO FOODS,hhg_interstate_carrier,
CANDIDATE,3819562,d2-transport,usdot-3819562,1115247,DIVERSIFY HOLDINGS LLC,D2 TRANSPORT,hhg_interstate_carrier,
CANDIDATE,381994,joseph-barton,usdot-381994,218408,"CALCANO , INC",JOSEPH BARTON,hhg_interstate_carrier,
CANDIDATE,3820336,mezlan-auto-sales,usdot-3820336,1382197,MEZLAN GROUP LLC,MEZLAN AUTO SALES,hhg_interstate_carrier,
CANDIDATE,3820390,javitz-moving-transport-llc,usdot-3820390,1382237,JAVITZ MOVING TRANSPORT LLC,JAVITZ MOVING TRANSPORT LLC,hhg_interstate_carrier,
CANDIDATE,3820498,worry-free-moving,usdot-3820498,1383687,WORRY FREE MOVING LLC,WORRY FREE MOVING,hhg_interstate_carrier,
CANDIDATE,382103,bakin-moving-inc,usdot-382103,278820,BAKIN MOVING INC.,BAKIN MOVING INC.,hhg_interstate_carrier,
CANDIDATE,3821960,college-hunks-hauling-junk-and-moving-usdot-3821960,usdot-3821960,1716510,WHITCO ENTERPRISES LLC,COLLEGE HUNKS HAULING JUNK AND MOVING,hhg_interstate_carrier,
CANDIDATE,382415,morris-moving-corp,usdot-382415,85172,MORRIS MOVING CORP.,MORRIS MOVING CORP.,hhg_interstate_carrier,
CANDIDATE,38254,j-n-sparacino-llc,usdot-38254,7585,"J. N. SPARACINO, LLC","J. N. SPARACINO, LLC",hhg_interstate_carrier,
CANDIDATE,3826085,frontrunner-moving-company-llc,usdot-3826085,1386230,FRONTRUNNER MOVING COMPANY LLC,FRONTRUNNER MOVING COMPANY LLC,hhg_interstate_carrier,
CANDIDATE,3836108,metropolitan-multifamily-group-llc,usdot-3836108,1393324,METROPOLITAN MULTIFAMILY GROUP LLC,METROPOLITAN MULTIFAMILY GROUP LLC,hhg_interstate_carrier,
CANDIDATE,3836604,vip-movers-boston-llc,usdot-3836604,1393688,VIP MOVERS BOSTON LLC,VIP MOVERS BOSTON LLC,hhg_interstate_carrier,
CANDIDATE,3837403,kc-l-transport-llc,usdot-3837403,1394274,KC & L TRANSPORT LLC,KC & L TRANSPORT LLC,hhg_interstate_carrier,
CANDIDATE,3838089,sweeney-enterprises-llc,usdot-3838089,1394768,SWEENEY ENTERPRISES LLC,SWEENEY ENTERPRISES LLC,hhg_interstate_carrier,
CANDIDATE,3838179,reyes-way-transport-llc,usdot-3838179,1394837,REYES WAY TRANSPORT LLC,REYES WAY TRANSPORT LLC,hhg_interstate_carrier,
CANDIDATE,3838430,bethel-transport-llc,usdot-3838430,1395001,BETHEL TRANSPORT LLC,BETHEL TRANSPORT LLC,hhg_interstate_carrier,
CANDIDATE,3839636,amb-moving-storage-inc,usdot-3839636,1395855,AMB MOVING & STORAGE INC,AMB MOVING & STORAGE INC,hhg_interstate_carrier,
CANDIDATE,3840355,m-s-power-moving-llc,usdot-3840355,1396372,M&S POWER MOVING LLC,M&S POWER MOVING LLC,hhg_interstate_carrier,
CANDIDATE,3841200,nationwide-moving-storage-llc,usdot-3841200,1396959,NATIONWIDE MOVING & STORAGE LLC,NATIONWIDE MOVING & STORAGE LLC,hhg_interstate_carrier,
CANDIDATE,3841511,kinetic-movers,usdot-3841511,1402856,KINETIC MOVERS LLC,KINETIC MOVERS,hhg_interstate_carrier,
CANDIDATE,3841816,panamericana-services-llc,usdot-3841816,1397389,PANAMERICANA SERVICES LLC,PANAMERICANA SERVICES LLC,hhg_interstate_carrier,
CANDIDATE,3842484,d-l-towing-recovery-llc,usdot-3842484,1397859,D & L TOWING & RECOVERY LLC,D & L TOWING & RECOVERY LLC,hhg_interstate_carrier,
CANDIDATE,3842570,uinta-moving-company,usdot-3842570,1397917,UINTA MOVING COMPANY,UINTA MOVING COMPANY,hhg_interstate_carrier,
CANDIDATE,3845825,p-a-transportation-incorporated,usdot-3845825,1400150,P & A TRANSPORTATION INCORPORATED,P & A TRANSPORTATION INCORPORATED,hhg_interstate_carrier,
CANDIDATE,3847649,affordabox-llc,usdot-3847649,1401408,AFFORDABOX LLC,AFFORDABOX LLC,hhg_interstate_carrier,
CANDIDATE,3848322,us-prime-movers-inc,usdot-3848322,1401881,US PRIME MOVERS INC,US PRIME MOVERS INC,hhg_interstate_carrier,
CANDIDATE,3849070,hunt-transport-llc,usdot-3849070,1402368,HUNT TRANSPORT LLC,HUNT TRANSPORT LLC,hhg_interstate_carrier,
CANDIDATE,3849446,cl-moving-inc,usdot-3849446,1402635,CL MOVING INC,CL MOVING INC,hhg_interstate_carrier,
CANDIDATE,3850364,college-hunks-hauling-junk-and-college-hunks-moving,usdot-3850364,1594138,DNT INCORPORATED,COLLEGE HUNKS HAULING JUNK AND COLLEGE HUNKS MOVING,hhg_interstate_carrier,
CANDIDATE,3850817,fang-transport-llc,usdot-3850817,1403576,FANG TRANSPORT LLC,FANG TRANSPORT LLC,hhg_interstate_carrier,
CANDIDATE,3850964,columbia-river-transport-llc,usdot-3850964,1403667,COLUMBIA RIVER TRANSPORT LLC,COLUMBIA RIVER TRANSPORT LLC,hhg_broker hhg_interstate_carrier,
CANDIDATE,3854323,labarbera-movers-llc,usdot-3854323,1405935,LABARBERA MOVERS LLC,LABARBERA MOVERS LLC,hhg_interstate_carrier,
CANDIDATE,3856962,majestic-inc,usdot-3856962,1407707,MAJESTIC INC,MAJESTIC INC,hhg_interstate_carrier,
CANDIDATE,3857427,two-men-and-a-truck-0636,usdot-3857427,1408041,MILLER TRANSPORT LLC,TWO MEN AND A TRUCK 0636,hhg_interstate_carrier,
CANDIDATE,3857994,ricky-ricardo-moving-services-llc,usdot-3857994,1665902,RICKY RICARDO MOVING SERVICES LLC,RICKY RICARDO MOVING SERVICES LLC,hhg_interstate_carrier,
CANDIDATE,3858041,12-gauge-enterprises-llc,usdot-3858041,1408466,12 GAUGE ENTERPRISES LLC,12 GAUGE ENTERPRISES LLC,hhg_interstate_carrier,
CANDIDATE,3861667,all-in-a-day-moving-services,usdot-3861667,1410881,CARLOS M ARAUJO,ALL IN A DAY MOVING SERVICES,hhg_interstate_carrier,
CANDIDATE,3864305,mccroy-and-company-llc,usdot-3864305,1412643,MCCROY AND COMPANY LLC,MCCROY AND COMPANY LLC,hhg_interstate_carrier,
CANDIDATE,3865072,asquared-moving-llc,usdot-3865072,1413200,ASQUARED MOVING LLC,ASQUARED MOVING LLC,hhg_interstate_carrier,
CANDIDATE,3865827,teton-movers,usdot-3865827,1413762,TETON MOVERS LLC,TETON MOVERS,hhg_interstate_carrier,
CANDIDATE,3866515,aj-moving-services-llc,usdot-3866515,1414221,AJ MOVING SERVICES LLC,AJ MOVING SERVICES LLC,hhg_interstate_carrier,
CANDIDATE,3867531,panhandle-movers-lake-coeur-d-alene-movers-best-of-spokane-m,usdot-3867531,1414914,PANHANDLE MOVERS LLC,PANHANDLE MOVERS|LAKE COEUR D'ALENE MOVERS|BEST OF SPOKANE M,hhg_interstate_carrier,
CANDIDATE,3867988,pliego-services-llc,usdot-3867988,1415228,PLIEGO SERVICES LLC,PLIEGO SERVICES LLC,hhg_interstate_carrier,
CANDIDATE,3869702,titan,usdot-3869702,1416343,TITAN ALWAYS DELIVERS LLC,TITAN,hhg_interstate_carrier,
CANDIDATE,3870496,gmx-logistica-llc,usdot-3870496,1416890,GMX LOGISTICA LLC,GMX LOGISTICA LLC,hhg_interstate_carrier,
CANDIDATE,3870773,bg-moving-inc,usdot-3870773,1539579,BG MOVING INC,BG MOVING INC,hhg_interstate_carrier,
CANDIDATE,3871540,etl,usdot-3871540,1417568,ERENA TRANSPORT LLC,ETL,hhg_interstate_carrier,
CANDIDATE,3872242,golden-west-moving,usdot-3872242,1418062,"LR RELO SERVICES, LLC",GOLDEN WEST MOVING,hhg_interstate_carrier,
CANDIDATE,3872627,diamond-m-transport-llc,usdot-3872627,1418320,DIAMOND M TRANSPORT LLC,DIAMOND M TRANSPORT LLC,hhg_interstate_carrier,
CANDIDATE,3874344,noveltyplus-llc,usdot-3874344,1419439,NOVELTYPLUS LLC,NOVELTYPLUS LLC,hhg_interstate_carrier,
CANDIDATE,3875303,asmi-surfaces,usdot-3875303,1420071,ASMI STONE AND TILE LLC,ASMI SURFACES,hhg_interstate_carrier,
CANDIDATE,3875491,llr-enterprises-llc,usdot-3875491,1420200,LLR ENTERPRISES LLC,LLR ENTERPRISES LLC,hhg_interstate_carrier,
CANDIDATE,3876140,rio-enterprises-llc,usdot-3876140,1805663,RIO ENTERPRISES LLC,RIO ENTERPRISES LLC,hhg_interstate_carrier,
CANDIDATE,3877439,two-men-and-a-truck-of-new-brunswick,usdot-3877439,1366863,POST AVENUE TRANSPORTATION INC,TWO MEN AND A TRUCK OF NEW BRUNSWICK,hhg_interstate_carrier,
CANDIDATE,3877981,mload-llc,usdot-3877981,1421855,MLOAD LLC,MLOAD LLC,hhg_interstate_carrier,
CANDIDATE,3878118,solo-glide-llc,usdot-3878118,1421945,SOLO GLIDE LLC,SOLO GLIDE LLC,hhg_interstate_carrier,
CANDIDATE,3879001,c-c-excavating-and-construction,usdot-3879001,1422559,C3 ENERGY PARTNERS LLC,C&C EXCAVATING AND CONSTRUCTION,hhg_interstate_carrier,
CANDIDATE,3880050,go-2-movers-freight-llc,usdot-3880050,1423264,GO 2 MOVERS & FREIGHT LLC,GO 2 MOVERS & FREIGHT LLC,hhg_interstate_carrier,
CANDIDATE,3880148,vintage-movers,usdot-3880148,1425006,VINTAGE MOVERS CORP,VINTAGE MOVERS,hhg_interstate_carrier,
CANDIDATE,3882928,c-s-transportation-llc,usdot-3882928,1425169,C&S TRANSPORTATION LLC,C&S TRANSPORTATION LLC,hhg_interstate_carrier,
CANDIDATE,3883274,lausch-s-moving-company,usdot-3883274,1425379,LAUSCH'S MOVING COMPANY,LAUSCH'S MOVING COMPANY,hhg_interstate_carrier,
CANDIDATE,3884002,tbk-transportation-llc,usdot-3884002,1425859,TBK TRANSPORTATION LLC,TBK TRANSPORTATION LLC,hhg_interstate_carrier,
CANDIDATE,3885295,college-hunks-hauling-junk-moving-usdot-3885295,usdot-3885295,1426707,INDAGAM INC,COLLEGE HUNKS HAULING JUNK & MOVING,hhg_interstate_carrier,
CANDIDATE,3886369,minifast-ny-inc,usdot-3886369,1427426,MINIFAST NY INC,MINIFAST NY INC,hhg_interstate_carrier,
CANDIDATE,3887386,jrl-associates-llc,usdot-3887386,1428098,JRL ASSOCIATES LLC,JRL ASSOCIATES LLC,hhg_interstate_carrier,
CANDIDATE,3888930,iba-llc,usdot-3888930,1429145,IFFAT BUSINESS ASSOCIATE LLC,IBA LLC,hhg_interstate_carrier,
CANDIDATE,3889231,mydesir-multi-services-llc,usdot-3889231,1429346,MYDESIR MULTI SERVICES LLC,MYDESIR MULTI SERVICES LLC,hhg_interstate_carrier,
CANDIDATE,3893617,novella-s-novella-s-kitchen-novella-s-bakery-aviary-bakery,usdot-3893617,1432278,HALF BAKERY LLC,NOVELLA'S|NOVELLA'S KITCHEN|NOVELLA'S BAKERY|AVIARY BAKERY,hhg_interstate_carrier,
CANDIDATE,3894522,mil3sxpress-llc,usdot-3894522,1432846,MIL3SXPRESS LLC,MIL3SXPRESS LLC,hhg_interstate_carrier,
CANDIDATE,3894795,got-odd-jobs,usdot-3894795,1433040,GOT ODD JOBS,GOT ODD JOBS,hhg_interstate_carrier,
CANDIDATE,3894955,gk-lines-inc,usdot-3894955,1433127,GK LINES INC,GK LINES INC,hhg_interstate_carrier,
CANDIDATE,3895239,abwini-transportation-services,usdot-3895239,1433308,ABWINI TRANSPORTATION SERVICES,ABWINI TRANSPORTATION SERVICES,hhg_interstate_carrier,
CANDIDATE,3895786,wilson-moving,usdot-3895786,1433679,WILSON MOVING,WILSON MOVING,hhg_interstate_carrier,
CANDIDATE,3896195,speed-of-light-moving-llc,usdot-3896195,1433940,SPEED OF LIGHT MOVING LLC,SPEED OF LIGHT MOVING LLC,hhg_interstate_carrier,
CANDIDATE,3897627,unwind-moving-llc,usdot-3897627,1434855,UNWIND MOVING LLC,UNWIND MOVING LLC,hhg_interstate_carrier,
CANDIDATE,3897835,urbin-nyc-inc,usdot-3897835,1434999,URBIN NYC INC,URBIN NYC INC,hhg_interstate_carrier,
CANDIDATE,3898261,barnaby-s-moving-storage-llc,usdot-3898261,1435276,BARNABY'S MOVING & STORAGE LLC,BARNABY'S MOVING & STORAGE LLC,hhg_interstate_carrier,
CANDIDATE,3900819,otter-moving-storage-llc,usdot-3900819,1436980,OTTER MOVING & STORAGE LLC,OTTER MOVING & STORAGE LLC,hhg_interstate_carrier,
CANDIDATE,3901080,pittsburgh-moving-pgh-llc,usdot-3901080,1437162,PITTSBURGH MOVING PGH LLC,PITTSBURGH MOVING PGH LLC,hhg_interstate_carrier,
CANDIDATE,390115,superior-moving-storage-inc,usdot-390115,230744,"SUPERIOR MOVING & STORAGE, INC.","SUPERIOR MOVING & STORAGE, INC.",hhg_interstate_carrier,
CANDIDATE,3901949,santana-moving-storage-llc,usdot-3901949,1437772,SANTANA MOVING & STORAGE LLC,SANTANA MOVING & STORAGE LLC,hhg_interstate_carrier,
CANDIDATE,3903689,sierra-company-services-llc,usdot-3903689,1438896,SIERRA COMPANY SERVICES LLC,SIERRA COMPANY SERVICES LLC,hhg_interstate_carrier,
CANDIDATE,3903976,move-pro,usdot-3903976,1439080,UNDERWOOD ENTITIES,MOVE PRO,hhg_interstate_carrier,
CANDIDATE,3904120,precision-home-movers,usdot-3904120,1439167,ARA DER-BOGHOSSIAN,PRECISION HOME MOVERS,hhg_interstate_carrier,
CANDIDATE,390454,v-i-p-transport-east-inc,usdot-390454,837286,V I P TRANSPORT EAST INC,V I P TRANSPORT EAST INC,hhg_interstate_carrier,
CANDIDATE,3906267,crew4-mobile-storage,usdot-3906267,1440578,CREW4 MOBILE STORAGE,CREW4 MOBILE STORAGE,hhg_interstate_carrier,
CANDIDATE,3907428,c-g-moving-company-inc,usdot-3907428,1441357,C G MOVING COMPANY INC,C G MOVING COMPANY INC,hhg_interstate_carrier,
CANDIDATE,3907871,speedy-cubes-llc,usdot-3907871,1441647,SPEEDY CUBES LLC,SPEEDY CUBES LLC,hhg_interstate_carrier,
CANDIDATE,3908754,frms-transportation,usdot-3908754,1442231,FLAT RATE MOVING & STORAGE LLC,FRMS TRANSPORTATION,hhg_interstate_carrier,
CANDIDATE,3909558,ct-ops-llc,usdot-3909558,1442735,CT OPS LLC,CT OPS LLC,hhg_interstate_carrier,
CANDIDATE,3910011,8750-transport-llc,usdot-3910011,1443034,8750 TRANSPORT LLC,8750 TRANSPORT LLC,hhg_interstate_carrier,
CANDIDATE,3910486,college-hunks-hauling-junk-and-moving-usdot-3910486,usdot-3910486,1443341,RUDRAKSH ENTERPRISE LLC,COLLEGE HUNKS HAULING JUNK AND MOVING,hhg_interstate_carrier,
CANDIDATE,3911454,u-relax-moving-co,usdot-3911454,1444010,U-RELAX MOVING CO,U-RELAX MOVING CO,hhg_interstate_carrier,
CANDIDATE,3911833,fr-moving-llc,usdot-3911833,1444275,FR MOVING LLC,FR MOVING LLC,hhg_interstate_carrier,
CANDIDATE,3915700,two-men-and-a-truck-usdot-3915700,usdot-3915700,1446818,TMT PA LLC,TWO MEN AND A TRUCK,hhg_interstate_carrier,
CANDIDATE,3917092,coots-moving-and-deliveries,usdot-3917092,1447728,DANIEL COOTS,COOTS MOVING AND DELIVERIES,hhg_interstate_carrier,
CANDIDATE,3917748,mtc-moving-llc,usdot-3917748,1448156,MTC MOVING LLC,MTC MOVING LLC,hhg_interstate_carrier,
CANDIDATE,3919431,ro-s-movers-llc,usdot-3919431,1449261,RO'S MOVERS LLC,RO'S MOVERS LLC,hhg_interstate_carrier,
CANDIDATE,3920829,a-plus-moving,usdot-3920829,1450184,MCC GROUP LLC,A PLUS MOVING,hhg_interstate_carrier,
CANDIDATE,3921532,college-hunks-hauling-junk-and-moving-usdot-3921532,usdot-3921532,1570129,JACKSONVILLE MOVING INC,COLLEGE HUNKS HAULING JUNK AND MOVING,hhg_interstate_carrier,
CANDIDATE,3922144,hero-transport-llc,usdot-3922144,1451064,HERO TRANSPORT LLC,HERO TRANSPORT LLC,hhg_interstate_carrier,
CANDIDATE,3923386,westchester-moving-llc,usdot-3923386,1451914,WESTCHESTER MOVING LLC,WESTCHESTER MOVING LLC,hhg_interstate_carrier,
CANDIDATE,3923724,unum-international-consulting-llc,usdot-3923724,1452126,UNUM INTERNATIONAL CONSULTING LLC,UNUM INTERNATIONAL CONSULTING LLC,hhg_interstate_carrier,
CANDIDATE,3924442,messolar-moving-and-installation-services,usdot-3924442,1452616,MESSOLAR LLC,MESSOLAR MOVING AND INSTALLATION SERVICES,hhg_interstate_carrier,
CANDIDATE,3925031,justpro-moving-llc,usdot-3925031,1453012,JUSTPRO MOVING LLC,JUSTPRO MOVING LLC,hhg_interstate_carrier,
CANDIDATE,3925055,compton-transfer-storage,usdot-3925055,3486,COMPTON LLC,COMPTON TRANSFER & STORAGE,hhg_interstate_carrier,
CANDIDATE,3925242,all-in-moving,usdot-3925242,1547149,GENESIS MOVING GROUP LLC,ALL IN MOVING,hhg_interstate_carrier,
CANDIDATE,3925675,rkrk-transportation,usdot-3925675,1453435,RKRK TRANSPORTATION INC,RKRK TRANSPORTATION,hhg_interstate_carrier,
CANDIDATE,3926529,champs-moving,usdot-3926529,1454017,CJP HOLDINGS LLC,CHAMPS MOVING,hhg_interstate_carrier,
CANDIDATE,3928359,longhorn-transport-llc,usdot-3928359,1455195,LONGHORN TRANSPORT LLC,LONGHORN TRANSPORT LLC,hhg_interstate_carrier,
CANDIDATE,3930977,moving-crew-nj-llc,usdot-3930977,1681756,MOVING CREW NJ LLC,MOVING CREW NJ LLC,hhg_interstate_carrier,
CANDIDATE,3931777,custom-moving-and-storage,usdot-3931777,1457460,HAMMOND MOVING LLC,CUSTOM MOVING AND STORAGE,hhg_interstate_carrier,
CANDIDATE,3932069,maki-moving-llc,usdot-3932069,1457657,MAKI MOVING LLC,MAKI MOVING LLC,hhg_interstate_carrier,
CANDIDATE,3932148,azimuth-group-inc,usdot-3932148,1457714,AZIMUTH GROUP INC,AZIMUTH GROUP INC,hhg_interstate_carrier,
CANDIDATE,3934781,mailboxes-us-inc,usdot-3934781,1609079,MAILBOXES US INC,MAILBOXES US INC,hhg_interstate_carrier,
CANDIDATE,3934955,sarguzin-corporation,usdot-3934955,1459604,SARGUZIN CORPORATION,SARGUZIN CORPORATION,hhg_interstate_carrier,
CANDIDATE,3936317,p-w-transport-services,usdot-3936317,1460503,"POLLOCK & WIFE TRANSPORT SERVICES, LLC",P & W TRANSPORT SERVICES,hhg_interstate_carrier,
CANDIDATE,3936366,the-appliance-connection-inc,usdot-3936366,1460535,THE APPLIANCE CONNECTION INC,THE APPLIANCE CONNECTION INC,hhg_interstate_carrier,
CANDIDATE,3936497,gst-freight-inc,usdot-3936497,,GST FREIGHT INC,GST FREIGHT INC,hhg_interstate_carrier,
CANDIDATE,3937022,blackstone-movers-corp,usdot-3937022,1460961,BLACKSTONE MOVERS CORP,BLACKSTONE MOVERS CORP,hhg_interstate_carrier,
CANDIDATE,3942242,sandhu-transport-inc,usdot-3942242,1464467,SANDHU TRANSPORT INC,SANDHU TRANSPORT INC,hhg_interstate_carrier,
CANDIDATE,3942642,ftss-services-llc,usdot-3942642,1464733,FTSS SERVICES LLC,FTSS SERVICES LLC,hhg_interstate_carrier,
CANDIDATE,3942735,flowdam-logistic-llc,usdot-3942735,1464803,FLOWDAM LOGISTIC LLC,FLOWDAM LOGISTIC LLC,hhg_interstate_carrier,
CANDIDATE,3943732,vicenta-s-transport-llc,usdot-3943732,1544567,VICENTA'S TRANSPORT LLC,VICENTA'S TRANSPORT LLC,hhg_interstate_carrier,
CANDIDATE,3945616,sharp-van-lines-inc,usdot-3945616,1466723,SHARP VAN LINES INC,SHARP VAN LINES INC,hhg_interstate_carrier,
CANDIDATE,3945683,baxter-moving-co,usdot-3945683,1466766,"2G1B MOVING, LLC",BAXTER MOVING CO.,hhg_interstate_carrier,
CANDIDATE,3946372,zaberman-llc,usdot-3946372,1467219,ZABERMAN LLC,ZABERMAN LLC,hhg_interstate_carrier,
CANDIDATE,3947318,lw3-transportation-llc,usdot-3947318,1467889,LW3 TRANSPORTATION LLC,LW3 TRANSPORTATION LLC,hhg_interstate_carrier,
CANDIDATE,3952027,atlantic-beach-movers,usdot-3952027,1471120,C BURTON CORPORATION,ATLANTIC BEACH MOVERS,hhg_interstate_carrier,
CANDIDATE,3953950,economy-movers-and-storage,usdot-3953950,1472407,MOUNTAINDALE MOVERS LLC,ECONOMY MOVERS AND STORAGE,hhg_interstate_carrier,
CANDIDATE,3958478,amly-venus-llc,usdot-3958478,1475484,AMLY VENUS LLC,AMLY VENUS LLC,hhg_interstate_carrier,
CANDIDATE,3959773,m-parker-transport-llc,usdot-3959773,1476338,M PARKER TRANSPORT LLC,M PARKER TRANSPORT LLC,hhg_interstate_carrier,
CANDIDATE,3959847,all-chicagoland-moving-storage,usdot-3959847,281588,PBP ACMS LLC,ALL CHICAGOLAND MOVING & STORAGE,hhg_interstate_carrier,
CANDIDATE,3960004,h-k-moving-and-storage-llc,usdot-3960004,1476494,H & K MOVING AND STORAGE LLC,H & K MOVING AND STORAGE LLC,hhg_interstate_carrier,
CANDIDATE,3961141,profound-enterprise-llc,usdot-3961141,1477283,PROFOUND ENTERPRISE LLC,PROFOUND ENTERPRISE LLC,hhg_interstate_carrier,
CANDIDATE,3964808,you-move-me,usdot-3964808,1479739,YMM INTERSTATE LLC,YOU MOVE ME,hhg_broker hhg_interstate_carrier,
CANDIDATE,3966661,kvg-transport-llc,usdot-3966661,1480985,KVG TRANSPORT LLC,KVG TRANSPORT LLC,hhg_interstate_carrier,
CANDIDATE,3966913,quintessential-courier-services-llc,usdot-3966913,1481161,QUINTESSENTIAL COURIER SERVICES LLC,QUINTESSENTIAL COURIER SERVICES LLC,hhg_interstate_carrier,
CANDIDATE,3967306,white-glove-source,usdot-3967306,1481438,CAROLINA TRU3 LLC,WHITE GLOVE SOURCE,hhg_interstate_carrier,
CANDIDATE,3968209,jpl-moving,usdot-3968209,1482190,PHILIP D FARMER,JPL MOVING,hhg_interstate_carrier,
CANDIDATE,3968319,jlou-truckin-llc,usdot-3968319,1482121,JLOU TRUCKIN LLC,JLOU TRUCKIN LLC,hhg_interstate_carrier,
CANDIDATE,3970213,brattleboro-portable-storage,usdot-3970213,1483343,MTG HOLDINGS LLC,BRATTLEBORO PORTABLE STORAGE,hhg_interstate_carrier,
CANDIDATE,3970682,miller-s-movers,usdot-3970682,1483650,MILLER'S MOVERS LLC,MILLER'S MOVERS,hhg_interstate_carrier,
CANDIDATE,3972570,art-tr-llc,usdot-3972570,1484922,ART TR LLC,ART TR LLC,hhg_interstate_carrier,
CANDIDATE,3973264,miranda-moving-cargo-llc,usdot-3973264,1486369,MIRANDA MOVING CARGO LLC,MIRANDA MOVING CARGO LLC,hhg_interstate_carrier,
CANDIDATE,3973702,wheels-r-us-llc,usdot-3973702,1485691,WHEELS R US LLC,WHEELS R US LLC,hhg_interstate_carrier,
CANDIDATE,3975203,mbc-4-moving-inc,usdot-3975203,1487642,MBC 4 MOVING INC,MBC 4 MOVING INC,hhg_interstate_carrier,
CANDIDATE,3977349,mts-multi-transport-services,usdot-3977349,1488073,ESI AUTOS LLC,MTS MULTI TRANSPORT SERVICES,hhg_interstate_carrier,
CANDIDATE,3978176,wolfe-transport,usdot-3978176,1488641,WOLFE TRANSPORT,WOLFE TRANSPORT,hhg_interstate_carrier,
CANDIDATE,3978364,pink-zebra-moving-of-wilmington-nc,usdot-3978364,1488760,PZ CAPE FEAR LLC,PINK ZEBRA MOVING OF WILMINGTON NC,hhg_interstate_carrier,
CANDIDATE,3979936,moving-by-cury-llc,usdot-3979936,1507232,MOVING BY CURY LLC,MOVING BY CURY LLC,hhg_interstate_carrier,
CANDIDATE,3980710,carolina-procurement-institute-incorporated,usdot-3980710,1490351,CAROLINA PROCUREMENT INSTITUTE INCORPORATED,CAROLINA PROCUREMENT INSTITUTE INCORPORATED,hhg_interstate_carrier,
CANDIDATE,3983317,transportes-avs-llc,usdot-3983317,1492103,TRANSPORTES AVS LLC,TRANSPORTES AVS LLC,hhg_interstate_carrier,
CANDIDATE,3983430,hannic-inc,usdot-3983430,,HANNIC INC.,HANNIC INC.,hhg_interstate_carrier,
CANDIDATE,3983945,prodigy-moving-storage-llc,usdot-3983945,1492541,PRODIGY MOVING & STORAGE LLC,PRODIGY MOVING & STORAGE LLC,hhg_interstate_carrier,
CANDIDATE,3985620,52-checks-investments-llc,usdot-3985620,1493659,52 CHECKS & INVESTMENTS LLC,52 CHECKS & INVESTMENTS LLC,hhg_interstate_carrier,
CANDIDATE,3986372,scarlet-s-moving-company-llc,usdot-3986372,1494167,SCARLET'S MOVING COMPANY LLC,SCARLET'S MOVING COMPANY LLC,hhg_interstate_carrier,
CANDIDATE,3986749,ak-moving-llc,usdot-3986749,1494414,AK MOVING LLC,AK MOVING LLC,hhg_interstate_carrier,
CANDIDATE,3987261,clearwater-company,usdot-3987261,1494710,CLEARWATER COMPANY,CLEARWATER COMPANY,hhg_interstate_carrier,
CANDIDATE,3987436,cortepower-llc,usdot-3987436,1494835,CORTEPOWER LLC,CORTEPOWER LLC,hhg_interstate_carrier,
CANDIDATE,3992344,apex-transportation,usdot-3992344,262623,PBP STORAGE LLC,APEX TRANSPORTATION,hhg_interstate_carrier,
CANDIDATE,3993175,b-g-transporting-llc,usdot-3993175,1498602,B&G TRANSPORTING LLC,B&G TRANSPORTING LLC,hhg_interstate_carrier,
CANDIDATE,3993478,d-v-enterprises-llc,usdot-3993478,1498799,D&V ENTERPRISES LLC,D&V ENTERPRISES LLC,hhg_interstate_carrier,
CANDIDATE,3993830,carolina-warehouse-enterprises-llc,usdot-3993830,1499025,CAROLINA WAREHOUSE ENTERPRISES LLC,CAROLINA WAREHOUSE ENTERPRISES LLC,hhg_interstate_carrier,
CANDIDATE,3994854,early-bird-transportation-of-nc-inc,usdot-3994854,1499712,EARLY BIRD TRANSPORTATION OF NC INC,EARLY BIRD TRANSPORTATION OF NC INC,hhg_interstate_carrier,
CANDIDATE,3995684,all-ways-moving,usdot-3995684,1500257,AWM EST 2009 INC,ALL WAYS MOVING,hhg_interstate_carrier,
CANDIDATE,3996006,pocnj,usdot-3996006,1500473,POCNJ,POCNJ,hhg_interstate_carrier,
CANDIDATE,3996154,point-b-moving-mc,usdot-3996154,1500574,POINT B MOVING LLC,POINT B MOVING MC,hhg_interstate_carrier,
CANDIDATE,3996341,short-kingz-moving-company-llc,usdot-3996341,1500701,"SHORT KINGZ MOVING COMPANY, LLC","SHORT KINGZ MOVING COMPANY, LLC",hhg_interstate_carrier,
CANDIDATE,3996636,buenaventura-y-p-l-l-c,usdot-3996636,1500900,BUENAVENTURA Y P L.L.C,BUENAVENTURA Y P L.L.C,hhg_interstate_carrier,
CANDIDATE,3997826,conlee-garrett-moving-storage-llc,usdot-3997826,1543389,CONLEE-GARRETT MOVING & STORAGE LLC,CONLEE-GARRETT MOVING & STORAGE LLC,hhg_interstate_carrier,
CANDIDATE,3998050,gou-moving,usdot-3998050,1501835,BORDER MOVING & STORAGE LLC,GOU MOVING,hhg_interstate_carrier,
CANDIDATE,3998326,abrams-acs-inc,usdot-3998326,1502027,ABRAMS ACS INC,ABRAMS ACS INC,hhg_interstate_carrier,
CANDIDATE,3998447,e-logic-inc,usdot-3998447,1519334,E-LOGIC INC,E-LOGIC INC,hhg_interstate_carrier,
CANDIDATE,3998461,advent-moving-services-llc,usdot-3998461,1502111,ADVENT MOVING SERVICES LLC,ADVENT MOVING SERVICES LLC,hhg_interstate_carrier,
CANDIDATE,3999175,gsm-llc,usdot-3999175,1502551,GSM LLC,GSM LLC,hhg_interstate_carrier,
CANDIDATE,3999950,aer-logistics,usdot-3999950,1503035,COX ALT IRA INVESTMENTS LLC,AER LOGISTICS,hhg_interstate_carrier,
CANDIDATE,4000852,first-rate-movers,usdot-4000852,1574050,DARK HORSE MOVING LLC,FIRST RATE MOVERS,hhg_interstate_carrier,
CANDIDATE,4001518,the-moving-specialists,usdot-4001518,1504046,SENIOR MOVING SPECIALISTS LLC,THE MOVING SPECIALISTS,hhg_interstate_carrier,
CANDIDATE,4003511,c-sherman-transport-llc,usdot-4003511,1505369,C SHERMAN TRANSPORT LLC,C SHERMAN TRANSPORT LLC,hhg_interstate_carrier,
CANDIDATE,4004044,kona-trans,usdot-4004044,1505692,HAWAII ISLE TRANSPORTATION SERVICES INC,KONA TRANS,hhg_interstate_carrier,
CANDIDATE,4004993,little-guys-movers-nashville-usdot-4004993,usdot-4004993,1506293,HORIZON VENTURES LLC,LITTLE GUYS MOVERS NASHVILLE,hhg_interstate_carrier,
CANDIDATE,4005225,shannon-moving-storage,usdot-4005225,1506452,SHANNON MOVING LLC,SHANNON MOVING & STORAGE,hhg_interstate_carrier,
CANDIDATE,4005442,mas-moving-and-storage,usdot-4005442,1506593,MAS MOVING AND STORAGE,MAS MOVING AND STORAGE,hhg_interstate_carrier,
CANDIDATE,4006543,blue-kangaroo-packoutz-of-long-island,usdot-4006543,1769038,MULLIGAN RESTORATION LLC,BLUE KANGAROO PACKOUTZ OF LONG ISLAND,hhg_interstate_carrier,
CANDIDATE,4008761,summer-moving-corp,usdot-4008761,1532977,SUMMER MOVING CORP,SUMMER MOVING CORP,hhg_interstate_carrier,
CANDIDATE,4008910,me-an-my-boyz-llc,usdot-4008910,1508861,ME AN MY BOYZ LLC,ME AN MY BOYZ LLC,hhg_interstate_carrier,
CANDIDATE,4009791,davies-moving-distribution-llc,usdot-4009791,1509424,DAVIES MOVING & DISTRIBUTION LLC,DAVIES MOVING & DISTRIBUTION LLC,hhg_interstate_carrier,
CANDIDATE,4009975,cesar-moving-storage-inc,usdot-4009975,1509540,CESAR MOVING & STORAGE INC,CESAR MOVING & STORAGE INC,hhg_interstate_carrier,
CANDIDATE,4010006,fleet21-llc,usdot-4010006,1509567,FLEET21 LLC,FLEET21 LLC,hhg_interstate_carrier,
CANDIDATE,4010393,vanguard-lines-llc,usdot-4010393,1509821,VANGUARD LINES LLC,VANGUARD LINES LLC,hhg_interstate_carrier,
CANDIDATE,4010990,bereket-moving-and-storage,usdot-4010990,1744839,ZADAN HOLDING LLC,BEREKET MOVING AND STORAGE,hhg_interstate_carrier,
CANDIDATE,4011819,sound-the-alarm-moving-company-sta-moving-company,usdot-4011819,1510727,SOUND THE ALARM MOVING COMPANY,SOUND THE ALARM MOVING COMPANY|STA MOVING COMPANY,hhg_interstate_carrier,
CANDIDATE,4012146,abla-llc,usdot-4012146,1510965,ABLA LLC,ABLA LLC,hhg_interstate_carrier,
CANDIDATE,4012224,quikmove,usdot-4012224,1540739,CUSHON ENTERPRISE LLC,QUIKMOVE,hhg_interstate_carrier,
CANDIDATE,4013353,zip-van-lines-llc,usdot-4013353,1511732,ZIP VAN LINES LLC,ZIP VAN LINES LLC,hhg_interstate_carrier,
CANDIDATE,4013604,anywhere-movers-llc,usdot-4013604,1526093,ANYWHERE MOVERS LLC,ANYWHERE MOVERS LLC,hhg_interstate_carrier,
CANDIDATE,4015346,logistics-road-solution,usdot-4015346,1547515,SAHLIS TRANSPORT INC,LOGISTICS ROAD SOLUTION,hhg_interstate_carrier,
CANDIDATE,4015932,vml-transport-inc,usdot-4015932,1513429,VML TRANSPORT INC,VML TRANSPORT INC,hhg_interstate_carrier,
CANDIDATE,4017385,two-men-and-a-truck-228,usdot-4017385,1514358,BACKWOODS MOVERS INC,TWO MEN AND A TRUCK 228,hhg_interstate_carrier,
CANDIDATE,4017412,ap-megacorp-llc,usdot-4017412,1514372,AP MEGACORP LLC,AP MEGACORP LLC,hhg_interstate_carrier,
CANDIDATE,4017538,movin-on-movers,usdot-4017538,1514451,PBP MOM LLC,MOVIN ON MOVERS,hhg_interstate_carrier,
CANDIDATE,4017704,complete-moving-inc,usdot-4017704,1514542,COMPLETE MOVING INC,COMPLETE MOVING INC,hhg_interstate_carrier,
CANDIDATE,401790,commonwealth-moving-storage-company,usdot-401790,206085,COMMONWEALTH MOVING & STORAGE COMPANY,COMMONWEALTH MOVING & STORAGE COMPANY,hhg_interstate_carrier,
CANDIDATE,4018257,level-up-moving-company,usdot-4018257,1761474,LEVEL UP MOVING LLC,LEVEL UP MOVING COMPANY,hhg_interstate_carrier,
CANDIDATE,4018407,kings-towing-repair-llc,usdot-4018407,1514992,KINGS TOWING & REPAIR LLC,KINGS TOWING & REPAIR LLC,hhg_interstate_carrier,
CANDIDATE,4018915,spartan-movers-llc,usdot-4018915,1515324,SPARTAN MOVERS LLC,SPARTAN MOVERS LLC,hhg_interstate_carrier,
CANDIDATE,4018956,two-men-and-a-truck-cookeville,usdot-4018956,1515355,BROEKER LANE LLC,TWO MEN AND A TRUCK COOKEVILLE,hhg_interstate_carrier,
CANDIDATE,4020195,whistlin-dixie-transport-inc,usdot-4020195,1516131,WHISTLIN DIXIE TRANSPORT INC,WHISTLIN DIXIE TRANSPORT INC,hhg_interstate_carrier,
CANDIDATE,4021110,miracles-moving-storage-llc,usdot-4021110,1516715,MIRACLES MOVING & STORAGE LLC,MIRACLES MOVING & STORAGE LLC,hhg_interstate_carrier,
CANDIDATE,4022220,sosad-truckin-llc,usdot-4022220,1517401,SOSAD TRUCKIN LLC,SOSAD TRUCKIN LLC,hhg_interstate_carrier,
CANDIDATE,4022357,first-southern-van-lines,usdot-4022357,1517490,MAESTRO MOVING & STORAGE LLC,FIRST SOUTHERN VAN LINES,hhg_interstate_carrier,
CANDIDATE,4022616,kingdom-movers-kingdom-moving-more,usdot-4022616,1517656,KINGDOM ENTERPRISES LLC,KINGDOM MOVERS|KINGDOM MOVING & MORE,hhg_interstate_carrier,
CANDIDATE,4023787,krupp-moving-and-storage-ii-llc,usdot-4023787,1518406,KRUPP MOVING AND STORAGE II LLC,KRUPP MOVING AND STORAGE II LLC,hhg_interstate_carrier,
CANDIDATE,4024556,101-movers-corp,usdot-4024556,1518889,101 MOVERS CORP,101 MOVERS CORP,hhg_interstate_carrier,
CANDIDATE,4025044,on-it-movers-llc,usdot-4025044,1519181,ON IT MOVERS LLC,ON IT MOVERS LLC,hhg_interstate_carrier,
CANDIDATE,4025637,seattle-moving-storage,usdot-4025637,1519524,PRICELINE MOVING & STORAGE LLC,SEATTLE MOVING & STORAGE,hhg_interstate_carrier,
CANDIDATE,4027051,marvin-transportation-llc,usdot-4027051,1520434,MARVIN TRANSPORTATION LLC,MARVIN TRANSPORTATION LLC,hhg_interstate_carrier,
CANDIDATE,4027315,up-n-go-moving-llc,usdot-4027315,1539696,UP N GO MOVING LLC,UP N GO MOVING LLC,hhg_interstate_carrier,
CANDIDATE,4027805,bagley-transport-llc,usdot-4027805,1599459,BAGLEY TRANSPORT LLC,BAGLEY TRANSPORT LLC,hhg_interstate_carrier,
CANDIDATE,4029774,sir-courier-llc,usdot-4029774,1522143,SIR COURIER LLC,SIR COURIER LLC,hhg_interstate_carrier,
CANDIDATE,4031000,southern-maryland-moving-company-llc,usdot-4031000,1522950,SOUTHERN MARYLAND MOVING COMPANY LLC,SOUTHERN MARYLAND MOVING COMPANY LLC,hhg_interstate_carrier,
CANDIDATE,4031387,space-y-moving-llc,usdot-4031387,1717220,SPACE Y MOVING LLC,SPACE Y MOVING LLC,hhg_interstate_carrier,
CANDIDATE,4031529,two-men-and-a-truck-lubbock,usdot-4031529,1523280,TMT LUBBOCK LLC,TWO MEN AND A TRUCK LUBBOCK,hhg_interstate_carrier,
CANDIDATE,4031559,5-diamond-moving-and-storage-inc,usdot-4031559,1523304,5 DIAMOND MOVING AND STORAGE INC,5 DIAMOND MOVING AND STORAGE INC,hhg_interstate_carrier,
CANDIDATE,4031620,hassel-free-moving,usdot-4031620,1523338,HASSEL FREE MOVING,HASSEL FREE MOVING,hhg_interstate_carrier,
CANDIDATE,4033448,3e3,usdot-4033448,1524449,3E3 LLC,3E3,hhg_interstate_carrier,
CANDIDATE,4034115,denver-transparent-movers-llc,usdot-4034115,1524884,DENVER TRANSPARENT MOVERS LLC,DENVER TRANSPARENT MOVERS LLC,hhg_interstate_carrier,
CANDIDATE,4034763,berhanullc,usdot-4034763,1525308,BERHANULLC,BERHANULLC,hhg_interstate_carrier,
CANDIDATE,4036054,cima-moving-llc,usdot-4036054,1526129,CIMA MOVING LLC,CIMA MOVING LLC,hhg_interstate_carrier,
CANDIDATE,4036593,just-movers,usdot-4036593,1533301,BY LOGISTIC LLC,JUST MOVERS,hhg_interstate_carrier,
CANDIDATE,4037783,college-hunks-hauling-junk-and-moving-usdot-4037783,usdot-4037783,1527178,CHHJ PANHANDLE LLC,COLLEGE HUNKS HAULING JUNK AND MOVING,hhg_interstate_carrier,
CANDIDATE,4039030,shariffa-transport-llc,usdot-4039030,1527946,SHARIFFA TRANSPORT LLC,SHARIFFA TRANSPORT LLC,hhg_interstate_carrier,
CANDIDATE,4039300,hook-em-up-moving-llc,usdot-4039300,1698205,HOOK EM UP MOVING LLC,HOOK EM UP MOVING LLC,hhg_interstate_carrier,
CANDIDATE,4040747,inamyc-cargo-llc,usdot-4040747,1528998,INAMYC CARGO LLC,INAMYC CARGO LLC,hhg_interstate_carrier,
CANDIDATE,4043680,adcs-group-llc,usdot-4043680,1530693,ADCS GROUP LLC,ADCS GROUP LLC,hhg_interstate_carrier,
CANDIDATE,4044077,industry-van-lines-llc,usdot-4044077,1718979,INDUSTRY VAN LINES LLC,INDUSTRY VAN LINES LLC,hhg_interstate_carrier,
CANDIDATE,4044810,lb-moving-company-llc,usdot-4044810,1592298,LB MOVING COMPANY LLC,LB MOVING COMPANY LLC,hhg_interstate_carrier,
CANDIDATE,4045226,velocious-movers-llc,usdot-4045226,1531642,VELOCIOUS MOVERS LLC,VELOCIOUS MOVERS LLC,hhg_interstate_carrier,
CANDIDATE,4045878,jd-limitless-transport-llc,usdot-4045878,1532030,JD LIMITLESS TRANSPORT LLC,JD LIMITLESS TRANSPORT LLC,hhg_interstate_carrier,
CANDIDATE,4046743,yb-general-runner-company-llc,usdot-4046743,1532559,YB-GENERAL RUNNER COMPANY LLC,YB-GENERAL RUNNER COMPANY LLC,hhg_interstate_carrier,
CANDIDATE,4046794,peak-movers,usdot-4046794,1532578,PEAK MOVERS LLC,PEAK MOVERS,hhg_interstate_carrier,
CANDIDATE,4047014,pa-portner-inc,usdot-4047014,1532686,PA PORTNER INC,PA PORTNER INC,hhg_interstate_carrier,
CANDIDATE,4047963,bytruckingllc,usdot-4047963,1533260,BYTRUCKINGLLC,BYTRUCKINGLLC,hhg_interstate_carrier,
CANDIDATE,4048643,aaa-movers-llc,usdot-4048643,1533680,AAA MOVERS LLC,AAA MOVERS LLC,hhg_interstate_carrier,
CANDIDATE,4048679,doublemw-corp,usdot-4048679,1533702,DOUBLEMW CORP,DOUBLEMW CORP,hhg_interstate_carrier,
CANDIDATE,4049686,bostonia-moving-llc,usdot-4049686,1557634,BOSTONIA MOVING LLC,BOSTONIA MOVING LLC,hhg_interstate_carrier,
CANDIDATE,4050371,jc-in-motion-inc,usdot-4050371,1550456,JC IN MOTION INC,JC IN MOTION INC,hhg_interstate_carrier,
CANDIDATE,4050603,epoch-movers-llc,usdot-4050603,1534802,EPOCH MOVERS LLC,EPOCH MOVERS LLC,hhg_interstate_carrier,
CANDIDATE,4051763,marley-s-movers-transport-inc,usdot-4051763,1535511,MARLEY'S MOVERS TRANSPORT INC,MARLEY'S MOVERS TRANSPORT INC,hhg_interstate_carrier,
CANDIDATE,4053345,sleepless-movers-llc,usdot-4053345,1536460,SLEEPLESS MOVERS LLC,SLEEPLESS MOVERS LLC,hhg_interstate_carrier,
CANDIDATE,4054199,two-men-and-a-truck-usdot-4054199,usdot-4054199,1536935,GSNR SOUTHERN KY LLC,TWO MEN AND A TRUCK,hhg_interstate_carrier,
CANDIDATE,4054794,college-hunks-moving-of-nw-chicagoland,usdot-4054794,1537278,MATICA CNSRVTN INC,COLLEGE HUNKS MOVING OF NW CHICAGOLAND,hhg_interstate_carrier,
CANDIDATE,4054816,ssw-moving-and-junk-removal,usdot-4054816,1537291,ATGM LLC,SSW MOVING AND JUNK REMOVAL,hhg_interstate_carrier,
CANDIDATE,4055879,two-men-and-a-truck-temecula-valley,usdot-4055879,1537960,TRANSISTIONS INC,TWO MEN AND A TRUCK TEMECULA VALLEY,hhg_interstate_carrier,
CANDIDATE,4055942,advance-sorensen-movers-llc,usdot-4055942,1537994,ADVANCE SORENSEN MOVERS LLC,ADVANCE SORENSEN MOVERS LLC,hhg_interstate_carrier,
CANDIDATE,4055956,word-of-mouth-moving,usdot-4055956,1538002,ROSBOROUGH CAPITAL LLC,WORD OF MOUTH MOVING,hhg_interstate_carrier,
CANDIDATE,4056268,bhy-transportation-llc,usdot-4056268,1538164,BHY TRANSPORTATION LLC,BHY TRANSPORTATION LLC,hhg_interstate_carrier,
CANDIDATE,4058921,amj-home-delivery,usdot-4058921,1539704,AMJ HD 23 INC,AMJ HOME DELIVERY,hhg_interstate_carrier,
CANDIDATE,4059339,balance-detroit-llc,usdot-4059339,1539936,BALANCE DETROIT LLC,BALANCE DETROIT LLC,hhg_interstate_carrier,
CANDIDATE,4059483,fort-mill-friendly-movers-llc,usdot-4059483,1540003,FORT MILL FRIENDLY MOVERS LLC,FORT MILL FRIENDLY MOVERS LLC,hhg_interstate_carrier,
CANDIDATE,4061066,mjr-transport-inc,usdot-4061066,1540917,MJR TRANSPORT INC,MJR TRANSPORT INC,hhg_interstate_carrier,
CANDIDATE,4062036,movingnevada-com,usdot-4062036,1541496,KMH MOVING LLC,MOVINGNEVADA.COM,hhg_interstate_carrier,
CANDIDATE,4062344,m-k-livestock-llc,usdot-4062344,1541658,M & K LIVESTOCK LLC,M & K LIVESTOCK LLC,hhg_interstate_carrier,
CANDIDATE,4062804,moving-services-nv,usdot-4062804,1541904,MOVING SERVICES NV,MOVING SERVICES NV,hhg_interstate_carrier,
CANDIDATE,4063852,2-college-brothers-of-gainesville,usdot-4063852,1542498,SHIRLEY FRANCHISES LLC,2 COLLEGE BROTHERS OF GAINESVILLE,hhg_interstate_carrier,
CANDIDATE,4064159,galan-moving-storage-llc,usdot-4064159,1542671,GALAN MOVING & STORAGE LLC,GALAN MOVING & STORAGE LLC,hhg_interstate_carrier,
CANDIDATE,4065201,818bros-transportation-llc,usdot-4065201,1543271,818BROS TRANSPORTATION LLC,818BROS TRANSPORTATION LLC,hhg_interstate_carrier,
CANDIDATE,4065883,missberryhill-llc,usdot-4065883,1543669,MISSBERRYHILL LLC,MISSBERRYHILL LLC,hhg_interstate_carrier,
CANDIDATE,4066629,titanium-transportation-inc,usdot-4066629,1544072,TITANIUM TRANSPORTATION INC,TITANIUM TRANSPORTATION INC,hhg_interstate_carrier,
CANDIDATE,4067873,anapa-moving-inc,usdot-4067873,1544779,ANAPA MOVING INC,ANAPA MOVING INC,hhg_interstate_carrier,
CANDIDATE,4068447,elogistics,usdot-4068447,1545114,ELOGISTICS,ELOGISTICS,hhg_interstate_carrier,
CANDIDATE,4069586,triple-7-movers-of-washington-llc,usdot-4069586,1545760,TRIPLE 7 MOVERS OF WASHINGTON LLC,TRIPLE 7 MOVERS OF WASHINGTON LLC,hhg_interstate_carrier,
CANDIDATE,4070346,johnsons2blessed-llc,usdot-4070346,1546237,JOHNSONS2BLESSED LLC,JOHNSONS2BLESSED LLC,hhg_interstate_carrier,
CANDIDATE,4070995,cherry-usa-cherry-event-decor,usdot-4070995,1546610,CHERRY ENTERPRISES INC,CHERRY USA/CHERRY EVENT DECOR,hhg_interstate_carrier,
CANDIDATE,4071591,curry-moving-storage-inc,usdot-4071591,1546947,"CURRY MOVING & STORAGE, INC","CURRY MOVING & STORAGE, INC",hhg_interstate_carrier,
CANDIDATE,4071685,lifestyles-moving-llc,usdot-4071685,1660977,LIFESTYLES MOVING LLC,LIFESTYLES MOVING LLC,hhg_interstate_carrier,
CANDIDATE,4072229,frsteam-of-new-england,usdot-4072229,1547326,MA-NY RESTORATION LLC,FRSTEAM OF NEW ENGLAND,hhg_interstate_carrier,
CANDIDATE,407286,sol-loeb-moving-storage,usdot-407286,771378,SOL LOEB COMPANY,SOL LOEB MOVING & STORAGE,hhg_interstate_carrier,
CANDIDATE,4074601,neostart,usdot-4074601,1649026,GG1984 INC,NEOSTART,hhg_interstate_carrier,
CANDIDATE,4074654,international-grocery-market,usdot-4074654,1548762,RUGANZA LLC,INTERNATIONAL GROCERY MARKET,hhg_interstate_carrier,
CANDIDATE,4075635,jns-movers-inc,usdot-4075635,1549358,JNS MOVERS INC,JNS MOVERS INC,hhg_interstate_carrier,
CANDIDATE,4075718,hendrik-s-moving-llc,usdot-4075718,1549401,HENDRIK'S MOVING LLC,HENDRIK'S MOVING LLC,hhg_interstate_carrier,
CANDIDATE,4076271,tre-mack-transportations,usdot-4076271,1549711,TRE MACK TRANSPORTATIONS LLC,TRE MACK TRANSPORTATIONS,hhg_interstate_carrier,
CANDIDATE,4077851,hoosier-buddy-llc,usdot-4077851,1550645,HOOSIER BUDDY LLC,HOOSIER BUDDY LLC,hhg_interstate_carrier,
CANDIDATE,4078060,amp-dawson-moving-company-llc,usdot-4078060,1550757,AMP DAWSON MOVING COMPANY LLC,AMP DAWSON MOVING COMPANY LLC,hhg_interstate_carrier,
CANDIDATE,4078925,easier-moving,usdot-4078925,1684469,EASIER MOVING LLC,EASIER MOVING,hhg_interstate_carrier,
CANDIDATE,4079187,moving-cab,usdot-4079187,1551486,MOVING CAB CORPORATION,MOVING CAB,hhg_interstate_carrier,
CANDIDATE,4079262,kenbec-movers-llc,usdot-4079262,1551535,KENBEC MOVERS LLC,KENBEC MOVERS LLC,hhg_interstate_carrier,
CANDIDATE,4082582,al-s-transport,usdot-4082582,1553521,ALLAN MERCHANT,AL'S TRANSPORT,hhg_interstate_carrier,
CANDIDATE,4083958,home-and-office-transitions,usdot-4083958,1554325,TEAM COLEY GROUP LLC,HOME AND OFFICE TRANSITIONS,hhg_interstate_carrier,
CANDIDATE,4083960,eat-moving-and-transportation-llc,usdot-4083960,1554327,EAT MOVING AND TRANSPORTATION LLC,EAT MOVING AND TRANSPORTATION LLC,hhg_interstate_carrier,
CANDIDATE,4084612,kombu-freight-forwarding-llc,usdot-4084612,1554703,KOMBU FREIGHT FORWARDING LLC,KOMBU FREIGHT FORWARDING LLC,hhg_interstate_carrier,
CANDIDATE,4085137,college-hunks-hauling-junk-and-moving-usdot-4085137,usdot-4085137,1555017,ALWAYS EPHESIANS 5 INC,COLLEGE HUNKS HAULING JUNK AND MOVING,hhg_interstate_carrier,
CANDIDATE,4085603,marquette-movers-llc,usdot-4085603,1685414,MARQUETTE MOVERS LLC,MARQUETTE MOVERS LLC,hhg_interstate_carrier,
CANDIDATE,4085770,alma-moving-inc,usdot-4085770,1555382,ALMA MOVING INC,ALMA MOVING INC,hhg_interstate_carrier,
CANDIDATE,4085838,units-moving-and-portable-storage-of-grand-rapids,usdot-4085838,1555422,"GR MOVING AND STORAGE, LLC",UNITS MOVING AND PORTABLE STORAGE OF GRAND RAPIDS,hhg_interstate_carrier,
CANDIDATE,4086221,dmy-transport-llc,usdot-4086221,1555649,DMY TRANSPORT LLC,DMY TRANSPORT LLC,hhg_interstate_carrier,
CANDIDATE,4092410,retriever-transport-llc,usdot-4092410,1559321,RETRIEVER TRANSPORT LLC,RETRIEVER TRANSPORT LLC,hhg_interstate_carrier,
CANDIDATE,4093923,morales-a-corp,usdot-4093923,1560189,MORALES A CORP,MORALES A CORP,hhg_interstate_carrier,
CANDIDATE,4095439,movemint-pack-move,usdot-4095439,1561145,MOVEMINT LLC,MOVEMINT - PACK & MOVE,hhg_interstate_carrier,
CANDIDATE,4095495,applause-moving-storage-inc,usdot-4095495,1561174,APPLAUSE MOVING & STORAGE INC,APPLAUSE MOVING & STORAGE INC,hhg_interstate_carrier,
CANDIDATE,4096107,btbuildz-llc,usdot-4096107,1561540,BTBUILDZ LLC,BTBUILDZ LLC,hhg_interstate_carrier,
CANDIDATE,4098323,upstairs-downstairs-moving,usdot-4098323,1562819,CHELLO CORP,UPSTAIRS DOWNSTAIRS MOVING,hhg_interstate_carrier,
CANDIDATE,4099070,w-b-transports,usdot-4099070,1563262,WALKER'S TRANSPORTATION LLC,W&B TRANSPORTS,hhg_interstate_carrier,
CANDIDATE,4100423,lunashipping-inc,usdot-4100423,1612531,LUNASHIPPING INC,LUNASHIPPING INC,hhg_interstate_carrier,
CANDIDATE,4102732,packngo-mobile-storage-llc,usdot-4102732,1565339,PACKNGO MOBILE STORAGE LLC,PACKNGO MOBILE STORAGE LLC,hhg_interstate_carrier,
CANDIDATE,4103190,milloshi-transport-llc,usdot-4103190,1565612,MILLOSHI TRANSPORT LLC,MILLOSHI TRANSPORT LLC,hhg_interstate_carrier,
CANDIDATE,4103468,macarrier-company-llc,usdot-4103468,1661949,MACARRIER COMPANY LLC,MACARRIER COMPANY LLC,hhg_interstate_carrier,
CANDIDATE,4103729,college-hunks-hauling-junk-and-moving-usdot-4103729,usdot-4103729,1586391,DCG ENTERPRISES LLC,COLLEGE HUNKS HAULING JUNK AND MOVING,hhg_interstate_carrier,
CANDIDATE,4104665,lfc-movers-llc,usdot-4104665,1572564,LFC MOVERS LLC,LFC MOVERS LLC,hhg_interstate_carrier,
CANDIDATE,4107989,renaissance-van-lines,usdot-4107989,1568440,RENAISSANCE VAN LINES INC,RENAISSANCE VAN LINES,hhg_interstate_carrier,
CANDIDATE,4108476,mightee-movers,usdot-4108476,1568742,MIGHTEE MOVERS LLC,MIGHTEE MOVERS,hhg_interstate_carrier,
CANDIDATE,4108887,moving-mountains,usdot-4108887,1568985,TAKEOVER MOVING SERVICES LLC,MOVING MOUNTAINS,hhg_interstate_carrier,
CANDIDATE,4110434,college-hunks-hauling-junk-and-moving-usdot-4110434,usdot-4110434,1569877,MAZELLEN ENTERPRISE LLC,COLLEGE HUNKS HAULING JUNK AND MOVING,hhg_interstate_carrier,
CANDIDATE,4111026,komchik-inc,usdot-4111026,1570237,KOMCHIK INC,KOMCHIK INC,hhg_interstate_carrier,
CANDIDATE,4111360,ijh-transportation-llc,usdot-4111360,1572763,IJH TRANSPORTATION LLC,IJH TRANSPORTATION LLC,hhg_interstate_carrier,
CANDIDATE,4112516,heezy-haulers,usdot-4112516,1720347,HEEZY HAULERS LLC,HEEZY HAULERS,hhg_interstate_carrier,
CANDIDATE,4112647,dhm-transportation-llc,usdot-4112647,1571160,DHM TRANSPORTATION LLC,DHM TRANSPORTATION LLC,hhg_interstate_carrier,
CANDIDATE,4114418,ahrens-transport-llc,usdot-4114418,1572249,AHRENS TRANSPORT LLC,AHRENS TRANSPORT LLC,hhg_interstate_carrier,
CANDIDATE,4114767,m-a-moving-llc,usdot-4114767,1572454,M & A MOVING LLC,M & A MOVING LLC,hhg_interstate_carrier,
CANDIDATE,4115476,atlant-moving-llc,usdot-4115476,1572877,ATLANT MOVING LLC,ATLANT MOVING LLC,hhg_interstate_carrier,
CANDIDATE,4115498,safeway-transport-llc,usdot-4115498,1572892,SAFEWAY TRANSPORT LLC,SAFEWAY TRANSPORT LLC,hhg_interstate_carrier,
CANDIDATE,4116041,bright-day-moving-llc,usdot-4116041,1573198,BRIGHT DAY MOVING LLC,BRIGHT DAY MOVING LLC,hhg_interstate_carrier,
CANDIDATE,4116447,the-moving-crew-llc,usdot-4116447,1649552,THE MOVING CREW LLC,THE MOVING CREW LLC,hhg_interstate_carrier,
CANDIDATE,4116990,quality-movers,usdot-4116990,1573795,JR MOVING ENTERPRISES CO,QUALITY MOVERS,hhg_interstate_carrier,
CANDIDATE,4117576,two-men-and-a-junk-truck-usdot-4117576,usdot-4117576,1574131,OLD GLORY LLC,TWO MEN AND A JUNK TRUCK,hhg_interstate_carrier,
CANDIDATE,4117858,i-transport,usdot-4117858,1574277,TINA KENNY,I TRANSPORT,hhg_interstate_carrier,
CANDIDATE,4119742,asap-movers,usdot-4119742,1575398,ASAP MOVERS LLC,ASAP MOVERS,hhg_interstate_carrier,
CANDIDATE,4121170,jamh-llc,usdot-4121170,1576201,JAMH LLC,JAMH LLC,hhg_interstate_carrier,
CANDIDATE,4121752,b-plus-transportation-inc,usdot-4121752,1576546,B PLUS TRANSPORTATION INC,B PLUS TRANSPORTATION INC,hhg_interstate_carrier,
CANDIDATE,4122443,sugar-load-llc,usdot-4122443,1752095,SUGAR LOAD LLC,SUGAR LOAD LLC,hhg_interstate_carrier,
CANDIDATE,4125176,o-garcia-transport-llc,usdot-4125176,1578491,O GARCIA TRANSPORT LLC,O GARCIA TRANSPORT LLC,hhg_interstate_carrier,
CANDIDATE,4125548,expert-movers-inc,usdot-4125548,1578685,EXPERT MOVERS INC,EXPERT MOVERS INC,hhg_interstate_carrier,
CANDIDATE,4126121,bd-delivery-assembly-disposal-service,usdot-4126121,1579045,BARRY MITTNER,BD DELIVERY ASSEMBLY DISPOSAL SERVICE,hhg_interstate_carrier,
CANDIDATE,4126562,az-horizon-transportation-azhorziontrans-az-horizon-trans,usdot-4126562,1579305,AZ HORIZON TRANSPORTATION,AZ HORIZON TRANSPORTATION|AZHORZIONTRANS|AZ HORIZON TRANS,hhg_interstate_carrier,
CANDIDATE,4127162,ymy-transport-llc,usdot-4127162,1579638,YMY TRANSPORT LLC,YMY TRANSPORT LLC,hhg_interstate_carrier,
CANDIDATE,4129629,cobb-transport-llc,usdot-4129629,1581090,COBB TRANSPORT LLC,COBB TRANSPORT LLC,hhg_interstate_carrier,
CANDIDATE,4130069,p-h-cutting-edge-hauling,usdot-4130069,1581342,P&H CUTTING EDGE LAWN CARE,P&H CUTTING EDGE HAULING,hhg_interstate_carrier,
CANDIDATE,4130794,kesma-logistic-llc,usdot-4130794,1581742,KESMA LOGISTIC LLC,KESMA LOGISTIC LLC,hhg_interstate_carrier,
CANDIDATE,4130795,mck-moving,usdot-4130795,1581743,MCK MOVERS OF MISSOURI LLC,MCK MOVING,hhg_interstate_carrier,
CANDIDATE,4131146,safeway-llc,usdot-4131146,1581942,SAFEWAY LLC,SAFEWAY LLC,hhg_interstate_carrier,
CANDIDATE,4132045,fenix-infinity-transport-llc,usdot-4132045,1582488,FENIX INFINITY TRANSPORT LLC,FENIX INFINITY TRANSPORT LLC,hhg_interstate_carrier,
CANDIDATE,4132446,nimble-moving-solutions,usdot-4132446,1627255,N.M.B.C INVESTORS LLC,NIMBLE MOVING SOLUTIONS,hhg_interstate_carrier,
CANDIDATE,4134685,four-seasons-movers-llc,usdot-4134685,1584004,FOUR SEASONS MOVERS LLC,FOUR SEASONS MOVERS LLC,hhg_interstate_carrier,
CANDIDATE,4134797,osot-transportation-llc,usdot-4134797,1584064,OSOT TRANSPORTATION LLC,OSOT TRANSPORTATION LLC,hhg_interstate_carrier,
CANDIDATE,4134926,j-tl-llc,usdot-4134926,1584145,J & TL LLC,J & TL LLC,hhg_interstate_carrier,
CANDIDATE,4134991,affinity-moving-llc,usdot-4134991,1739901,AFFINITY MOVING LLC,AFFINITY MOVING LLC,hhg_interstate_carrier,
CANDIDATE,4135633,audax-moving,usdot-4135633,1584563,AUDAX MOVING AND INSTALLATION LLC,AUDAX MOVING,hhg_interstate_carrier,
CANDIDATE,4136646,imperial-trans-llc,usdot-4136646,1615934,IMPERIAL TRANS LLC,IMPERIAL TRANS LLC,hhg_interstate_carrier,
CANDIDATE,4137674,college-hunks-hauling-junk-and-college-hunks-moving-usdot-4137674,usdot-4137674,1585726,ROBB WETTA LLC,COLLEGE HUNKS HAULING JUNK AND COLLEGE HUNKS MOVING,hhg_interstate_carrier,
CANDIDATE,4138400,shamina-vanlines-llc,usdot-4138400,1586206,SHAMINA VANLINES LLC,SHAMINA VANLINES LLC,hhg_interstate_carrier,
CANDIDATE,4140690,two-men-and-a-truck-usdot-4140690,usdot-4140690,1587523,JSM ENDEAVORS LLC,TWO MEN AND A TRUCK,hhg_interstate_carrier,
CANDIDATE,4141377,ameya-investments-llc,usdot-4141377,1587938,AMEYA INVESTMENTS LLC,AMEYA INVESTMENTS LLC,hhg_interstate_carrier,
CANDIDATE,4141450,jj-peace-llc,usdot-4141450,1587977,JJ PEACE LLC,JJ PEACE LLC,hhg_interstate_carrier,
CANDIDATE,4142008,southwest-van-lines-llc,usdot-4142008,1588300,SOUTHWEST VAN LINES LLC,SOUTHWEST VAN LINES LLC,hhg_interstate_carrier,
CANDIDATE,4142587,supreme-movers-llc,usdot-4142587,1588653,SUPREME MOVERS LLC,SUPREME MOVERS LLC,hhg_interstate_carrier,
CANDIDATE,4142718,e-d-llc,usdot-4142718,1588728,E&D LLC,E&D LLC,hhg_interstate_carrier,
CANDIDATE,4142903,incorporate-by-4b-inc,usdot-4142903,1588824,INCORPORATE BY 4B INC,INCORPORATE BY 4B INC,hhg_interstate_carrier,
CANDIDATE,4143026,ag-standards-llc,usdot-4143026,1588900,AG STANDARDS LLC,AG STANDARDS LLC,hhg_interstate_carrier,
CANDIDATE,4143349,patriotic-movers-llc,usdot-4143349,1589090,"PATRIOTIC MOVERS, LLC","PATRIOTIC MOVERS, LLC",hhg_interstate_carrier,
CANDIDATE,4143661,village-pack-ship-and-movers,usdot-4143661,1589269,PRIORITIES DONE LLC,VILLAGE PACK & SHIP AND MOVERS,hhg_interstate_carrier,
CANDIDATE,4144902,magical-moving-storage-inc,usdot-4144902,1589978,MAGICAL MOVING & STORAGE INC,MAGICAL MOVING & STORAGE INC,hhg_interstate_carrier,
CANDIDATE,4145771,es-cargo,usdot-4145771,1590487,ES CARGO,ES CARGO,hhg_interstate_carrier,
CANDIDATE,4146017,the-moving-bros,usdot-4146017,1590623,OKEMOSMOVINGBROS LLC,THE MOVING BROS,hhg_interstate_carrier,
CANDIDATE,4146822,wissahickon-moving-company,usdot-4146822,1591084,WISSAHICKON MOVING COMPANY,WISSAHICKON MOVING COMPANY,hhg_interstate_carrier,
CANDIDATE,4148347,jnj-freight-llc,usdot-4148347,1591957,JNJ FREIGHT LLC,JNJ FREIGHT LLC,hhg_interstate_carrier,
CANDIDATE,4148456,america-elite-movers,usdot-4148456,1592022,LEGA-ZS ENTERPRISES LLC,AMERICA ELITE MOVERS,hhg_interstate_carrier,
CANDIDATE,4150220,coastline-moving-llc,usdot-4150220,1605271,COASTLINE MOVING LLC,COASTLINE MOVING LLC,hhg_interstate_carrier,
CANDIDATE,4150390,chicochicken-deli-and-grocery-llc,usdot-4150390,1593169,CHICOCHICKEN DELI AND GROCERY LLC,CHICOCHICKEN DELI AND GROCERY LLC,hhg_interstate_carrier,
CANDIDATE,4151123,arbella-llc,usdot-4151123,1593585,ARBELLA LLC,ARBELLA LLC,hhg_interstate_carrier,
CANDIDATE,4153772,southern-hospitality-moving-llc,usdot-4153772,1595066,SOUTHERN HOSPITALITY MOVING LLC,SOUTHERN HOSPITALITY MOVING LLC,hhg_interstate_carrier,
CANDIDATE,4154250,j-hutch-enterprises-llc,usdot-4154250,1596924,J HUTCH ENTERPRISES LLC,J HUTCH ENTERPRISES LLC,hhg_interstate_carrier,
CANDIDATE,4156074,307-moving-llc,usdot-4156074,1596344,307 MOVING LLC,307 MOVING LLC,hhg_interstate_carrier,
CANDIDATE,4156718,takeoff-total-transport,usdot-4156718,1596721,TAKEOFF TOTAL TRANSPORT LLC,TAKEOFF TOTAL TRANSPORT,hhg_interstate_carrier,
CANDIDATE,4157015,tomkat-movers-llc,usdot-4157015,1596890,TOMKAT MOVERS LLC,TOMKAT MOVERS LLC,hhg_interstate_carrier,
CANDIDATE,4157489,henrys-transportation,usdot-4157489,1597151,HENRYS TRANSPORTATION LLC,HENRYS TRANSPORTATION,hhg_interstate_carrier,
CANDIDATE,4158039,continental-van-lines,usdot-4158039,1597447,SHUTTLE LOGISTIC INC,CONTINENTAL VAN LINES,hhg_interstate_carrier,
CANDIDATE,4158953,high-volume-llc,usdot-4158953,1597961,HIGH VOLUME LLC,HIGH VOLUME LLC,hhg_interstate_carrier,
CANDIDATE,4161235,moovers-inc,usdot-4161235,1599091,MOOVERS INC,MOOVERS INC,hhg_interstate_carrier,
CANDIDATE,4161626,azconax-factory-llc,usdot-4161626,1599314,AZCONAX FACTORY LLC,AZCONAX FACTORY LLC,hhg_interstate_carrier,
CANDIDATE,4162700,barre-logistic-llc,usdot-4162700,1599876,BARRE LOGISTIC LLC,BARRE LOGISTIC LLC,hhg_interstate_carrier,
CANDIDATE,4164329,j-d-haulers-llc,usdot-4164329,1600748,J & D HAULERS LLC,J & D HAULERS LLC,hhg_interstate_carrier,
CANDIDATE,4164894,cyrus-express,usdot-4164894,1601043,DAVOUD DAVOODNIA,CYRUS EXPRESS,hhg_interstate_carrier,
CANDIDATE,4165159,team-b-llc,usdot-4165159,1601186,TEAM B LLC,TEAM B LLC,hhg_interstate_carrier,
CANDIDATE,4166283,dba-a2b-movers,usdot-4166283,1726962,ROCKET MOVERS LLC,DBA A2B MOVERS,hhg_interstate_carrier,
CANDIDATE,4167198,tiger-pause-youth-ministry,usdot-4167198,1602182,BEAVER FALLS YOUTH NETWORK INC,TIGER PAUSE YOUTH MINISTRY,hhg_interstate_carrier,
CANDIDATE,4168341,cullen-moving-storage-llc,usdot-4168341,1685050,CULLEN MOVING & STORAGE LLC,CULLEN MOVING & STORAGE LLC,hhg_interstate_carrier,
CANDIDATE,4169102,sbs-moving-corp,usdot-4169102,1603244,SBS MOVING CORP,SBS MOVING CORP,hhg_interstate_carrier,
CANDIDATE,4171835,agility-enterprises-inc,usdot-4171835,1604764,AGILITY ENTERPRISES INC,AGILITY ENTERPRISES INC,hhg_interstate_carrier,
CANDIDATE,4172080,perpetuum-moving-llc,usdot-4172080,1604917,PERPETUUM MOVING LLC,PERPETUUM MOVING LLC,hhg_interstate_carrier,
CANDIDATE,4172194,amwest-movers-inc,usdot-4172194,1604978,AMWEST MOVERS INC,AMWEST MOVERS INC,hhg_interstate_carrier,
CANDIDATE,4173601,naya-b-transport-llc,usdot-4173601,1605752,NAYA B TRANSPORT LLC,NAYA B TRANSPORT LLC,hhg_interstate_carrier,
CANDIDATE,4175565,cc-freight,usdot-4175565,1606810,CC FREIGHT LLC,CC FREIGHT,hhg_interstate_carrier,
CANDIDATE,4176418,tlc-moving-llc,usdot-4176418,1607246,TLC MOVING LLC,TLC MOVING LLC,hhg_interstate_carrier,
CANDIDATE,4177045,drk-transport-llc,usdot-4177045,1247784,DRK TRANSPORT LLC,DRK TRANSPORT LLC,hhg_interstate_carrier,
CANDIDATE,4177107,trust-a-fro-moving-llc,usdot-4177107,1607620,TRUST A FRO MOVING LLC,TRUST A FRO MOVING LLC,hhg_interstate_carrier,
CANDIDATE,4177793,sts-moving-inc,usdot-4177793,1607996,STS MOVING INC,STS MOVING INC,hhg_interstate_carrier,
CANDIDATE,4178079,hoekstra-moving-company-llc,usdot-4178079,1608145,HOEKSTRA MOVING COMPANY LLC.,HOEKSTRA MOVING COMPANY LLC.,hhg_interstate_carrier,
CANDIDATE,4178232,b-and-a-movers-llc,usdot-4178232,1608225,B AND A MOVERS LLC,B AND A MOVERS LLC,hhg_interstate_carrier,
CANDIDATE,4179221,highway-hog-inc,usdot-4179221,1608761,HIGHWAY HOG INC,HIGHWAY HOG INC,hhg_interstate_carrier,
CANDIDATE,4179281,white-glove-moving-logistics,usdot-4179281,1608794,SKYLINE CONCEPTS LLC,WHITE GLOVE MOVING & LOGISTICS,hhg_interstate_carrier,
CANDIDATE,4179978,lower-48-transportation,usdot-4179978,1609170,LOWER48TRANSPORTATION LLC,LOWER 48 TRANSPORTATION,hhg_interstate_carrier,
CANDIDATE,4180331,browns-moving-and-storage-llc,usdot-4180331,1609353,BROWNS MOVING AND STORAGE LLC,BROWNS MOVING AND STORAGE LLC,hhg_interstate_carrier,
CANDIDATE,4180513,h-n-moving-storage-llc,usdot-4180513,1609446,H N MOVING & STORAGE LLC,H N MOVING & STORAGE LLC,hhg_interstate_carrier,
CANDIDATE,4181153,y-h-transport-llc,usdot-4181153,1609824,Y&H TRANSPORT LLC,Y&H TRANSPORT LLC,hhg_interstate_carrier,
CANDIDATE,4181394,away-we-go-moving-llc,usdot-4181394,1632120,AWAY WE GO MOVING LLC,AWAY WE GO MOVING LLC,hhg_interstate_carrier,
CANDIDATE,4181707,david-sons-moving-and-trucking,usdot-4181707,1610134,SAGE AIO LLC,DAVID & SONS MOVING AND TRUCKING,hhg_interstate_carrier,
CANDIDATE,4181773,two-men-and-a-truck-idaho-falls,usdot-4181773,1610167,ON THE TRAIL LLC,TWO MEN AND A TRUCK IDAHO FALLS,hhg_interstate_carrier,
CANDIDATE,4182047,reloq-moving-services-llc,usdot-4182047,1623651,RELOQ MOVING SERVICES LLC,RELOQ MOVING SERVICES LLC,hhg_interstate_carrier,
CANDIDATE,4182641,liberity-llc,usdot-4182641,1619770,LIBERITY LLC,LIBERITY LLC,hhg_interstate_carrier,
CANDIDATE,4182848,pride-moving-storage-of-colorado-inc,usdot-4182848,1610755,PRIDE MOVING & STORAGE OF COLORADO INC,PRIDE MOVING & STORAGE OF COLORADO INC,hhg_interstate_carrier,
CANDIDATE,4184342,elegant-moving-llc,usdot-4184342,1611556,ELEGANT MOVING LLC,ELEGANT MOVING LLC,hhg_interstate_carrier,
CANDIDATE,4184380,ger-art-services,usdot-4184380,1611577,GER ART LLC,GER ART SERVICES,hhg_interstate_carrier,
CANDIDATE,4184632,billionaire-beezze-enteprise-llc,usdot-4184632,1611704,BILLIONAIRE BEEZZE ENTEPRISE LLC,BILLIONAIRE BEEZZE ENTEPRISE LLC,hhg_interstate_carrier,
CANDIDATE,4184959,college-hunks-moving-of-greater-naperville,usdot-4184959,1611891,KLICO LLC,COLLEGE HUNKS MOVING OF GREATER NAPERVILLE,hhg_interstate_carrier,
CANDIDATE,4185618,boa-cargo-transport-company,usdot-4185618,1612257,BOA CARGO TRANSPORT COMPANY,BOA CARGO TRANSPORT COMPANY,hhg_interstate_carrier,
CANDIDATE,4185908,desi-moving-services-llc,usdot-4185908,1612423,DESI MOVING SERVICES LLC,DESI MOVING SERVICES LLC,hhg_interstate_carrier,
CANDIDATE,4186293,a-j-moving-co,usdot-4186293,1612610,A&J MOVING CO,A&J MOVING CO,hhg_interstate_carrier,
CANDIDATE,4186484,millennial-enterprises-llc,usdot-4186484,1612708,MILLENNIAL ENTERPRISES LLC,MILLENNIAL ENTERPRISES LLC,hhg_interstate_carrier,
CANDIDATE,4186682,redline-van-lines-llc,usdot-4186682,1612810,REDLINE VAN LINES LLC,REDLINE VAN LINES LLC,hhg_interstate_carrier,
CANDIDATE,4187188,etx-moving-llc,usdot-4187188,1792892,ETX MOVING LLC,ETX MOVING LLC,hhg_interstate_carrier,
CANDIDATE,4188105,richard-s-transport-llc,usdot-4188105,1618034,RICHARD'S TRANSPORT LLC,RICHARD'S TRANSPORT LLC,hhg_interstate_carrier,
CANDIDATE,4188142,sgtr-llc,usdot-4188142,1613582,SGTR LLC,SGTR LLC,hhg_interstate_carrier,
CANDIDATE,4188503,giral-transport-llc,usdot-4188503,1638195,GIRAL TRANSPORT LLC,GIRAL TRANSPORT LLC,hhg_interstate_carrier,
CANDIDATE,4188756,starr-s-mill-movers-llc,usdot-4188756,1613926,STARR'S MILL MOVERS LLC,STARR'S MILL MOVERS LLC,hhg_interstate_carrier,
CANDIDATE,4189358,rollin-rentals-llc,usdot-4189358,1614271,ROLLIN RENTALS LLC,ROLLIN RENTALS LLC,hhg_interstate_carrier,
CANDIDATE,4189560,college-hunks-hauling-junk-moving-usdot-4189560,usdot-4189560,1614370,DOMUS PARTNERSHIPS INCORPORATED,COLLEGE HUNKS HAULING JUNK & MOVING,hhg_interstate_carrier,
CANDIDATE,4189704,simsim-moving-llc,usdot-4189704,1614447,SIMSIM MOVING LLC,SIMSIM MOVING LLC,hhg_interstate_carrier,
CANDIDATE,4189760,barnett-unlimited-inc,usdot-4189760,1614485,BARNETT UNLIMITED INC,BARNETT UNLIMITED INC,hhg_interstate_carrier,
CANDIDATE,4190929,swift-movers-inc,usdot-4190929,1615141,SWIFT MOVERS INC,SWIFT MOVERS INC,hhg_interstate_carrier,
CANDIDATE,4192857,alaska-freight-and-snow-llc,usdot-4192857,1616173,ALASKA FREIGHT AND SNOW LLC,ALASKA FREIGHT AND SNOW LLC,hhg_interstate_carrier,
CANDIDATE,4193618,pink-zebra-of-chesterfield-mo,usdot-4193618,1616574,PEC MOVING LLC,PINK ZEBRA OF CHESTERFIELD MO,hhg_interstate_carrier,
CANDIDATE,4193989,monix-services-llc,usdot-4193989,1616760,MONIX SERVICES LLC,MONIX SERVICES LLC,hhg_interstate_carrier,
CANDIDATE,4194728,two-men-and-a-truck-riverside,usdot-4194728,1617148,FAROZOE INC,TWO MEN AND A TRUCK RIVERSIDE,hhg_interstate_carrier,
CANDIDATE,4194857,moving-team-six-usdot-4194857,usdot-4194857,1617224,MT6 MIDWEST LLC,MOVING TEAM SIX,hhg_interstate_carrier,
CANDIDATE,4195662,dreamers-moving-and-storage-llc,usdot-4195662,1617653,DREAMERS MOVING AND STORAGE LLC,DREAMERS MOVING AND STORAGE LLC,hhg_interstate_carrier,
CANDIDATE,4195768,pink-zebra-moving-of-mobile-al,usdot-4195768,1617717,LIGHT STRIPED HORSE LLC,PINK ZEBRA MOVING OF MOBILE AL,hhg_interstate_carrier,
CANDIDATE,4196095,nol-llc,usdot-4196095,1617887,NOL LLC,NOL LLC,hhg_interstate_carrier,
CANDIDATE,4196737,moving-with-a-vision,usdot-4196737,1618247,A-VISION SERVICES LLC,MOVING WITH A VISION,hhg_interstate_carrier,
CANDIDATE,4197190,two-men-and-a-truck-helena-bozeman,usdot-4197190,1618504,GATEWAY MOVERS LLC,TWO MEN AND A TRUCK HELENA BOZEMAN,hhg_interstate_carrier,
CANDIDATE,4197415,adam-s-moving,usdot-4197415,1618630,SENT HOLDINGS,ADAM'S MOVING,hhg_interstate_carrier,
CANDIDATE,4197418,mondak-groundskeepers-llc,usdot-4197418,1618631,MONDAK GROUNDSKEEPERS LLC,MONDAK GROUNDSKEEPERS LLC,hhg_interstate_carrier,
CANDIDATE,4198667,c-l-moving-llc,usdot-4198667,1619351,C&L MOVING LLC,C&L MOVING LLC,hhg_interstate_carrier,
CANDIDATE,4200107,design-district-services-llc,usdot-4200107,1620202,DESIGN DISTRICT SERVICES LLC,DESIGN DISTRICT SERVICES LLC,hhg_interstate_carrier,
CANDIDATE,4200417,m-f-b-transport-corp,usdot-4200417,1620383,M F B TRANSPORT CORP,M F B TRANSPORT CORP,hhg_interstate_carrier,
CANDIDATE,4200845,felton-moving-llc,usdot-4200845,1620617,FELTON MOVING LLC,FELTON MOVING LLC,hhg_interstate_carrier,
CANDIDATE,4201448,617-boston-movers-llc,usdot-4201448,1620949,617 BOSTON MOVERS LLC,617 BOSTON MOVERS LLC,hhg_interstate_carrier,
CANDIDATE,4202981,styles-moving-llc,usdot-4202981,1621808,STYLES MOVING LLC,STYLES MOVING LLC,hhg_interstate_carrier,
CANDIDATE,4203185,rtr-ventures-llc,usdot-4203185,1621927,RTR VENTURES LLC,RTR VENTURES LLC,hhg_interstate_carrier,
CANDIDATE,4203296,hand-s-on-deck-moving-company-llc,usdot-4203296,1621983,HAND'S ON DECK MOVING COMPANY LLC,HAND'S ON DECK MOVING COMPANY LLC,hhg_interstate_carrier,
CANDIDATE,4204307,as-routeready-movers-llc,usdot-4204307,1622513,AS ROUTEREADY MOVERS LLC,AS ROUTEREADY MOVERS LLC,hhg_interstate_carrier,
CANDIDATE,4205043,low-cost-movers-and-storage-inc,usdot-4205043,1622884,LOW COST MOVERS INC,LOW COST MOVERS AND STORAGE INC,hhg_interstate_carrier,
CANDIDATE,4205069,w-moving-corp,usdot-4205069,1622903,W MOVING CORP,W MOVING CORP,hhg_interstate_carrier,
CANDIDATE,4205686,kms-cincinnati-llc,usdot-4205686,1623243,KMS CINCINNATI LLC,KMS CINCINNATI LLC,hhg_interstate_carrier,
CANDIDATE,4206276,1-800-packouts-of-southeast-massachusetts,usdot-4206276,1623549,WICKED CS LLC,1-800-PACKOUTS OF SOUTHEAST MASSACHUSETTS,hhg_interstate_carrier,
CANDIDATE,4207148,two-men-and-a-truck-usdot-4207148,usdot-4207148,1637978,"BAMIRA MOVERS, LLC",TWO MEN AND A TRUCK,hhg_interstate_carrier,
CANDIDATE,4207200,liam-marcus-inc,usdot-4207200,1624062,LIAM MARCUS INC,LIAM MARCUS INC,hhg_interstate_carrier,
CANDIDATE,4207752,newby-s-llc,usdot-4207752,1624357,NEWBY & S LLC,NEWBY & S LLC,hhg_interstate_carrier,
CANDIDATE,4208991,myers-bucking-bulls-llc,usdot-4208991,1625061,MYERS BUCKING BULLS LLC,MYERS BUCKING BULLS LLC,hhg_interstate_carrier,
CANDIDATE,4209055,butler-warren-llc,usdot-4209055,1625091,BUTLER WARREN LLC,BUTLER WARREN LLC,hhg_interstate_carrier,
CANDIDATE,4210213,athena-s-transport-llc,usdot-4210213,1625688,ATHENA'S TRANSPORT LLC,ATHENA'S TRANSPORT LLC,hhg_interstate_carrier,
CANDIDATE,4210414,art-paul-forwarders-inc,usdot-4210414,,ART & PAUL FORWARDERS INC.,ART & PAUL FORWARDERS INC.,hhg_interstate_carrier,
CANDIDATE,4210806,o-brien-moving-company,usdot-4210806,1810637,O'BRIEN MOVING COMPANY,O'BRIEN MOVING COMPANY,hhg_interstate_carrier,
CANDIDATE,4211309,movezilla-moving-llc,usdot-4211309,1626275,MOVEZILLA MOVING LLC,MOVEZILLA MOVING LLC,hhg_interstate_carrier,
CANDIDATE,4211689,devaughan-mpg-llc,usdot-4211689,1626487,DEVAUGHAN MPG LLC,DEVAUGHAN MPG LLC,hhg_interstate_carrier,
CANDIDATE,4213780,ursa-cargo-llc,usdot-4213780,1627603,URSA CARGO LLC,URSA CARGO LLC,hhg_interstate_carrier,
CANDIDATE,4215104,burgess-moving-storage,usdot-4215104,1628281,INLAND MOVING & STORAGE CO INC,BURGESS MOVING & STORAGE,hhg_interstate_carrier,
CANDIDATE,4215665,arrowtrack-transport-llc,usdot-4215665,1628588,ARROWTRACK TRANSPORT LLC,ARROWTRACK TRANSPORT LLC,hhg_interstate_carrier,
CANDIDATE,4216559,marsh-enterprises-llc,usdot-4216559,1629094,MARSH ENTERPRISES LLC,MARSH ENTERPRISES LLC,hhg_interstate_carrier,
CANDIDATE,4216791,belka-corporation,usdot-4216791,1629196,BELKA CORPORATION,BELKA CORPORATION,hhg_interstate_carrier,
CANDIDATE,4216826,kiing-z-llc,usdot-4216826,1673896,KIING'Z LLC,KIING'Z LLC,hhg_interstate_carrier,
CANDIDATE,4217196,duval-enterprise,usdot-4217196,1629417,CETIN TASKENT,DUVAL ENTERPRISE,hhg_interstate_carrier,
CANDIDATE,4217826,mango-madness-moving-llc,usdot-4217826,1629778,MANGO MADNESS MOVING LLC,MANGO MADNESS MOVING LLC,hhg_interstate_carrier,
CANDIDATE,4218302,venom-freight-llc,usdot-4218302,1630057,VENOM FREIGHT LLC,VENOM FREIGHT LLC,hhg_interstate_carrier,
CANDIDATE,4218400,lion-freight-logistic-llc,usdot-4218400,1630104,LION FREIGHT LOGISTIC LLC,LION FREIGHT LOGISTIC LLC,hhg_interstate_carrier,
CANDIDATE,42189,able-moving-storage-co-inc,usdot-42189,140160,"ABLE MOVING & STORAGE CO., INC.","ABLE MOVING & STORAGE CO., INC.",hhg_interstate_carrier,
CANDIDATE,4219243,zipmoving-llc,usdot-4219243,1630584,ZIPMOVING LLC,ZIPMOVING LLC,hhg_interstate_carrier,
CANDIDATE,4219380,crenshaw-tnt-llc,usdot-4219380,1630653,CRENSHAW TNT LLC,CRENSHAW TNT LLC,hhg_interstate_carrier,
CANDIDATE,422195,englebert-s-moving-storage-inc,usdot-422195,764829,"ENGLEBERT'S MOVING & STORAGE, INC.","ENGLEBERT'S MOVING & STORAGE, INC.",hhg_interstate_carrier,
CANDIDATE,4222982,liannie-llc,usdot-4222982,1632563,LIANNIE LLC,LIANNIE LLC,hhg_interstate_carrier,
CANDIDATE,4223665,select-moving-company-llc,usdot-4223665,1632956,SELECT MOVING COMPANY LLC,SELECT MOVING COMPANY LLC,hhg_interstate_carrier,
CANDIDATE,4224104,mainland-connection,usdot-4224104,1633175,ISLAND VIEW HOLDINGS LLC,MAINLAND CONNECTION,hhg_interstate_carrier,
CANDIDATE,4224975,sloan-s-moving-and-storage-inc,usdot-4224975,1633611,SLOAN'S MOVING AND STORAGE INC.,SLOAN'S MOVING AND STORAGE INC.,hhg_interstate_carrier,
CANDIDATE,4225367,gamers-professional-movers,usdot-4225367,1633811,EFECAS LLC,GAMERS PROFESSIONAL MOVERS,hhg_interstate_carrier,
CANDIDATE,4225917,david-sick-trucking,usdot-4225917,1634123,DAVID SICK,DAVID SICK TRUCKING,hhg_interstate_carrier,
CANDIDATE,4225994,gray-wolf-transport-llc,usdot-4225994,1634166,GRAY WOLF TRANSPORT LLC,GRAY WOLF TRANSPORT LLC,hhg_interstate_carrier,
CANDIDATE,4226143,r-r-expert-movers-llc,usdot-4226143,1634266,R&R EXPERT MOVERS LLC,R&R EXPERT MOVERS LLC,hhg_interstate_carrier,
CANDIDATE,4226385,h-l-moving-services,usdot-4226385,1655400,H&L MOVING SERVICES LLC,H&L MOVING SERVICES,hhg_interstate_carrier,
CANDIDATE,4226421,stellar-transportation-llc,usdot-4226421,1634433,STELLAR TRANSPORTATION LLC,STELLAR TRANSPORTATION LLC,hhg_interstate_carrier,
CANDIDATE,4228789,movers-ultimate,usdot-4228789,1635700,MOVERS ULTIMATE MOVING LLC,MOVERS ULTIMATE,hhg_interstate_carrier,
CANDIDATE,4229662,intrepid-movers-of-southern-illinois,usdot-4229662,1636183,INTREPID MOVERS OF SOUTHERN ILLINOIS,INTREPID MOVERS OF SOUTHERN ILLINOIS,hhg_interstate_carrier,
CANDIDATE,4229770,college-hunks-moving-usdot-4229770,usdot-4229770,1636239,TSTR SERVICES LLC,COLLEGE HUNKS MOVING,hhg_interstate_carrier,
CANDIDATE,4230203,coach-trans-llc,usdot-4230203,1636486,COACH TRANS LLC,COACH TRANS LLC,hhg_interstate_carrier,
CANDIDATE,4230476,live-junkless,usdot-4230476,1636643,LIVE JUNKLESS LLC,LIVE JUNKLESS,hhg_interstate_carrier,
CANDIDATE,4231183,two-men-and-a-truck-tri-cities,usdot-4231183,1636986,THE APODACA GROUP MOVING & STORAGE,TWO MEN AND A TRUCK TRI-CITIES,hhg_interstate_carrier,
CANDIDATE,4233046,kd-relocation-solutions,usdot-4233046,1638370,KESHA A DAVIS LLC,KD RELOCATION SOLUTIONS,hhg_interstate_carrier,
CANDIDATE,4233288,bluebird-self-storage,usdot-4233288,1638118,BLUEBIRD STORAGE LLC,BLUEBIRD SELF STORAGE,hhg_interstate_carrier,
CANDIDATE,4233333,agios-ioannis-llc,usdot-4233333,1638143,AGIOS IOANNIS LLC,AGIOS IOANNIS LLC,hhg_interstate_carrier,
CANDIDATE,4234710,knockout-movers-llc,usdot-4234710,1638899,KNOCKOUT MOVERS LLC,KNOCKOUT MOVERS LLC,hhg_interstate_carrier,
CANDIDATE,4235179,hardenbergh-property-management-llc,usdot-4235179,1570131,HARDENBERGH PROPERTY MANAGEMENT LLC,HARDENBERGH PROPERTY MANAGEMENT LLC,hhg_interstate_carrier,
CANDIDATE,4236418,vaga-ii-inc,usdot-4236418,1639828,VAGA II INC,VAGA II INC,hhg_interstate_carrier,
CANDIDATE,4237257,carters-communications,usdot-4237257,1643027,CARTERS COMMUNICATION,CARTERS COMMUNICATIONS,hhg_interstate_carrier,
CANDIDATE,4237572,national-relo-movers,usdot-4237572,1640482,AW MOVING LLC,NATIONAL RELO MOVERS,hhg_interstate_carrier,
CANDIDATE,4239548,hunters-transportations,usdot-4239548,1641601,CONSULTANTS & HUNTERS UNITED LLC,HUNTERS TRANSPORTATIONS,hhg_interstate_carrier,
CANDIDATE,4241016,nomadik-moving-and-storage-inc,usdot-4241016,1687238,NOMADIK MOVING AND STORAGE INC,NOMADIK MOVING AND STORAGE INC,hhg_interstate_carrier,
CANDIDATE,4241276,steven-s-logistic-llc,usdot-4241276,1642502,STEVEN'S LOGISTIC LLC,STEVEN'S LOGISTIC LLC,hhg_interstate_carrier,
CANDIDATE,42415,liberty-transportation-and-storage-company-inc,usdot-42415,75522,"LIBERTY TRANSPORTATION AND STORAGE COMPANY, INC.","LIBERTY TRANSPORTATION AND STORAGE COMPANY, INC.",hhg_interstate_carrier,
CANDIDATE,4241681,binding-moving-and-storage-llc,usdot-4241681,1642720,BINDING MOVING AND STORAGE LLC,BINDING MOVING AND STORAGE LLC,hhg_interstate_carrier,
CANDIDATE,4242594,spatterson-enterprises-llc,usdot-4242594,1643225,SPATTERSON ENTERPRISES LLC,SPATTERSON ENTERPRISES LLC,hhg_interstate_carrier,
CANDIDATE,4243566,eden-logsar-inc,usdot-4243566,1654074,EDEN LOGSAR INC,EDEN LOGSAR INC,hhg_interstate_carrier,
CANDIDATE,4243595,grizzly-movers,usdot-4243595,1750967,GRIZZLY MOVERS LLC,GRIZZLY MOVERS,hhg_interstate_carrier,
CANDIDATE,4243843,handna-llc,usdot-4243843,1643863,HANDNA LLC,HANDNA LLC,hhg_interstate_carrier,
CANDIDATE,4244137,dagl-trans-llc,usdot-4244137,1644039,DAGL TRANS LLC,DAGL TRANS LLC,hhg_interstate_carrier,
CANDIDATE,4244505,all-the-right-moves-moving-storage-llc-intercept-uncommon,usdot-4244505,50047,KARY HOLDINGS LLC,ALL THE RIGHT MOVES MOVING & STORAGE LLC|INTERCEPT UNCOMMON,hhg_interstate_carrier,
CANDIDATE,4244623,prime-moving-boston-llc,usdot-4244623,1649949,PRIME MOVING BOSTON LLC,PRIME MOVING BOSTON LLC,hhg_interstate_carrier,
CANDIDATE,4244807,maverick-ltl-inc,usdot-4244807,1644440,MAVERICK LTL INC,MAVERICK LTL INC,hhg_interstate_carrier,
CANDIDATE,4245255,lc-company-llc,usdot-4245255,1644706,LC & COMPANY LLC,LC & COMPANY LLC,hhg_interstate_carrier,
CANDIDATE,4246517,rene-transport-llc,usdot-4246517,1645376,RENE TRANSPORT LLC,RENE TRANSPORT LLC,hhg_interstate_carrier,
CANDIDATE,4246701,two-men-and-a-truck-usdot-4246701,usdot-4246701,1645473,PCL ZANESVILLE LLC,TWO MEN AND A TRUCK,hhg_interstate_carrier,
CANDIDATE,4247005,cobra-us-cargo-llc,usdot-4247005,1645621,COBRA US CARGO LLC,COBRA US CARGO LLC,hhg_interstate_carrier,
CANDIDATE,4247378,apex-cargo-trans,usdot-4247378,1645833,APEX CARGO TRANS,APEX CARGO TRANS,hhg_interstate_carrier,
CANDIDATE,4247590,shannee-prudeaux,usdot-4247590,1645952,SHANNEE PRUDEAUX,SHANNEE PRUDEAUX,hhg_interstate_carrier,
CANDIDATE,4248604,dynamic-courier-llc,usdot-4248604,1646507,DYNAMIC COURIER LLC,DYNAMIC COURIER LLC,hhg_interstate_carrier,
CANDIDATE,4248839,packmark-moving-inc,usdot-4248839,1646621,PACKMARK MOVING INC,PACKMARK MOVING INC,hhg_interstate_carrier,
CANDIDATE,4249001,two-men-and-a-truck-usdot-4249001,usdot-4249001,1646708,RANCHLAND MOVING LLC,TWO MEN AND A TRUCK,hhg_interstate_carrier,
CANDIDATE,4249168,primo-moving-llc,usdot-4249168,1646794,PRIMO MOVING LLC,PRIMO MOVING LLC,hhg_interstate_carrier,
CANDIDATE,4249354,raage-transportation,usdot-4249354,1646895,NUR RAGE,RAAGE TRANSPORTATION,hhg_interstate_carrier,
CANDIDATE,4249383,moving,usdot-4249383,1646914,LIKE A MAGIC MOVERS CORP,MOVING,hhg_interstate_carrier,
CANDIDATE,4249469,pink-zebra-moving-of-grand-rapids,usdot-4249469,1646966,MIKEY'S MOVERS LLC,PINK ZEBRA MOVING OF GRAND RAPIDS,hhg_interstate_carrier,
CANDIDATE,4249596,d-b-logistic,usdot-4249596,1647020,D&B LOGISTIC,D&B LOGISTIC,hhg_interstate_carrier,
CANDIDATE,4250787,cap-moving-llc,usdot-4250787,1647664,CAP MOVING LLC,CAP MOVING LLC,hhg_interstate_carrier,
CANDIDATE,4251163,nationwide-relocation-van-lines,usdot-4251163,1647865,EAST VAN LINES LLC,NATIONWIDE RELOCATION VAN LINES,hhg_interstate_carrier,
CANDIDATE,4252111,xclusive-movers-llc,usdot-4252111,1648375,XCLUSIVE MOVERS LLC,XCLUSIVE MOVERS LLC,hhg_interstate_carrier,
CANDIDATE,4253242,continental-moving-company-llc,usdot-4253242,1648989,CONTINENTAL MOVING COMPANY LLC,CONTINENTAL MOVING COMPANY LLC,hhg_interstate_carrier,
CANDIDATE,4253453,pjs-fl-llc,usdot-4253453,1649110,PJS FL LLC,PJS FL LLC,hhg_interstate_carrier,
CANDIDATE,4253894,g11-transport-llc,usdot-4253894,1649356,G11 TRANSPORT LLC,G11 TRANSPORT LLC,hhg_interstate_carrier,
CANDIDATE,4254008,asia-moving-llc,usdot-4254008,1649417,ASIA MOVING LLC,ASIA MOVING LLC,hhg_interstate_carrier,
CANDIDATE,4254241,jl-moving-storage-corp,usdot-4254241,1649548,JL MOVING & STORAGE CORP,JL MOVING & STORAGE CORP,hhg_interstate_carrier,
CANDIDATE,4254319,your-movers-llc,usdot-4254319,1707248,YOUR MOVERS LLC,YOUR MOVERS LLC,hhg_interstate_carrier,
CANDIDATE,4254514,i-mobili-moving-storage,usdot-4254514,1649690,ALENRO LLC,I MOBILI MOVING & STORAGE,hhg_interstate_carrier,
CANDIDATE,4254635,base-movers-llc,usdot-4254635,1649749,BASE MOVERS LLC,BASE MOVERS LLC,hhg_interstate_carrier,
CANDIDATE,4256547,loyal-moving-and-storage-llc,usdot-4256547,1650753,LOYAL MOVING AND STORAGE LLC,LOYAL MOVING AND STORAGE LLC,hhg_interstate_carrier,
CANDIDATE,4256765,advanced-moving-716-llc,usdot-4256765,1655127,ADVANCED MOVING 716 LLC,ADVANCED MOVING 716 LLC,hhg_interstate_carrier,
CANDIDATE,4258344,skd-global-inc,usdot-4258344,1651752,SKD GLOBAL INC,SKD GLOBAL INC,hhg_interstate_carrier,
CANDIDATE,4258445,odp-transportation-llc,usdot-4258445,1671633,ODP TRANSPORTATION LLC,ODP TRANSPORTATION LLC,hhg_interstate_carrier,
CANDIDATE,4258474,jts-rentals-limited,usdot-4258474,1651814,JTS RENTALS LIMITED,JTS RENTALS LIMITED,hhg_interstate_carrier,
CANDIDATE,4261640,drake-cleanouts-moving-llc,usdot-4261640,1653572,DRAKE CLEANOUTS & MOVING LLC,DRAKE CLEANOUTS & MOVING LLC,hhg_interstate_carrier,
CANDIDATE,4261797,jams-moving-specialists,usdot-4261797,1653666,JAMS MOVING SPECIALISTS,JAMS MOVING SPECIALISTS,hhg_interstate_carrier,
CANDIDATE,4262499,two-men-and-a-truck-usdot-4262499,usdot-4262499,1673038,SKYRUS INC,TWO MEN AND A TRUCK,hhg_interstate_carrier,
CANDIDATE,4263157,pride-moving-storage,usdot-4263157,1654424,PRIDE MOVING & STORAGE,PRIDE MOVING & STORAGE,hhg_interstate_carrier,
CANDIDATE,4263449,molly-movers-llc,usdot-4263449,1654590,MOLLY MOVERS LLC,MOLLY MOVERS LLC,hhg_interstate_carrier,
CANDIDATE,4263787,lopez-moving-services-llc,usdot-4263787,1654816,LOPEZ MOVING SERVICES LLC,LOPEZ MOVING SERVICES LLC,hhg_interstate_carrier,
CANDIDATE,4264678,tera-moving-services-llc,usdot-4264678,1655284,TERA MOVING SERVICES LLC,TERA MOVING SERVICES LLC,hhg_interstate_carrier,
CANDIDATE,4265318,district-blessed-llc,usdot-4265318,1655636,DISTRICT BLESSED LLC,DISTRICT BLESSED LLC,hhg_interstate_carrier,
CANDIDATE,4266299,let-s-get-moving-ny-inc,usdot-4266299,1656163,LET'S GET MOVING NY INC,LET'S GET MOVING NY INC,hhg_interstate_carrier,
CANDIDATE,4266653,shiftcash-llc,usdot-4266653,1656330,SHIFTCASH LLC,SHIFTCASH LLC,hhg_interstate_carrier,
CANDIDATE,4267320,edson-s-movers-llc,usdot-4267320,1674417,EDSON'S MOVERS LLC,EDSON'S MOVERS LLC,hhg_interstate_carrier,
CANDIDATE,4267982,hamrick-trucking,usdot-4267982,1657070,HAMRICK ENTERPRISES LLC,HAMRICK TRUCKING,hhg_interstate_carrier,
CANDIDATE,4268320,moveking-llc,usdot-4268320,1657254,MOVEKING LLC,MOVEKING LLC,hhg_interstate_carrier,
CANDIDATE,4268482,milestone-services-llc,usdot-4268482,1657337,MILESTONE SERVICES LLC,MILESTONE SERVICES LLC,hhg_interstate_carrier,
CANDIDATE,4268502,bjd-farms-llc,usdot-4268502,1657348,BJD FARMS LLC,BJD FARMS LLC,hhg_interstate_carrier,
CANDIDATE,4268977,rapidrelo-inc,usdot-4268977,1657592,RAPIDRELO INC,RAPIDRELO INC,hhg_interstate_carrier,
CANDIDATE,4271191,adco-van-storage-of-illinois-llc,usdot-4271191,1658793,ADCO VAN & STORAGE OF ILLINOIS LLC,ADCO VAN & STORAGE OF ILLINOIS LLC,hhg_interstate_carrier,
CANDIDATE,4271830,inmove-llc,usdot-4271830,1682211,INMOVE LLC,INMOVE LLC,hhg_interstate_carrier,
CANDIDATE,4272066,cisco-s-moving-services-inc,usdot-4272066,1659264,"CISCO'S MOVING SERVICES, INC","CISCO'S MOVING SERVICES, INC",hhg_interstate_carrier,
CANDIDATE,4272248,fleximove-llc,usdot-4272248,1659366,FLEXIMOVE LLC,FLEXIMOVE LLC,hhg_interstate_carrier,
CANDIDATE,4272331,moveit-inc,usdot-4272331,1659407,MOVEIT INC,MOVEIT INC,hhg_interstate_carrier,
CANDIDATE,4272952,warrior-ranch-1775-llc,usdot-4272952,1659735,WARRIOR RANCH 1775 LLC,WARRIOR RANCH 1775 LLC,hhg_interstate_carrier,
CANDIDATE,4274066,show-me-movers,usdot-4274066,1660351,REDDEN MOVING LLC,SHOW ME MOVERS,hhg_interstate_carrier,
CANDIDATE,4274305,jj-relm-llc,usdot-4274305,1660482,JJ RELM LLC,JJ RELM LLC,hhg_interstate_carrier,
CANDIDATE,4275679,team-dbb-llc,usdot-4275679,1661221,TEAM DBB LLC,TEAM DBB LLC,hhg_interstate_carrier,
CANDIDATE,4277368,smoothmoversllc,usdot-4277368,1662169,SMOOTHMOVERSLLC,SMOOTHMOVERSLLC,hhg_interstate_carrier,
CANDIDATE,4277748,j-bar-d-transport,usdot-4277748,1662353,J BAR D ENTERPRISES LLC,J BAR D TRANSPORT,hhg_interstate_carrier,
CANDIDATE,4278579,jet-movers-llc,usdot-4278579,1662814,JET MOVERS LLC,JET MOVERS LLC,hhg_interstate_carrier,
CANDIDATE,4279747,vets4hauling-llc,usdot-4279747,1663461,VETS4HAULING LLC,VETS4HAULING LLC,hhg_interstate_carrier,
CANDIDATE,4280260,two-men-and-a-junk-truck,usdot-4280260,1731234,J-BRO ENTERPRISES LLC,TWO MEN AND A JUNK TRUCK,hhg_interstate_carrier,
CANDIDATE,4280676,cdl-transportation-llc,usdot-4280676,1663956,CDL TRANSPORTATION LLC,CDL TRANSPORTATION LLC,hhg_interstate_carrier,
CANDIDATE,4281389,a-j-moving-services-inc,usdot-4281389,1664385,A&J MOVING SERVICES INC,A&J MOVING SERVICES INC,hhg_interstate_carrier,
CANDIDATE,4281705,two-men-and-a-truck-usdot-4281705,usdot-4281705,1664544,TMT GRAND JUNCTION LLC,TWO MEN AND A TRUCK,hhg_interstate_carrier,
CANDIDATE,4281920,ivy-league,usdot-4281920,1664668,KINSEY DISTRIBUTION LLC,IVY LEAGUE,hhg_interstate_carrier,
CANDIDATE,4281937,omega-zone-ua-inc,usdot-4281937,1664680,OMEGA ZONE UA INC,OMEGA ZONE UA INC,hhg_interstate_carrier,
CANDIDATE,4283321,jaden-enterprises-inc,usdot-4283321,1665428,JADEN ENTERPRISES INC.,JADEN ENTERPRISES INC.,hhg_interstate_carrier,
CANDIDATE,4283326,sf-stars-inc,usdot-4283326,1665431,SF STARS INC,SF STARS INC,hhg_interstate_carrier,
CANDIDATE,4283606,two-men-and-a-truck-0715,usdot-4283606,1665593,"EZWAY MOVING & STORAGE, LLC",TWO MEN AND A TRUCK 0715,hhg_interstate_carrier,
CANDIDATE,4283958,otd-transportation-inc,usdot-4283958,1665788,OTD TRANSPORTATION INC,OTD TRANSPORTATION INC,hhg_interstate_carrier,
CANDIDATE,4284967,clausen-moving-llc,usdot-4284967,1666351,CLAUSEN MOVING LLC,CLAUSEN MOVING LLC,hhg_interstate_carrier,
CANDIDATE,4285874,ability-movers-llc,usdot-4285874,1666824,ABILITY MOVERS LLC,ABILITY MOVERS LLC,hhg_interstate_carrier,
CANDIDATE,4286495,two-men-and-a-truck-usdot-4286495,usdot-4286495,1667162,PCL AKRON LLC,TWO MEN AND A TRUCK,hhg_interstate_carrier,
CANDIDATE,4286747,rl-davis-movers,usdot-4286747,1667293,CHERYL R NYSTROM,RL DAVIS MOVERS,hhg_interstate_carrier,
CANDIDATE,4286754,transport,usdot-4286754,1667299,"BIGWHEEL, LLC",TRANSPORT,hhg_interstate_carrier,
CANDIDATE,4287948,gbb-moving-and-transportation,usdot-4287948,1667940,JOSEPH SIMPSON,GBB MOVING AND TRANSPORTATION,hhg_interstate_carrier,
CANDIDATE,4287967,say-lesstrucking-llc,usdot-4287967,1667950,SAY-LESSTRUCKING LLC,SAY-LESSTRUCKING LLC,hhg_interstate_carrier,
CANDIDATE,4288446,sonoran-desert-moving-llc,usdot-4288446,1668224,SONORAN DESERT MOVING LLC,SONORAN DESERT MOVING LLC,hhg_interstate_carrier,
CANDIDATE,4288691,tnt-co-moving-services-llc,usdot-4288691,1668347,TNT & CO MOVING SERVICES LLC,TNT & CO MOVING SERVICES LLC,hhg_interstate_carrier,
CANDIDATE,42898,woodland-moving-warehouse-inc,usdot-42898,46823,"WOODLAND MOVING & WAREHOUSE, INC.","WOODLAND MOVING & WAREHOUSE, INC.",hhg_interstate_carrier,
CANDIDATE,4290268,truman-bois,usdot-4290268,1669188,CLEAR LED REPAIR LLC,TRUMAN & BOIS,hhg_interstate_carrier,
CANDIDATE,4290272,moving-masters-llc,usdot-4290272,1669190,MOVING MASTERS LLC,MOVING MASTERS LLC,hhg_interstate_carrier,
CANDIDATE,4290545,tlp-transport-llc,usdot-4290545,1669342,TLP TRANSPORT LLC,TLP TRANSPORT LLC,hhg_interstate_carrier,
CANDIDATE,4291135,f528-llc,usdot-4291135,1669682,F528 LLC,F528 LLC,hhg_interstate_carrier,
CANDIDATE,4291945,acm-movers-transportation-inc,usdot-4291945,1670165,ACM MOVERS TRANSPORTATION INC,ACM MOVERS TRANSPORTATION INC,hhg_interstate_carrier,
CANDIDATE,4292370,promoves,usdot-4292370,1670425,PROMOVES MOVING & STORAGE LLC,PROMOVES,hhg_interstate_carrier,
CANDIDATE,4292880,g-m-franklin-transportation-llc,usdot-4292880,1670679,G & M FRANKLIN TRANSPORTATION LLC,G & M FRANKLIN TRANSPORTATION LLC,hhg_interstate_carrier,
CANDIDATE,4293370,against-the-odds-transporting-llc,usdot-4293370,1670938,"AGAINST THE ODDS TRANSPORTING, LLC","AGAINST THE ODDS TRANSPORTING, LLC",hhg_interstate_carrier,
CANDIDATE,4295478,gohn-s-piano-moving,usdot-4295478,1672058,GOHN'S MOVING & STORAGE LLC,GOHN'S PIANO MOVING,hhg_interstate_carrier,
CANDIDATE,4295940,restorify-moving-inc,usdot-4295940,1672303,RESTORIFY MOVING INC,RESTORIFY MOVING INC,hhg_interstate_carrier,
CANDIDATE,4296991,s-s-transport,usdot-4296991,1672866,SUTTONSEARS  TRANSPORT LLC,S S TRANSPORT,hhg_interstate_carrier,
CANDIDATE,4297049,ulloa-llc,usdot-4297049,1672900,ULLOA LLC,ULLOA LLC,hhg_interstate_carrier,
CANDIDATE,4297996,tikka-transport-llc,usdot-4297996,1673394,TIKKA TRANSPORT LLC,TIKKA TRANSPORT LLC,hhg_interstate_carrier,
CANDIDATE,4298851,senior-living-moving-company-llc,usdot-4298851,1673875,SENIOR LIVING MOVING COMPANY LLC,SENIOR LIVING MOVING COMPANY LLC,hhg_interstate_carrier,
CANDIDATE,4298993,prestige-precisions-transportation-llc,usdot-4298993,1673945,PRESTIGE PRECISIONS TRANSPORTATION LLC,PRESTIGE PRECISIONS TRANSPORTATION LLC,hhg_interstate_carrier,
CANDIDATE,4300155,two-men-and-a-truck-columbus,usdot-4300155,1674563,NBF COLUMBUS LLC,TWO MEN AND A TRUCK  - COLUMBUS,hhg_interstate_carrier,
CANDIDATE,4300830,juice-runner-transport-llc,usdot-4300830,1674928,JUICE RUNNER TRANSPORT LLC,JUICE RUNNER TRANSPORT LLC,hhg_interstate_carrier,
CANDIDATE,4301139,sea-island-bonded-storage-of-ga-inc,usdot-4301139,1675080,SEA ISLAND BONDED STORAGE OF GA INC,SEA ISLAND BONDED STORAGE OF GA INC,hhg_interstate_carrier,
CANDIDATE,4301303,logistical-wheels-inc,usdot-4301303,1675166,LOGISTICAL WHEELS INC,LOGISTICAL WHEELS INC,hhg_interstate_carrier,
CANDIDATE,4301804,r-r-expedited-transport-llc,usdot-4301804,1675423,R&R EXPEDITED TRANSPORT LLC,R&R EXPEDITED TRANSPORT LLC,hhg_interstate_carrier,
CANDIDATE,430203,puget-sound-transfer-storage,usdot-430203,191952,"JAYHAWK ENTERPRISES, INC.",PUGET SOUND TRANSFER & STORAGE,hhg_interstate_carrier,
CANDIDATE,4302087,jean-conde-llc,usdot-4302087,1675576,JEAN CONDE LLC,JEAN CONDE LLC,hhg_interstate_carrier,
CANDIDATE,4302521,rolling-stones-moving-company,usdot-4302521,1674265,ROLLING STONES MOVING COMPANY,ROLLING STONES MOVING COMPANY,hhg_interstate_carrier,
CANDIDATE,4304161,moving-usa,usdot-4304161,1676718,SUNNY MOVING LLC,MOVING USA,hhg_interstate_carrier,
CANDIDATE,4304959,transpal-llc,usdot-4304959,1677150,TRANSPAL LLC,TRANSPAL LLC,hhg_interstate_carrier,
CANDIDATE,4307726,galaxy-van-lines-llc,usdot-4307726,1678606,GALAXY VAN LINES LLC,GALAXY VAN LINES LLC,hhg_interstate_carrier,
CANDIDATE,4308507,bugbee-a-s,usdot-4308507,1679023,BUGBEE A AND S LLC,BUGBEE A&S,hhg_interstate_carrier,
CANDIDATE,4309059,tel-transport-llc,usdot-4309059,1679288,TEL TRANSPORT LLC,TEL TRANSPORT LLC,hhg_interstate_carrier,
CANDIDATE,4309382,elrod-installation-llc,usdot-4309382,1679439,ELROD INSTALLATION LLC,ELROD INSTALLATION LLC,hhg_interstate_carrier,
CANDIDATE,4309696,cobra-van-lines-moving-system,usdot-4309696,1679594,COBRA VAN LINES MOVING SYSTEM,COBRA VAN LINES MOVING SYSTEM,hhg_interstate_carrier,
CANDIDATE,4309724,lighthouse-moving-storage-llc,usdot-4309724,1679614,LIGHTHOUSE MOVING & STORAGE LLC,LIGHTHOUSE MOVING & STORAGE LLC,hhg_interstate_carrier,
CANDIDATE,4310151,pink-zebra-moving-of-sugar-land-tx,usdot-4310151,1679823,HAASNMOTION LLC,"PINK ZEBRA MOVING OF SUGAR LAND, TX",hhg_interstate_carrier,
CANDIDATE,4310160,iron-wolf-inc,usdot-4310160,1679828,IRON WOLF INC,IRON WOLF INC,hhg_interstate_carrier,
CANDIDATE,4310675,gugelplex-transport,usdot-4310675,1680112,GUGELPLEX TRANSPORT LLC,GUGELPLEX TRANSPORT,hhg_interstate_carrier,
CANDIDATE,4311333,e-and-j-transportation-llc,usdot-4311333,1680469,E AND J TRANSPORTATION LLC,E AND J TRANSPORTATION LLC,hhg_interstate_carrier,
CANDIDATE,4311444,college-hunks-hauling-junk-moving-usdot-4311444,usdot-4311444,1680537,CHHJ PA PITTSBURGH LLC,COLLEGE HUNKS HAULING JUNK & MOVING,hhg_interstate_carrier,
CANDIDATE,43124,peer-s-moving-co-llc,usdot-43124,81955,"PEER'S MOVING CO., LLC","PEER'S MOVING CO., LLC",hhg_interstate_carrier,
CANDIDATE,4313510,llp-xpress-llc,usdot-4313510,1681712,LLP XPRESS LLC,LLP XPRESS LLC,hhg_interstate_carrier,
CANDIDATE,4314169,two-men-and-a-truck-usdot-4314169,usdot-4314169,1682092,TMT DES MOINES LLC,TWO MEN AND A TRUCK,hhg_interstate_carrier,
CANDIDATE,4314554,ii-evolve-llc,usdot-4314554,1682310,II EVOLVE LLC,II EVOLVE LLC,hhg_interstate_carrier,
CANDIDATE,4314762,turbocharger-transportation-llc,usdot-4314762,1682434,TURBOCHARGER TRANSPORTATION LLC,TURBOCHARGER TRANSPORTATION LLC,hhg_interstate_carrier,
CANDIDATE,4315024,llo-transportation-llc,usdot-4315024,1682569,LLO TRANSPORTATION LLC,LLO TRANSPORTATION LLC,hhg_interstate_carrier,
CANDIDATE,4315182,us-vanline-inc,usdot-4315182,1682666,US VANLINE INC,US VANLINE INC,hhg_interstate_carrier,
CANDIDATE,431521,eastern-moving-storage-co-inc,usdot-431521,238508,"EASTERN MOVING & STORAGE CO., INC.","EASTERN MOVING & STORAGE CO., INC.",hhg_interstate_carrier,
CANDIDATE,4317056,gbl-management-llc,usdot-4317056,,GBL MANAGEMENT LLC,GBL MANAGEMENT LLC,hhg_interstate_carrier,
CANDIDATE,4317886,ets-reliable,usdot-4317886,1701958,EPIC TRANSPORT SERVICES LLC,ETS RELIABLE,hhg_interstate_carrier,
CANDIDATE,4317960,monti-transportation-llc,usdot-4317960,1684194,MONTI TRANSPORTATION LLC,MONTI TRANSPORTATION LLC,hhg_interstate_carrier,
CANDIDATE,4319293,buffalos-movers-llc,usdot-4319293,1684943,BUFFALOS MOVERS LLC,BUFFALOS MOVERS LLC,hhg_interstate_carrier,
CANDIDATE,4319967,innovative-growth-corp,usdot-4319967,1685330,INNOVATIVE GROWTH CORP,INNOVATIVE GROWTH CORP,hhg_interstate_carrier,
CANDIDATE,4320200,bright-way-moving-llc,usdot-4320200,1685457,BRIGHT WAY MOVING LLC,BRIGHT WAY MOVING LLC,hhg_broker hhg_interstate_carrier,
CANDIDATE,4320294,jlogistic,usdot-4320294,1685508,JUGGERNAUT LOGISTIC LLC,JLOGISTIC,hhg_interstate_carrier,
CANDIDATE,4321052,load-2-load-llc,usdot-4321052,1685915,LOAD 2 LOAD LLC,LOAD 2 LOAD LLC,hhg_interstate_carrier,
CANDIDATE,4321082,kingdom-of-kush-transport-llc,usdot-4321082,1685931,KINGDOM OF KUSH TRANSPORT LLC,KINGDOM OF KUSH TRANSPORT LLC,hhg_interstate_carrier,
CANDIDATE,4321191,fiber-global-inc,usdot-4321191,1760580,FIBER GLOBAL INC,FIBER GLOBAL INC,hhg_interstate_carrier,
CANDIDATE,4322387,overall-moving-az,usdot-4322387,1686812,OVERALL MOVING AZ,OVERALL MOVING AZ,hhg_interstate_carrier,
CANDIDATE,4323245,s-s-innovations-llc,usdot-4323245,1687082,S&S INNOVATIONS LLC,S&S INNOVATIONS LLC,hhg_interstate_carrier,
CANDIDATE,4324640,kamza-inc,usdot-4324640,1687816,KAMZA INC,KAMZA INC,hhg_interstate_carrier,
CANDIDATE,4324802,r-j-consolidators-inc,usdot-4324802,1687899,R&J CONSOLIDATORS INC,R&J CONSOLIDATORS INC,hhg_interstate_carrier,
CANDIDATE,4325179,ot-movers-storage-llc,usdot-4325179,1688094,OT MOVERS & STORAGE LLC,OT MOVERS & STORAGE LLC,hhg_interstate_carrier,
CANDIDATE,4326102,speid-enterprise-llc,usdot-4326102,1688521,SPEID ENTERPRISE LLC,SPEID ENTERPRISE LLC,hhg_interstate_carrier,
CANDIDATE,4326131,speed-on-services-corporation,usdot-4326131,1688536,SPEED ON SERVICES CORPORATION,SPEED ON SERVICES CORPORATION,hhg_interstate_carrier,
CANDIDATE,4327097,jr-transportation,usdot-4327097,1689029,DLORAH INVESTMENT GROUP LLC,JR TRANSPORTATION,hhg_interstate_carrier,
CANDIDATE,4327467,let-s-get-moving-llc,usdot-4327467,1689218,LET'S GET MOVING LLC,LET'S GET MOVING LLC,hhg_interstate_carrier,
CANDIDATE,4328106,kp-s-transportation-llc,usdot-4328106,1689510,KP'S TRANSPORTATION LLC,KP'S TRANSPORTATION LLC,hhg_interstate_carrier,
CANDIDATE,4328492,two-men-and-a-truck-south-chicago,usdot-4328492,1718384,ASHTRONOMICAL ENTERPRISES LLC,TWO MEN AND A TRUCK SOUTH CHICAGO,hhg_interstate_carrier,
CANDIDATE,4328935,nene-lilie-transportation,usdot-4328935,1689937,NENE & LILIE TRANSPORTATION,NENE & LILIE TRANSPORTATION,hhg_interstate_carrier,
CANDIDATE,4329679,kingdom-management,usdot-4329679,1690317,HARTWOOD HOSPITALITY LABS INC,KINGDOM MANAGEMENT,hhg_interstate_carrier,
CANDIDATE,4330149,patel-moving-llc,usdot-4330149,1690563,PATEL MOVING LLC,PATEL MOVING LLC,hhg_interstate_carrier,
CANDIDATE,4330416,jp-moving-services,usdot-4330416,1690714,JP MOVING SERVICES LLC,JP MOVING SERVICES,hhg_interstate_carrier,
CANDIDATE,4330984,kaisha-llc,usdot-4330984,1690979,KAISHA LLC,KAISHA LLC,hhg_interstate_carrier,
CANDIDATE,4334475,most-wanted-moving-llc,usdot-4334475,1692712,MOST WANTED MOVING LLC,MOST WANTED MOVING LLC,hhg_interstate_carrier,
CANDIDATE,4334558,gladstone-ventures,usdot-4334558,1692761,GLADSTONE VENTURES LLC,GLADSTONE VENTURES,hhg_interstate_carrier,
CANDIDATE,4334906,movely,usdot-4334906,1692945,MOVELY LLC,MOVELY,hhg_interstate_carrier,
CANDIDATE,4335093,berisha-s-llc,usdot-4335093,1693044,BERISHA'S LLC,BERISHA'S LLC,hhg_interstate_carrier,
CANDIDATE,4335423,barton-r-gaines-llc,usdot-4335423,1693228,BARTON R GAINES LLC,BARTON R GAINES LLC,hhg_interstate_carrier,
CANDIDATE,4335973,dyc-transportation-llc,usdot-4335973,1693525,DYC TRANSPORTATION LLC,DYC TRANSPORTATION LLC,hhg_interstate_carrier,
CANDIDATE,4336429,moving-wizard-llc,usdot-4336429,1693750,MOVING WIZARD LLC,MOVING WIZARD LLC,hhg_interstate_carrier,
CANDIDATE,43365,wentzells-modern-movers,usdot-43365,77138,ELWOOD L. WENTZELL,WENTZELLS MODERN MOVERS,hhg_interstate_carrier,
CANDIDATE,4338629,herewego-llc,usdot-4338629,1694908,HEREWEGO LLC,HEREWEGO LLC,hhg_interstate_carrier,
CANDIDATE,433864,huntwood-industries,usdot-433864,477014,"T.R.A. INDUSTRIES, INC.",HUNTWOOD INDUSTRIES,hhg_interstate_carrier,
CANDIDATE,4339664,aussie-inc,usdot-4339664,1695442,AUSSIE INC,AUSSIE INC,hhg_interstate_carrier,
CANDIDATE,4340137,skydra-moving-llc,usdot-4340137,1711222,SKYDRA MOVING LLC,SKYDRA MOVING LLC,hhg_interstate_carrier,
CANDIDATE,4340212,you-move-me-usdot-4340212,usdot-4340212,1695698,YMM RENO LLC,YOU MOVE ME,hhg_interstate_carrier,
CANDIDATE,4340458,universal-moving-corporation,usdot-4340458,1695827,UNIVERSAL MOVING CORPORATION,UNIVERSAL MOVING CORPORATION,hhg_interstate_carrier,
CANDIDATE,4340500,bumprkar,usdot-4340500,1706365,02100BRANDS LLC,BUMPRKAR,hhg_interstate_carrier,
CANDIDATE,4340755,roses-daughters,usdot-4340755,1695979,ROSES DAUGHTERS 2 0 LLC,ROSES DAUGHTERS,hhg_interstate_carrier,
CANDIDATE,4341295,ga-moving-llc,usdot-4341295,1696269,GA MOVING LLC,GA MOVING LLC,hhg_interstate_carrier,
CANDIDATE,4341460,mos-transportations-llc,usdot-4341460,1696368,MOS TRANSPORTATIONS LLC,MOS TRANSPORTATIONS LLC,hhg_interstate_carrier,
CANDIDATE,4341962,trained-to-go-llc,usdot-4341962,1696609,TRAINED TO GO LLC,TRAINED TO GO LLC,hhg_interstate_carrier,
CANDIDATE,4343288,j-d-sam-trans-inc,usdot-4343288,1697268,J & D SAM TRANS INC,J & D SAM TRANS INC,hhg_interstate_carrier,
CANDIDATE,4343483,cardinal-moving-storage-llc,usdot-4343483,1710419,CARDINAL MOVING & STORAGE LLC,CARDINAL MOVING & STORAGE LLC,hhg_interstate_carrier,
CANDIDATE,434380,moi-inc,usdot-434380,11492,"MOI, INC.","MOI, INC.",hhg_interstate_carrier,
CANDIDATE,4344826,beeba-llc,usdot-4344826,1698063,BEEBA LLC,BEEBA LLC,hhg_interstate_carrier,
CANDIDATE,4345542,ducketts-moving-company,usdot-4345542,1698427,DUCKETTS MOVING COMPANY,DUCKETTS MOVING COMPANY,hhg_interstate_carrier,
CANDIDATE,4346125,nayelis-j-transportation-distribution-llc,usdot-4346125,1698712,NAYELIS J TRANSPORTATION & DISTRIBUTION LLC,NAYELIS J TRANSPORTATION & DISTRIBUTION LLC,hhg_interstate_carrier,
CANDIDATE,4346610,mvtransportation-services-llc,usdot-4346610,1698964,MVTRANSPORTATION SERVICES LLC,MVTRANSPORTATION SERVICES LLC,hhg_interstate_carrier,
CANDIDATE,4346742,alex-moving-llc,usdot-4346742,1699031,ALEX MOVING LLC,ALEX MOVING LLC,hhg_interstate_carrier,
CANDIDATE,4346840,cristal-transport-llc,usdot-4346840,1699088,CRISTAL TRANSPORT LLC,CRISTAL TRANSPORT LLC,hhg_interstate_carrier,
CANDIDATE,4347194,rana-transportation-llc,usdot-4347194,1699255,RANA TRANSPORTATION LLC,RANA TRANSPORTATION LLC,hhg_interstate_carrier,
CANDIDATE,4347233,nj-moving-llc,usdot-4347233,1699275,NJ MOVING LLC,NJ MOVING LLC,hhg_interstate_carrier,
CANDIDATE,4347252,jrb-climate-technologies-llc,usdot-4347252,1699289,JRB CLIMATE TECHNOLOGIES LLC,JRB CLIMATE TECHNOLOGIES LLC,hhg_interstate_carrier,
CANDIDATE,4347312,eli-moving-storage-llc,usdot-4347312,1699315,ELI MOVING & STORAGE LLC,ELI MOVING & STORAGE LLC,hhg_interstate_carrier,
CANDIDATE,4347318,general-install-llc,usdot-4347318,1699319,GENERAL INSTALL LLC,GENERAL INSTALL LLC,hhg_interstate_carrier,
CANDIDATE,4348666,va-moving,usdot-4348666,1700037,AMGINE LLC,VA MOVING,hhg_interstate_carrier,
CANDIDATE,4348730,ysl-logistic-inc,usdot-4348730,1700071,YSL LOGISTIC INC,YSL LOGISTIC INC,hhg_interstate_carrier,
CANDIDATE,4348883,wimps-moving-relocation,usdot-4348883,1700147,SLIM WIMPS MOVING LLC,WIMPS MOVING & RELOCATION,hhg_interstate_carrier,
CANDIDATE,434928,nissin-international-transport-u-s-a-inc,usdot-434928,190699,"NISSIN INTERNATIONAL TRANSPORT U. S. A., INC.","NISSIN INTERNATIONAL TRANSPORT U. S. A., INC.",hhg_broker hhg_interstate_carrier,
CANDIDATE,4349670,ftt-llc,usdot-4349670,1700547,FTT LLC,FTT LLC,hhg_interstate_carrier,
CANDIDATE,4349783,landstar-moving-llc,usdot-4349783,1700595,LANDSTAR MOVING LLC,LANDSTAR MOVING LLC,hhg_interstate_carrier,
CANDIDATE,4350653,pink-zebra-moving-of-carmel-in,usdot-4350653,1701064,A TO B MOVING LLC,"PINK ZEBRA MOVING OF CARMEL, IN",hhg_interstate_carrier,
CANDIDATE,4350767,j-h-moving-and-transportation-llc,usdot-4350767,1701120,J & H MOVING AND TRANSPORTATION LLC,J & H MOVING AND TRANSPORTATION LLC,hhg_interstate_carrier,
CANDIDATE,4351182,blue-kangaroo-packoutz-of-baltimore,usdot-4351182,1701346,MAMJ LLC,BLUE KANGAROO PACKOUTZ OF BALTIMORE,hhg_interstate_carrier,
CANDIDATE,4351409,movers-4u-llc,usdot-4351409,1701471,MOVERS 4U LLC,MOVERS 4U LLC,hhg_interstate_carrier,
CANDIDATE,4352561,responders-moving-and-storage-llc,usdot-4352561,1702060,RESPONDERS MOVING AND STORAGE LLC,RESPONDERS MOVING AND STORAGE LLC,hhg_interstate_carrier,
CANDIDATE,4354064,homemakers-plaza-inc,usdot-4354064,1702859,HOMEMAKERS PLAZA INC,HOMEMAKERS PLAZA INC,hhg_interstate_carrier,
CANDIDATE,4354521,efficient-movers-plus-inc,usdot-4354521,1703091,EFFICIENT MOVERS PLUS INC,EFFICIENT MOVERS PLUS INC,hhg_interstate_carrier,
CANDIDATE,4354855,mci-specialized,usdot-4354855,1703272,MCI SPECIALIZED TRANSPORT PLLP,MCI SPECIALIZED,hhg_interstate_carrier,
CANDIDATE,4354976,friendly-paws-moving-llc,usdot-4354976,1703322,FRIENDLY PAWS MOVING LLC,FRIENDLY PAWS MOVING LLC,hhg_interstate_carrier,
CANDIDATE,4355772,curry-it,usdot-4355772,1703740,CURRY-IT,CURRY-IT,hhg_interstate_carrier,
CANDIDATE,4356361,poc-carolina-llc,usdot-4356361,1704035,POC CAROLINA LLC,POC CAROLINA LLC,hhg_interstate_carrier,
CANDIDATE,4358038,dirtymax-transport-llc,usdot-4358038,1704909,DIRTYMAX TRANSPORT LLC,DIRTYMAX TRANSPORT LLC,hhg_interstate_carrier,
CANDIDATE,4358877,precious-cargo-livetrack,usdot-4358877,1705351,PRECIOUS CARGO LIVETRACK,PRECIOUS CARGO LIVETRACK,hhg_interstate_carrier,
CANDIDATE,4359199,advanced-moving-usdot-4359199,usdot-4359199,1705533,PARADISE MOVING & STORAGE LLC,ADVANCED MOVING,hhg_interstate_carrier,
CANDIDATE,4359345,pink-zebra-moving-of-charlotte,usdot-4359345,1705613,JOYFULL FAITHFULL JOURNEY LLC,PINK ZEBRA MOVING OF CHARLOTTE,hhg_interstate_carrier,
CANDIDATE,4360611,terra-nova-van-lines-inc,usdot-4360611,1706314,TERRA NOVA VAN LINES INC,TERRA NOVA VAN LINES INC,hhg_interstate_carrier,
CANDIDATE,4361116,moon-movers-llc,usdot-4361116,1706592,MOON MOVERS LLC,MOON MOVERS LLC,hhg_interstate_carrier,
CANDIDATE,4361166,syracuse-trailer-moving-llc,usdot-4361166,1706612,SYRACUSE TRAILER & MOVING LLC,SYRACUSE TRAILER & MOVING LLC,hhg_interstate_carrier,
CANDIDATE,4361581,sierra-blanca-landscaping-llc,usdot-4361581,1745899,SIERRA BLANCA LANDSCAPING LLC,SIERRA BLANCA LANDSCAPING LLC,hhg_interstate_carrier,
CANDIDATE,4361862,jett-moving-services,usdot-4361862,1707004,JEREMY WALLER,JETT MOVING SERVICES,hhg_interstate_carrier,
CANDIDATE,4362164,blueprint-construction-services-llc,usdot-4362164,1707185,BLUEPRINT CONSTRUCTION SERVICES LLC,BLUEPRINT CONSTRUCTION SERVICES LLC,hhg_interstate_carrier,
CANDIDATE,436264,johnnie-t-melia-moving-storage,usdot-436264,303554,"JOHNNIE T. MELIA CO., INC.",JOHNNIE T. MELIA MOVING & STORAGE,hhg_interstate_carrier,
CANDIDATE,4364271,model-moving-inc,usdot-4364271,1708331,MODEL MOVING INC,MODEL MOVING INC,hhg_interstate_carrier,
CANDIDATE,4364396,triple-diamond-transport-llc,usdot-4364396,1708400,TRIPLE DIAMOND TRANSPORT LLC,TRIPLE DIAMOND TRANSPORT LLC,hhg_interstate_carrier,
CANDIDATE,4365040,lucky-qian-inc,usdot-4365040,1708743,LUCKY & QIAN INC,LUCKY & QIAN INC,hhg_interstate_carrier,
CANDIDATE,4365392,babu-inc,usdot-4365392,1708939,BABU INC,BABU INC,hhg_interstate_carrier,
CANDIDATE,4366114,rud-llc,usdot-4366114,1709358,RUD LLC,RUD LLC,hhg_interstate_carrier,
CANDIDATE,4366401,eagles85llc,usdot-4366401,1709514,EAGLES85LLC,EAGLES85LLC,hhg_interstate_carrier,
CANDIDATE,4366706,murrey-s-movers-llc,usdot-4366706,1709665,MURREY'S MOVERS LLC,MURREY'S MOVERS LLC,hhg_interstate_carrier,
CANDIDATE,4367121,rnb-movers-llc,usdot-4367121,1709886,RNB MOVERS LLC,RNB MOVERS LLC,hhg_interstate_carrier,
CANDIDATE,4367465,ott-llc,usdot-4367465,1710079,OTT LLC,OTT LLC,hhg_interstate_carrier,
CANDIDATE,4368130,matthew-mois-llc,usdot-4368130,1710429,MATTHEW & MOIS LLC,MATTHEW & MOIS LLC,hhg_interstate_carrier,
CANDIDATE,4368543,g-c-moving-services-llc,usdot-4368543,1710640,G & C MOVING SERVICES LLC,G & C MOVING SERVICES LLC,hhg_interstate_carrier,
CANDIDATE,4368866,rosal-properties-inc,usdot-4368866,1710821,ROSAL PROPERTIES INC,ROSAL PROPERTIES INC,hhg_interstate_carrier,
CANDIDATE,4369572,flexibiz-global-enterprise-llc,usdot-4369572,1711194,FLEXIBIZ GLOBAL ENTERPRISE LLC,FLEXIBIZ GLOBAL ENTERPRISE LLC,hhg_interstate_carrier,
CANDIDATE,4370068,boxed-and-loaded-logistics,usdot-4370068,1711467,BOXED AND LOADED MOVING & STORAGE CORP,BOXED AND LOADED LOGISTICS,hhg_interstate_carrier,
CANDIDATE,4370220,loves-moving-and-storage,usdot-4370220,1711550,LOVES MOVING AND STORAGE,LOVES MOVING AND STORAGE,hhg_interstate_carrier,
CANDIDATE,4370368,williston-area-movers,usdot-4370368,1711615,701 SCRAP LLC,WILLISTON AREA MOVERS,hhg_interstate_carrier,
CANDIDATE,4370692,nembhard-fiber-construction-llc,usdot-4370692,1711810,NEMBHARD FIBER CONSTRUCTION LLC,NEMBHARD FIBER CONSTRUCTION LLC,hhg_interstate_carrier,
CANDIDATE,4371280,2-jacked-guyz-llc,usdot-4371280,1712141,2 JACKED GUYZ LLC,2 JACKED GUYZ LLC,hhg_interstate_carrier,
CANDIDATE,4371634,lion-pride-services-llc,usdot-4371634,1712335,LION PRIDE SERVICES LLC,LION PRIDE SERVICES LLC,hhg_interstate_carrier,
CANDIDATE,4372591,r-d-moving-storage-company-llc,usdot-4372591,1712838,R&D MOVING & STORAGE COMPANY LLC,R&D MOVING & STORAGE COMPANY LLC,hhg_interstate_carrier,
CANDIDATE,4373104,trucking-and-transportation,usdot-4373104,1713100,ROAD RUNNER TRANSPORT LLC,TRUCKING AND TRANSPORTATION,hhg_interstate_carrier,
CANDIDATE,4373182,a1-moving-solutions,usdot-4373182,1713147,LX ENTERPRISES LLC,A1 MOVING SOLUTIONS,hhg_interstate_carrier,
CANDIDATE,4374442,edwards-enterprise-team,usdot-4374442,1713850,EDWARDS ENTERPRISE TEAM,EDWARDS ENTERPRISE TEAM,hhg_interstate_carrier,
CANDIDATE,4374598,midwest-movers-llc,usdot-4374598,1713947,MIDWEST MOVERS LLC,MIDWEST MOVERS LLC,hhg_interstate_carrier,
CANDIDATE,4375248,college-hunks-hauling-junk-and-moving-fresno-usdot-4375248,usdot-4375248,1719775,PHLOREZ INDUSTRIES CORP,COLLEGE HUNKS HAULING JUNK AND MOVING FRESNO,hhg_interstate_carrier,
CANDIDATE,4375519,visionary-alliance-llc,usdot-4375519,1714440,VISIONARY ALLIANCE LLC,VISIONARY ALLIANCE LLC,hhg_interstate_carrier,
CANDIDATE,4375842,square-cow-moovers-usdot-4375842,usdot-4375842,1714607,"SECOND MILE ENTERPRISES, INC",SQUARE COW MOOVERS,hhg_interstate_carrier,
CANDIDATE,4376279,montford-movers-llc,usdot-4376279,1714821,MONTFORD MOVERS LLC,MONTFORD MOVERS LLC,hhg_interstate_carrier,
CANDIDATE,4377189,ryan-logistic-llc,usdot-4377189,1715297,RYAN LOGISTIC LLC,RYAN LOGISTIC LLC,hhg_interstate_carrier,
CANDIDATE,4377254,across-states-moving-llc,usdot-4377254,1715342,ACROSS STATES MOVING LLC,ACROSS STATES MOVING LLC,hhg_interstate_carrier,
CANDIDATE,4378148,gordon-moving-storage,usdot-4378148,1715793,LEGERDEMAIN & WOLF LLC,GORDON MOVING & STORAGE,hhg_interstate_carrier,
CANDIDATE,4378220,movemates-llc,usdot-4378220,1804247,MOVEMATES LLC,MOVEMATES LLC,hhg_interstate_carrier,
CANDIDATE,4378474,jacob-moving-llc,usdot-4378474,1715968,JACOB MOVING LLC,JACOB MOVING LLC,hhg_interstate_carrier,
CANDIDATE,4379275,v-haulers-transporting-and-moving-llc,usdot-4379275,1716375,V-HAULERS TRANSPORTING AND MOVING LLC,V-HAULERS TRANSPORTING AND MOVING LLC,hhg_interstate_carrier,
CANDIDATE,4379841,scarbrough-transport-llc,usdot-4379841,1716699,SCARBROUGH TRANSPORT LLC,SCARBROUGH TRANSPORT LLC,hhg_interstate_carrier,
CANDIDATE,438011,michael-brooks-moving,usdot-438011,491397,"MGB ENTERPRISES, INC.",MICHAEL BROOKS MOVING,hhg_interstate_carrier,
CANDIDATE,4380605,r-s-transportation-llc,usdot-4380605,1717119,R&S TRANSPORTATION LLC,R&S TRANSPORTATION LLC,hhg_interstate_carrier,
CANDIDATE,4380644,spoonway-transport-llc,usdot-4380644,1717147,SPOONWAY TRANSPORT LLC,SPOONWAY TRANSPORT LLC,hhg_interstate_carrier,
CANDIDATE,4380838,road-runner-trucks-llc,usdot-4380838,1717258,ROAD RUNNER TRUCKS LLC,ROAD RUNNER TRUCKS LLC,hhg_interstate_carrier,
CANDIDATE,4381121,asw-transport-inc,usdot-4381121,1717421,ASW TRANSPORT INC,ASW TRANSPORT INC,hhg_interstate_carrier,
CANDIDATE,4381192,filford-freight-llc,usdot-4381192,1717457,FILFORD FREIGHT LLC,FILFORD FREIGHT LLC,hhg_interstate_carrier,
CANDIDATE,4381208,two-men-and-a-truck-brunswick,usdot-4381208,1717468,VETERANS UNITED MOVING SERVICES LLC,TWO MEN AND A TRUCK BRUNSWICK,hhg_interstate_carrier,
CANDIDATE,4381470,fast-van-lines,usdot-4381470,1717617,BU GLOBAL PARTNERS INC,FAST VAN LINES,hhg_interstate_carrier,
CANDIDATE,4381650,ariebrooke-llc,usdot-4381650,1717728,ARIEBROOKE  LLC,ARIEBROOKE  LLC,hhg_interstate_carrier,
CANDIDATE,4381663,mhc-moving-mos-home-commercial,usdot-4381663,1717737,ROJOLI SERVICES INC,MHC MOVING MOS HOME & COMMERCIAL,hhg_interstate_carrier,
CANDIDATE,4382690,sizewize,usdot-4382690,1718304,SIZEWIZE,SIZEWIZE,hhg_interstate_carrier,
CANDIDATE,4382765,moving-etc-llc,usdot-4382765,1718347,"MOVING ETC., LLC","MOVING ETC., LLC",hhg_interstate_carrier,
CANDIDATE,4382971,magassa-vanline-inc,usdot-4382971,1718450,MAGASSA VANLINE INC,MAGASSA VANLINE INC,hhg_interstate_carrier,
CANDIDATE,4383284,bernardez-moving-and-freight-llc,usdot-4383284,1718632,BERNARDEZ MOVING AND FREIGHT LLC,BERNARDEZ MOVING AND FREIGHT LLC,hhg_interstate_carrier,
CANDIDATE,4383490,girirajsinh-gharia,usdot-4383490,1718752,GIRIRAJSINH GHARIA,GIRIRAJSINH GHARIA,hhg_interstate_carrier,
CANDIDATE,4383737,aragon-movers-tx-llc,usdot-4383737,1718856,ARAGON MOVERS TX LLC,ARAGON MOVERS TX LLC,hhg_interstate_carrier,
CANDIDATE,4383796,c-t-transport,usdot-4383796,1718895,C&T TRANSPORT,C&T TRANSPORT,hhg_interstate_carrier,
CANDIDATE,4384662,royal-movers,usdot-4384662,1719378,LINA ALMASRI,ROYAL MOVERS,hhg_interstate_carrier,
CANDIDATE,4385391,rich-the-mover-junk-removal,usdot-4385391,1719759,RICHTHEMOVER LLC,RICH THE MOVER & JUNK REMOVAL,hhg_interstate_carrier,
CANDIDATE,4385632,jc-cargo-llc,usdot-4385632,1719872,JC CARGO LLC,JC CARGO LLC,hhg_interstate_carrier,
CANDIDATE,4386424,hfmworx-llc,usdot-4386424,1720247,HFMWORX LLC,HFMWORX LLC,hhg_interstate_carrier,
CANDIDATE,4386461,move-up-movers,usdot-4386461,1720258,SEARCH 1 MEDIA LLC,MOVE UP MOVERS,hhg_interstate_carrier,
CANDIDATE,4387459,seadawgs-freight-llc,usdot-4387459,1720752,SEADAWGS FREIGHT LLC,SEADAWGS FREIGHT LLC,hhg_interstate_carrier,
CANDIDATE,4387483,let-s-get-moving-austin,usdot-4387483,1792309,SUGAR HILL SPECIAL LLC,LET'S GET MOVING AUSTIN,hhg_interstate_carrier,
CANDIDATE,4387951,carlisle-carriers,usdot-4387951,1721023,VESPER LLC,CARLISLE CARRIERS,hhg_interstate_carrier,
CANDIDATE,4389057,ez-as-pie-moving-llc,usdot-4389057,1721559,EZ AS PIE MOVING LLC,EZ AS PIE MOVING LLC,hhg_interstate_carrier,
CANDIDATE,4389415,maxtransit-llc,usdot-4389415,1721733,MAXTRANSIT LLC,MAXTRANSIT LLC,hhg_interstate_carrier,
CANDIDATE,4390032,quintanar-moving-services-llc,usdot-4390032,1722051,QUINTANAR MOVING SERVICES LLC,QUINTANAR MOVING SERVICES LLC,hhg_interstate_carrier,
CANDIDATE,4390848,ard-cargo-co,usdot-4390848,1722454,ARD CARGO CO,ARD CARGO CO,hhg_interstate_carrier,
CANDIDATE,4391203,d3r-transportation-services-llc,usdot-4391203,1722640,D3R TRANSPORTATION SERVICES LLC,D3R TRANSPORTATION SERVICES LLC,hhg_interstate_carrier,
CANDIDATE,4391675,glorious-transportation,usdot-4391675,1722893,GLORIOUS ORGANIZATION LLC,GLORIOUS TRANSPORTATION,hhg_interstate_carrier,
CANDIDATE,4391690,zuzym-llc,usdot-4391690,1722901,ZUZYM LLC,ZUZYM LLC,hhg_interstate_carrier,
CANDIDATE,4391903,howards-vanlines-inc,usdot-4391903,1722990,HOWARDS VANLINES INC,HOWARDS VANLINES INC,hhg_interstate_carrier,
CANDIDATE,4393293,orland-transportation-llc,usdot-4393293,1723668,ORLAND TRANSPORTATION LLC,ORLAND TRANSPORTATION LLC,hhg_interstate_carrier,
CANDIDATE,4393349,wordomouth-moving-storage,usdot-4393349,1723697,WORDOMOUTH MOVING & STORAGE,WORDOMOUTH MOVING & STORAGE,hhg_interstate_carrier,
CANDIDATE,4393363,osher-cartage-llc,usdot-4393363,1723699,OSHER CARTAGE LLC,OSHER CARTAGE LLC,hhg_interstate_carrier,
CANDIDATE,4393492,freeway-flyer-llc,usdot-4393492,1723775,FREEWAY FLYER LLC,FREEWAY FLYER LLC,hhg_interstate_carrier,
CANDIDATE,4394673,s-e-transport-services-llc,usdot-4394673,1724348,S&E TRANSPORT SERVICES LLC,S&E TRANSPORT SERVICES LLC,hhg_interstate_carrier,
CANDIDATE,4395731,movu-llc,usdot-4395731,1724904,MOVU LLC,MOVU LLC,hhg_interstate_carrier,
CANDIDATE,4395848,load-n-go-moving-llc,usdot-4395848,1724958,LOAD N GO MOVING LLC,LOAD N GO MOVING LLC,hhg_interstate_carrier,
CANDIDATE,4396087,transition-solutions,usdot-4396087,1725084,CHASING PROPERTIES LLC,TRANSITION SOLUTIONS,hhg_interstate_carrier,
CANDIDATE,4396878,wy-and-gil-transport-llc,usdot-4396878,1725497,WY AND GIL TRANSPORT LLC,WY AND GIL TRANSPORT LLC,hhg_interstate_carrier,
CANDIDATE,4397421,lamp-pllc,usdot-4397421,1725755,LAMP PLLC,LAMP PLLC,hhg_interstate_carrier,
CANDIDATE,4398381,chuck-d-s-holdings,usdot-4398381,1726233,CHUCK D'S LAND SERVICES LLC,CHUCK D'S HOLDINGS,hhg_interstate_carrier,
CANDIDATE,4398890,iron-grip-movers-inc,usdot-4398890,1726514,IRON GRIP MOVERS INC,IRON GRIP MOVERS INC,hhg_interstate_carrier,
CANDIDATE,4399189,against-the-road-llc,usdot-4399189,1726650,AGAINST THE ROAD LLC,AGAINST THE ROAD LLC,hhg_interstate_carrier,
CANDIDATE,4399308,v2-llc,usdot-4399308,1726709,V2 LLC,V2 LLC,hhg_interstate_carrier,
CANDIDATE,4400295,mg-movers-llc,usdot-4400295,1727202,MG MOVERS LLC,MG MOVERS LLC,hhg_interstate_carrier,
CANDIDATE,4400344,l-v-transportations-llc,usdot-4400344,1727226,L&V TRANSPORTATIONS LLC,L&V TRANSPORTATIONS LLC,hhg_interstate_carrier,
CANDIDATE,4400390,shady-roadways-llc,usdot-4400390,1727248,SHADY ROADWAYS LLC,SHADY ROADWAYS LLC,hhg_interstate_carrier,
CANDIDATE,4400498,too-much-movers-llc,usdot-4400498,1727308,TOO MUCH MOVERS LLC,TOO MUCH MOVERS LLC,hhg_interstate_carrier,
CANDIDATE,4401179,teylah-co-transportation-llc,usdot-4401179,1727674,TEYLAH & CO TRANSPORTATION LLC,TEYLAH & CO TRANSPORTATION LLC,hhg_interstate_carrier,
CANDIDATE,4402248,leone-moving-llc,usdot-4402248,1728203,LEONE MOVING LLC,LEONE MOVING LLC,hhg_interstate_carrier,
CANDIDATE,4402343,kingdom-figures-llc,usdot-4402343,1728262,KINGDOM FIGURES LLC,KINGDOM FIGURES LLC,hhg_interstate_carrier,
CANDIDATE,4402383,ymtrucking-llc,usdot-4402383,1728285,YMTRUCKING LLC,YMTRUCKING LLC,hhg_interstate_carrier,
CANDIDATE,4402795,seals-transport-llc,usdot-4402795,1728500,SEALS TRANSPORT LLC,SEALS TRANSPORT LLC,hhg_interstate_carrier,
CANDIDATE,44033,doss-moving-and-storage-inc,usdot-44033,133607,"DOSS MOVING AND STORAGE, INC.","DOSS MOVING AND STORAGE, INC.",hhg_interstate_carrier,
CANDIDATE,4404084,saw-construction-services-llc,usdot-4404084,1729208,SAW CONSTRUCTION SERVICES LLC,SAW CONSTRUCTION SERVICES LLC,hhg_interstate_carrier,
CANDIDATE,4404240,mksdelivery-llc,usdot-4404240,1729288,MKSDELIVERY LLC,MKSDELIVERY LLC,hhg_interstate_carrier,
CANDIDATE,4404798,nexmove-inc,usdot-4404798,1729582,NEXMOVE INC,NEXMOVE INC,hhg_interstate_carrier,
CANDIDATE,4405900,laundry-reimagined,usdot-4405900,1730155,WASHLINK LLC,LAUNDRY REIMAGINED,hhg_interstate_carrier,
CANDIDATE,4405946,steph-s-wholesale-and-realestate-llc,usdot-4405946,1730180,STEPH'S WHOLESALE AND REALESTATE LLC,STEPH'S WHOLESALE AND REALESTATE LLC,hhg_interstate_carrier,
CANDIDATE,4406213,langhans-sanitation-llc,usdot-4406213,1730308,LANGHANS SANITATION LLC,LANGHANS SANITATION LLC,hhg_interstate_carrier,
CANDIDATE,4406541,runstruckmn-llc,usdot-4406541,1730484,"RUNSTRUCKMN, LLC","RUNSTRUCKMN, LLC",hhg_interstate_carrier,
CANDIDATE,4407108,lofty-moving-and-storage-llc,usdot-4407108,1737375,LOFTY MOVING AND STORAGE LLC,LOFTY MOVING AND STORAGE LLC,hhg_interstate_carrier,
CANDIDATE,4407636,gett-buzy-transport-inc,usdot-4407636,1731063,"GETT BUZY TRANSPORT, INC.","GETT BUZY TRANSPORT, INC.",hhg_interstate_carrier,
CANDIDATE,4407899,welt-trans-llc,usdot-4407899,1731188,WELT TRANS LLC,WELT TRANS LLC,hhg_interstate_carrier,
CANDIDATE,4407990,lg-global-transport-llc,usdot-4407990,1731242,LG GLOBAL TRANSPORT LLC,LG GLOBAL TRANSPORT LLC,hhg_interstate_carrier,
CANDIDATE,4409661,mccord-transport-llc,usdot-4409661,1732109,MCCORD TRANSPORT LLC,MCCORD TRANSPORT LLC,hhg_interstate_carrier,
CANDIDATE,4409887,vanguard-movers,usdot-4409887,1741603,RAYAN25 LLC,VANGUARD MOVERS,hhg_interstate_carrier,
CANDIDATE,4410283,ola-moving-llc,usdot-4410283,1735206,OLA MOVING LLC,OLA MOVING LLC,hhg_interstate_carrier,
CANDIDATE,4411004,titans-moving-llc,usdot-4411004,1732809,TITANS MOVING LLC,TITANS MOVING LLC,hhg_interstate_carrier,
CANDIDATE,4411046,grateful-moving-inc,usdot-4411046,1732832,GRATEFUL MOVING INC,GRATEFUL MOVING INC,hhg_interstate_carrier,
CANDIDATE,4411760,wakefield-moving-storage-services-llc,usdot-4411760,673835,"WAKEFIELD MOVING & STORAGE SERVICES, LLC","WAKEFIELD MOVING & STORAGE SERVICES, LLC",hhg_interstate_carrier,
CANDIDATE,4411933,eitherway-transportation-llc,usdot-4411933,1733278,EITHERWAY TRANSPORTATION LLC,EITHERWAY TRANSPORTATION LLC,hhg_interstate_carrier,
CANDIDATE,4412852,tranjs-cargo-llc,usdot-4412852,1740895,TRANJS CARGO LLC,TRANJS CARGO LLC,hhg_interstate_carrier,
CANDIDATE,4412962,theus-transport-llc,usdot-4412962,1733843,THEUS TRANSPORT LLC,THEUS TRANSPORT LLC,hhg_interstate_carrier,
CANDIDATE,4413077,s-f-towing-llc,usdot-4413077,1733908,S&F TOWING LLC,S&F TOWING LLC,hhg_interstate_carrier,
CANDIDATE,4413360,mayari-transport-llc,usdot-4413360,1734041,MAYARI TRANSPORT LLC,MAYARI TRANSPORT LLC,hhg_interstate_carrier,
CANDIDATE,4413494,two-men-and-a-truck-usdot-4413494,usdot-4413494,1762922,405 MOVING & STORAGE INC,TWO MEN AND A TRUCK,hhg_interstate_carrier,
CANDIDATE,4413536,a-z-power-llc,usdot-4413536,1734150,A-Z POWER LLC,A-Z POWER LLC,hhg_interstate_carrier,
CANDIDATE,4414935,dedicated-moving-llc,usdot-4414935,1734866,DEDICATED MOVING LLC,DEDICATED MOVING LLC,hhg_interstate_carrier,
CANDIDATE,4415345,upward-moving-llc,usdot-4415345,1735111,UPWARD MOVING LLC,UPWARD MOVING LLC,hhg_interstate_carrier,
CANDIDATE,4415361,axs-way-llc,usdot-4415361,1735121,AXS WAY LLC,AXS WAY LLC,hhg_interstate_carrier,
CANDIDATE,4415683,seitov-inc,usdot-4415683,1735284,SEITOV INC,SEITOV INC,hhg_interstate_carrier,
CANDIDATE,4415893,baykhan-llc,usdot-4415893,1739193,BAYKHAN LLC,BAYKHAN LLC,hhg_interstate_carrier,
CANDIDATE,44159,scarr-moving-storage-inc,usdot-44159,139811,SCARR MOVING & STORAGE INC.,SCARR MOVING & STORAGE INC.,hhg_interstate_carrier,
CANDIDATE,4416315,ag-moving-and-storage,usdot-4416315,1735600,RANGER TOWING SERVICES LLC,AG MOVING AND STORAGE,hhg_interstate_carrier,
CANDIDATE,4417330,tens-mobile-transportation,usdot-4417330,1736148,TENS MOBILE TRANSPORTATION LLC,TENS MOBILE TRANSPORTATION,hhg_interstate_carrier,
CANDIDATE,4418689,elevated-moving-llc,usdot-4418689,1736882,ELEVATED MOVING LLC,ELEVATED MOVING LLC,hhg_interstate_carrier,
CANDIDATE,4419081,trust-moving-llc,usdot-4419081,1737111,TRUST MOVING LLC,TRUST MOVING LLC,hhg_interstate_carrier,
CANDIDATE,4419597,twin-creek-moving-llc,usdot-4419597,1737391,TWIN CREEK MOVING LLC,TWIN CREEK MOVING LLC,hhg_interstate_carrier,
CANDIDATE,4421119,progressive-transportation-services,usdot-4421119,1763629,PROGRESSIVE BUSINESS CONSULTING,PROGRESSIVE TRANSPORTATION SERVICES,hhg_interstate_carrier,
CANDIDATE,4421222,kkj-transport-llc,usdot-4421222,1738233,KKJ TRANSPORT LLC,KKJ TRANSPORT LLC,hhg_interstate_carrier,
CANDIDATE,4421263,great-day-moving,usdot-4421263,1738251,J&R MOVING COMPANY LLC,GREAT DAY MOVING,hhg_interstate_carrier,
CANDIDATE,4422171,av-movers-llc,usdot-4422171,1738751,AV MOVERS LLC,AV MOVERS LLC,hhg_interstate_carrier,
CANDIDATE,4422681,wild-willy-s-llc,usdot-4422681,1739025,WILD WILLY'S LLC,WILD WILLY'S LLC,hhg_interstate_carrier,
CANDIDATE,4422805,dp-moving-llc,usdot-4422805,1739090,DP MOVING LLC,DP MOVING LLC,hhg_interstate_carrier,
CANDIDATE,4424028,wreckless-motor-transport,usdot-4424028,1739747,WRECKLESS MOTORS LLC,WRECKLESS MOTOR TRANSPORT,hhg_interstate_carrier,
CANDIDATE,4425163,transportation-pros-llc,usdot-4425163,1740380,TRANSPORTATION PROS LLC,TRANSPORTATION PROS LLC,hhg_interstate_carrier,
CANDIDATE,4426610,mayberrys-moving-storage,usdot-4426610,1741164,TBD VENTURES LLC,MAYBERRYS MOVING & STORAGE,hhg_interstate_carrier,
CANDIDATE,4427341,fanelli-transport-llc,usdot-4427341,1741523,FANELLI TRANSPORT LLC,FANELLI TRANSPORT LLC,hhg_interstate_carrier,
CANDIDATE,4427421,ecorelocation-llc,usdot-4427421,1741577,ECORELOCATION LLC,ECORELOCATION LLC,hhg_interstate_carrier,
CANDIDATE,4427527,ayewa-llc,usdot-4427527,1741639,AYEWA LLC,AYEWA LLC,hhg_interstate_carrier,
CANDIDATE,4428044,excellent-van-lines-llc,usdot-4428044,1741897,EXCELLENT VAN LINES LLC,EXCELLENT VAN LINES LLC,hhg_interstate_carrier,
CANDIDATE,4428530,cks-motion-group-llc,usdot-4428530,1742141,CKS MOTION GROUP LLC,CKS MOTION GROUP LLC,hhg_interstate_carrier,
CANDIDATE,4428700,momentum-van-lines-llc,usdot-4428700,1742248,MOMENTUM VAN LINES LLC,MOMENTUM VAN LINES LLC,hhg_interstate_carrier,
CANDIDATE,4428850,yolcu-transportation-llc,usdot-4428850,1742320,YOLCU TRANSPORTATION LLC,YOLCU TRANSPORTATION LLC,hhg_interstate_carrier,
CANDIDATE,4429331,mlv-transportation-llc,usdot-4429331,1742575,MLV TRANSPORTATION LLC,MLV TRANSPORTATION LLC,hhg_interstate_carrier,
CANDIDATE,4430211,neighborhood-movers-kc,usdot-4430211,1792144,NEIGHBORHOOD MOVERS KC LLC,NEIGHBORHOOD MOVERS KC,hhg_interstate_carrier,
CANDIDATE,4431011,aeternum-haulage-llc,usdot-4431011,1743476,AETERNUM HAULAGE LLC,AETERNUM HAULAGE LLC,hhg_interstate_carrier,
CANDIDATE,4431487,pink-zebra-moving-of-katy-texas,usdot-4431487,1745445,PHASE 2 MOVING LLC,PINK ZEBRA MOVING OF KATY TEXAS,hhg_interstate_carrier,
CANDIDATE,4431751,christtown-ministries-inc,usdot-4431751,1743851,CHRISTTOWN MINISTRIES INC,CHRISTTOWN MINISTRIES INC,hhg_interstate_carrier,
CANDIDATE,4431813,k-r-freight-llc,usdot-4431813,1743877,K & R FREIGHT LLC,K & R FREIGHT LLC,hhg_interstate_carrier,
CANDIDATE,4433668,detroit-moving-company,usdot-4433668,1799372,DETROIT MOVING CO LLC,DETROIT MOVING COMPANY,hhg_interstate_carrier,
CANDIDATE,4434123,titan-relocation-services,usdot-4434123,1745058,JAYMIE CUMMINGS,TITAN RELOCATION SERVICES,hhg_interstate_carrier,
CANDIDATE,4434311,tried-tested-transportation,usdot-4434311,1745196,TRIED & TESTED LLC,TRIED & TESTED TRANSPORTATION,hhg_interstate_carrier,
CANDIDATE,4435014,movingtime-llc,usdot-4435014,1745590,MOVINGTIME LLC,MOVINGTIME LLC,hhg_interstate_carrier,
CANDIDATE,4435124,pink-zebra-moving-of-kansas-city-mo,usdot-4435124,1745651,PZ HOLDINGS INC,"PINK ZEBRA MOVING OF KANSAS CITY, MO",hhg_interstate_carrier,
CANDIDATE,4436672,metro-movers,usdot-4436672,1746467,METRO MOVERS & WASTE MANAGEMENT LLC,METRO MOVERS,hhg_interstate_carrier,
CANDIDATE,4437880,appmech-llc,usdot-4437880,1747078,APPMECH LLC,APPMECH LLC,hhg_interstate_carrier,
CANDIDATE,4438547,aye1-transport,usdot-4438547,1747450,AYE1 TRANSPORT,AYE1 TRANSPORT,hhg_interstate_carrier,
CANDIDATE,4438569,pink-zebra-moving-of-round-rock-tx,usdot-4438569,1747438,VB MOVING INC,PINK ZEBRA MOVING OF ROUND ROCK TX,hhg_interstate_carrier,
CANDIDATE,4438821,forward-moving,usdot-4438821,1747576,MINKYRYLO LLC,FORWARD MOVING,hhg_interstate_carrier,
CANDIDATE,4438889,friday-transportation-llc,usdot-4438889,1747615,FRIDAY TRANSPORTATION LLC,FRIDAY TRANSPORTATION LLC,hhg_interstate_carrier,
CANDIDATE,4439271,premiere-moving-storage-llc,usdot-4439271,1747814,PREMIERE MOVING & STORAGE LLC,PREMIERE MOVING & STORAGE LLC,hhg_interstate_carrier,
CANDIDATE,4439827,allstates-movers-llc,usdot-4439827,1748106,ALLSTATES MOVERS LLC,ALLSTATES MOVERS LLC,hhg_interstate_carrier,
CANDIDATE,4440044,chubbyfit-movers-llc,usdot-4440044,1748214,CHUBBYFIT MOVERS LLC,CHUBBYFIT MOVERS LLC,hhg_interstate_carrier,
CANDIDATE,4440534,square-cow-moovers-usdot-4440534,usdot-4440534,1748487,ESE MOVING LLC,SQUARE COW MOOVERS,hhg_interstate_carrier,
CANDIDATE,4440814,d-m-signature-freight-llc,usdot-4440814,1748629,D&M SIGNATURE FREIGHT LLC,D&M SIGNATURE FREIGHT LLC,hhg_interstate_carrier,
CANDIDATE,4440853,servicemaster-premier-restoration-services,usdot-4440853,1748645,RESCLEAN LLC,SERVICEMASTER PREMIER RESTORATION SERVICES,hhg_interstate_carrier,
CANDIDATE,4440986,ann-s-expediting-transportation-llc,usdot-4440986,1748712,ANN'S EXPEDITING TRANSPORTATION LLC,ANN'S EXPEDITING TRANSPORTATION LLC,hhg_interstate_carrier,
CANDIDATE,4441094,voyager-moving-company-llc,usdot-4441094,1749244,VOYAGER MOVING COMPANY LLC,VOYAGER MOVING COMPANY LLC,hhg_interstate_carrier,
CANDIDATE,4441379,usaa-towing,usdot-4441379,1748905,USAA TOWING INC,USAA TOWING,hhg_interstate_carrier,
CANDIDATE,4443467,wagner-transporting-llc,usdot-4443467,1750009,WAGNER TRANSPORTING LLC,WAGNER TRANSPORTING LLC,hhg_interstate_carrier,
CANDIDATE,4444490,will-and-hoff-llc,usdot-4444490,1750563,WILL AND HOFF LLC,WILL AND HOFF LLC,hhg_interstate_carrier,
CANDIDATE,4444526,ma-eng-llc,usdot-4444526,1751400,MA ENG LLC,MA ENG LLC,hhg_interstate_carrier,
CANDIDATE,4445010,liftin-shiftin-llc,usdot-4445010,1750833,LIFTIN' & SHIFTIN' LLC,LIFTIN' & SHIFTIN' LLC,hhg_interstate_carrier,
CANDIDATE,4445013,movexus-llc,usdot-4445013,1750835,MOVEXUS LLC,MOVEXUS LLC,hhg_interstate_carrier,
CANDIDATE,4445324,ox-strong-moving-palm-beach,usdot-4445324,1750991,S & M MOVING LLC,OX STRONG MOVING PALM BEACH,hhg_interstate_carrier,
CANDIDATE,444539,odyssey-international-services-inc-usdot-444539,usdot-444539,313563,"ODYSSEY INTERNATIONAL SERVICES, INC.","ODYSSEY INTERNATIONAL SERVICES, INC.",hhg_broker hhg_interstate_carrier,
CANDIDATE,4446747,envelop-by-mcclain-llc,usdot-4446747,1751721,ENVELOP BY  MCCLAIN LLC,ENVELOP BY  MCCLAIN LLC,hhg_interstate_carrier,
CANDIDATE,4446962,truckd-llc,usdot-4446962,1751828,TRUCKD LLC,TRUCKD LLC,hhg_interstate_carrier,
CANDIDATE,4447057,taurus-enterprises-inc,usdot-4447057,1751877,TAURUS ENTERPRISES INC,TAURUS ENTERPRISES INC,hhg_interstate_carrier,
CANDIDATE,4447089,ez-peasy-movers,usdot-4447089,1751893,ECOBINS LLC,EZ PEASY MOVERS,hhg_interstate_carrier,
CANDIDATE,4448143,m-o-transport-inc,usdot-4448143,1752468,M & O TRANSPORT INC,M & O TRANSPORT INC,hhg_interstate_carrier,
CANDIDATE,4448290,ceylan-transportation-llc,usdot-4448290,1752545,CEYLAN TRANSPORTATION LLC,CEYLAN TRANSPORTATION LLC,hhg_interstate_carrier,
CANDIDATE,4448323,bogaz-llc,usdot-4448323,1752561,BOGAZ LLC,BOGAZ LLC,hhg_interstate_carrier,
CANDIDATE,4448824,mileway-moving-and-storage-llp,usdot-4448824,1752820,MILEWAY MOVING AND STORAGE LLP,MILEWAY MOVING AND STORAGE LLP,hhg_interstate_carrier,
CANDIDATE,4449292,voila-logistics,usdot-4449292,1753071,VOILA ICI LLC,VOILA LOGISTICS,hhg_interstate_carrier,
CANDIDATE,4449349,midwest-logistix-llc,usdot-4449349,1753109,MIDWEST LOGISTIX LLC,MIDWEST LOGISTIX LLC,hhg_interstate_carrier,
CANDIDATE,4450031,juanitas-transportation-llc,usdot-4450031,1753478,JUANITAS TRANSPORTATION LLC,JUANITAS TRANSPORTATION LLC,hhg_interstate_carrier,
CANDIDATE,4450389,flyway-transport-inc,usdot-4450389,1756616,FLYWAY TRANSPORT INC,FLYWAY TRANSPORT INC,hhg_interstate_carrier,
CANDIDATE,4450895,empire-freight-shipping-llc,usdot-4450895,1753937,EMPIRE FREIGHT SHIPPING LLC,EMPIRE FREIGHT SHIPPING LLC,hhg_interstate_carrier,
CANDIDATE,4451210,wise-enterprises,usdot-4451210,1754099,THE WISE NETWORK LLC,WISE ENTERPRISES,hhg_interstate_carrier,
CANDIDATE,4451228,impak-services-llc,usdot-4451228,1754110,IMPAK SERVICES LLC,IMPAK SERVICES LLC,hhg_interstate_carrier,
CANDIDATE,4451493,369-transportation-llc,usdot-4451493,1754246,369 TRANSPORTATION LLC,369 TRANSPORTATION LLC,hhg_interstate_carrier,
CANDIDATE,4452180,ash-and-anvil-dirtworks-llc,usdot-4452180,1754629,ASH AND ANVIL DIRTWORKS LLC,ASH AND ANVIL DIRTWORKS LLC,hhg_interstate_carrier,
CANDIDATE,4452658,ay-moving-team-llc,usdot-4452658,1754884,AY MOVING TEAM LLC,AY MOVING TEAM LLC,hhg_interstate_carrier,
CANDIDATE,4453050,freightflyersexpress,usdot-4453050,1755077,FREIGHTFLYERSEXPRESS,FREIGHTFLYERSEXPRESS,hhg_interstate_carrier,
CANDIDATE,4453108,load-dumper-llc,usdot-4453108,1755109,LOAD DUMPER LLC,LOAD DUMPER LLC,hhg_interstate_carrier,
CANDIDATE,4453139,two-men-and-a-truck-cincinnati,usdot-4453139,1755131,PCL CINCINNATI LLC,TWO MEN AND A TRUCK CINCINNATI,hhg_interstate_carrier,
CANDIDATE,4453405,agia-christina-llc,usdot-4453405,1755276,AGIA CHRISTINA LLC,AGIA CHRISTINA LLC,hhg_interstate_carrier,
CANDIDATE,4453904,vsny-van-lines-inc,usdot-4453904,1755525,VSNY VAN LINES INC,VSNY VAN LINES INC,hhg_interstate_carrier,
CANDIDATE,4454357,hebo-movers-llc,usdot-4454357,1755753,HEBO MOVERS LLC,HEBO MOVERS LLC,hhg_interstate_carrier,
CANDIDATE,4454824,good-greek-autotransport,usdot-4454824,1755997,PANAGHIA LLC,GOOD GREEK AUTOTRANSPORT,hhg_interstate_carrier,
CANDIDATE,4455080,erybody-eat-investment-group-llc,usdot-4455080,1756123,ERYBODY EAT INVESTMENT GROUP LLC,ERYBODY EAT INVESTMENT GROUP LLC,hhg_interstate_carrier,
CANDIDATE,4455848,mijangos-transportation-llc,usdot-4455848,1756533,MIJANGOS TRANSPORTATION LLC,MIJANGOS TRANSPORTATION LLC,hhg_interstate_carrier,
CANDIDATE,4455961,capital-moving-storage-of-the-triad,usdot-4455961,1756599,CAPITAL MOVING & STORAGE OF THE TRIAD,CAPITAL MOVING & STORAGE OF THE TRIAD,hhg_interstate_carrier,
CANDIDATE,4456541,gordon-hauls-llc,usdot-4456541,1756884,GORDON HAULS LLC,GORDON HAULS LLC,hhg_interstate_carrier,
CANDIDATE,4459731,two-men-and-a-truck-nky,usdot-4459731,1758580,PCL NKY LLC,TWO MEN AND A TRUCK NKY,hhg_interstate_carrier,
CANDIDATE,4460089,trinity-movers-wnc,usdot-4460089,1758760,TRINITY MOVERS WNC,TRINITY MOVERS WNC,hhg_interstate_carrier,
CANDIDATE,4460288,square-cow-moovers-usdot-4460288,usdot-4460288,1758879,SQM ALC LLC,SQUARE COW MOOVERS,hhg_interstate_carrier,
CANDIDATE,4460439,two-men-and-a-truck-usdot-4460439,usdot-4460439,1758960,OAK CREEK MOVING AND STORAGE LLC,TWO MEN AND A TRUCK,hhg_interstate_carrier,
CANDIDATE,4460715,pink-zebra-moving-of-ann-arbor,usdot-4460715,1759103,ASPIRE MOVING LLC,PINK ZEBRA MOVING OF ANN ARBOR,hhg_interstate_carrier,
CANDIDATE,4460724,star-custom-moving-and-storage,usdot-4460724,178680,"AR GROUP OHIO, LLC",STAR CUSTOM MOVING AND STORAGE,hhg_interstate_carrier,
CANDIDATE,4460852,yellowstone-designer-moving-and-storage,usdot-4460852,1762976,YELLOWSTONE MOVING COMPANY LLC,YELLOWSTONE DESIGNER MOVING AND STORAGE,hhg_interstate_carrier,
CANDIDATE,4461103,verdugo-moving-and-transport-llc,usdot-4461103,1759311,VERDUGO MOVING AND TRANSPORT LLC,VERDUGO MOVING AND TRANSPORT LLC,hhg_interstate_carrier,
CANDIDATE,4462100,adam-moving-and-storage-llc,usdot-4462100,1759875,ADAM MOVING AND STORAGE LLC,ADAM MOVING AND STORAGE LLC,hhg_interstate_carrier,
CANDIDATE,4462955,freight-sync-tms-llc,usdot-4462955,1760305,FREIGHT SYNC TMS LLC,FREIGHT SYNC TMS LLC,hhg_interstate_carrier,
CANDIDATE,4463087,trust-way-transport-llc,usdot-4463087,1760378,TRUST WAY TRANSPORT LLC,TRUST WAY TRANSPORT LLC,hhg_interstate_carrier,
CANDIDATE,4463125,next2next-moving-llc,usdot-4463125,1760402,NEXT2NEXT MOVING LLC,NEXT2NEXT MOVING LLC,hhg_interstate_carrier,
CANDIDATE,4463745,wow-llc,usdot-4463745,1760710,WOW LLC,WOW LLC,hhg_interstate_carrier,
CANDIDATE,4464098,douglas-rodriguez-services-llc,usdot-4464098,1760884,DOUGLAS & RODRIGUEZ SERVICES LLC,DOUGLAS & RODRIGUEZ SERVICES LLC,hhg_interstate_carrier,
CANDIDATE,4465941,camann-transport-llc,usdot-4465941,1761885,CAMANN TRANSPORT LLC,CAMANN TRANSPORT LLC,hhg_interstate_carrier,
CANDIDATE,4466381,dzida-moving,usdot-4466381,1762121,DZIDA MOVING,DZIDA MOVING,hhg_interstate_carrier,
CANDIDATE,4467502,sigmaact-llc,usdot-4467502,1762708,SIGMAACT LLC,SIGMAACT LLC,hhg_interstate_carrier,
CANDIDATE,4467758,uncle-sams-moving-crew-llc,usdot-4467758,1762889,UNCLE SAMS MOVING CREW LLC,UNCLE SAMS MOVING CREW LLC,hhg_interstate_carrier,
CANDIDATE,4468020,majorr-logistic-llc,usdot-4468020,1763040,MAJORR LOGISTIC LLC,MAJORR LOGISTIC LLC,hhg_interstate_carrier,
CANDIDATE,4468273,rz-wholesale-llc,usdot-4468273,1763168,RZ WHOLESALE LLC,RZ WHOLESALE LLC,hhg_interstate_carrier,
CANDIDATE,4469030,bc-b-freight-llc,usdot-4469030,1763537,BC&B FREIGHT LLC,BC&B FREIGHT LLC,hhg_interstate_carrier,
CANDIDATE,4469089,kc-freight-inc,usdot-4469089,1763565,KC FREIGHT  INC,KC FREIGHT  INC,hhg_interstate_carrier,
CANDIDATE,4469623,square-cow-moovers-usdot-4469623,usdot-4469623,1763839,COMPETITIVE IMPACT MOVING LLC,SQUARE COW MOOVERS,hhg_interstate_carrier,
CANDIDATE,4470090,jernagin-holloman-transport-llc,usdot-4470090,1764087,JERNAGIN HOLLOMAN TRANSPORT LLC,JERNAGIN HOLLOMAN TRANSPORT LLC,hhg_interstate_carrier,
CANDIDATE,4470746,ephe-llc,usdot-4470746,1764446,EPHE LLC,EPHE LLC,hhg_interstate_carrier,
CANDIDATE,4470797,nova-moving-storage-llc,usdot-4470797,1764467,NOVA MOVING & STORAGE LLC,NOVA MOVING & STORAGE LLC,hhg_interstate_carrier,
CANDIDATE,4471585,two-men-and-a-truck-of-los-angeles,usdot-4471585,1777417,SWIFT MOVERS LLC,TWO MEN AND A TRUCK OF LOS ANGELES,hhg_interstate_carrier,
CANDIDATE,4471994,jacob-s-moving-and-storage-llc,usdot-4471994,1765084,JACOB'S MOVING AND STORAGE LLC,JACOB'S MOVING AND STORAGE LLC,hhg_interstate_carrier,
CANDIDATE,4472022,huron-lanes,usdot-4472022,1765099,COMPTON CAPITAL INC.,HURON LANES,hhg_interstate_carrier,
CANDIDATE,4472094,fastpac-forwarding-inc,usdot-4472094,,FASTPAC FORWARDING INC,FASTPAC FORWARDING INC,hhg_interstate_carrier,
CANDIDATE,4472608,university-van-lines,usdot-4472608,1765390,"E & E RIGGING AND MACHINERY CO., INC.",UNIVERSITY VAN LINES,hhg_interstate_carrier,
CANDIDATE,4473042,tbilisig1-llc,usdot-4473042,1765631,TBILISIG1 LLC,TBILISIG1 LLC,hhg_interstate_carrier,
CANDIDATE,4473175,witherspoon-harris-operations,usdot-4473175,1765743,WITHERSPOON & HARRIS OPERATIONS LLC,WITHERSPOON & HARRIS OPERATIONS,hhg_interstate_carrier,
CANDIDATE,4474013,gemibra-moving-company-llc,usdot-4474013,1766129,GEMIBRA MOVING COMPANY LLC,GEMIBRA MOVING COMPANY LLC,hhg_interstate_carrier,
CANDIDATE,4474442,m-m-transport-and-logistic-llc,usdot-4474442,1766334,M&M TRANSPORT AND LOGISTIC LLC,M&M TRANSPORT AND LOGISTIC LLC,hhg_interstate_carrier,
CANDIDATE,4474565,horsepower-moving-and-storage-llc,usdot-4474565,1766395,HORSEPOWER MOVING AND STORAGE LLC,HORSEPOWER MOVING AND STORAGE LLC,hhg_interstate_carrier,
CANDIDATE,4475920,truesmith-group-llc,usdot-4475920,1767095,TRUESMITH GROUP LLC,TRUESMITH GROUP LLC,hhg_interstate_carrier,
CANDIDATE,4476166,seaworthy-group-llc,usdot-4476166,1767242,SEAWORTHY GROUP LLC,SEAWORTHY GROUP LLC,hhg_interstate_carrier,
CANDIDATE,4476338,goldenlift-movers-llc,usdot-4476338,1767337,GOLDENLIFT MOVERS LLC,GOLDENLIFT MOVERS LLC,hhg_interstate_carrier,
CANDIDATE,4476366,custom-transportation,usdot-4476366,1767357,CUSTOM TRANSPORTATION,CUSTOM TRANSPORTATION,hhg_interstate_carrier,
CANDIDATE,4476646,caravan-moving-llc,usdot-4476646,1781177,CARAVAN MOVING LLC,CARAVAN MOVING LLC,hhg_interstate_carrier,
CANDIDATE,4476876,valle-operations-llc,usdot-4476876,1767640,VALLE OPERATIONS LLC,VALLE OPERATIONS LLC,hhg_interstate_carrier,
CANDIDATE,4477696,two-men-and-a-truck-usdot-4477696,usdot-4477696,1768018,AZ 615 MOVERS LLC,TWO MEN AND A TRUCK,hhg_interstate_carrier,
CANDIDATE,4478065,varisita-global-connections,usdot-4478065,1768219,SHUMBA HOLDINGS LLC,VARISITA GLOBAL CONNECTIONS,hhg_interstate_carrier,
CANDIDATE,4478221,james-james-llc,usdot-4478221,1768326,JAMES & JAMES LLC,JAMES & JAMES LLC,hhg_interstate_carrier,
CANDIDATE,4478542,lilac-moving,usdot-4478542,1768507,LILAC MOVERS LLC,LILAC MOVING,hhg_interstate_carrier,
CANDIDATE,4479186,mdh-llc,usdot-4479186,1768846,MDH LLC,MDH LLC,hhg_interstate_carrier,
CANDIDATE,4479645,apex-van-lines-inc,usdot-4479645,1769076,APEX VAN LINES INC,APEX VAN LINES INC,hhg_interstate_carrier,
CANDIDATE,44799,pikes-peak-moving-storage-llc,usdot-44799,136490,PIKES PEAK MOVING & STORAGE LLC,PIKES PEAK MOVING & STORAGE LLC,hhg_interstate_carrier,
CANDIDATE,4480400,1800packouts-of-dc,usdot-4480400,1769486,SOLVEXUS COMPANY,1800PACKOUTS OF DC,hhg_interstate_carrier,
CANDIDATE,4480460,d-b-haul-starz,usdot-4480460,1774414,JAMES WAGONER,D&B HAUL STARZ,hhg_interstate_carrier,
CANDIDATE,4481132,ricardo-s-towing-services-llc,usdot-4481132,1769851,RICARDO'S TOWING SERVICES LLC,RICARDO'S TOWING SERVICES LLC,hhg_interstate_carrier,
CANDIDATE,4481497,courier-services,usdot-4481497,1770044,AVAL'S TRANSPORT LLC,COURIER SERVICES,hhg_interstate_carrier,
CANDIDATE,4481539,clairetransportsolution,usdot-4481539,1770069,CLAIRETRANSPORTSOLUTION,CLAIRETRANSPORTSOLUTION,hhg_interstate_carrier,
CANDIDATE,4481833,arlandas-kumpys,usdot-4481833,1770239,ARLANDAS KUMPYS,ARLANDAS KUMPYS,hhg_interstate_carrier,
CANDIDATE,4482118,jvm-moving-transport-llc,usdot-4482118,1770427,JVM MOVING & TRANSPORT LLC,JVM MOVING & TRANSPORT LLC,hhg_interstate_carrier,
CANDIDATE,4482487,yn-e-transportation-llc,usdot-4482487,1770644,YN&E TRANSPORTATION LLC,YN&E TRANSPORTATION LLC,hhg_interstate_carrier,
CANDIDATE,4482500,santee-southern-llc,usdot-4482500,1770654,SANTEE SOUTHERN LLC,SANTEE SOUTHERN LLC,hhg_interstate_carrier,
CANDIDATE,4482678,njau-investments-llc,usdot-4482678,1770749,NJAU INVESTMENTS LLC,NJAU INVESTMENTS LLC,hhg_interstate_carrier,
CANDIDATE,4482807,roger-that-dynamics-llc,usdot-4482807,1775636,ROGER THAT DYNAMICS LLC,ROGER THAT DYNAMICS LLC,hhg_interstate_carrier,
CANDIDATE,4485029,caring-transitions-rockville-bethesda-annapolis,usdot-4485029,1772037,ENTSERVECT INC,CARING TRANSITIONS ROCKVILLE BETHESDA ANNAPOLIS,hhg_interstate_carrier,
CANDIDATE,4485315,skrrt-xpress-llc,usdot-4485315,1772193,SKRRT XPRESS LLC,SKRRT XPRESS LLC,hhg_interstate_carrier,
CANDIDATE,4485687,global-trans-van-lines,usdot-4485687,1772397,P F MOVERS LLC,GLOBAL TRANS VAN LINES,hhg_interstate_carrier,
CANDIDATE,4486510,otr,usdot-4486510,1772826,OVER THE ROAD LIMITED,OTR,hhg_interstate_carrier,
CANDIDATE,4488721,sagda-llc,usdot-4488721,1773996,SAGDA LLC,SAGDA LLC,hhg_interstate_carrier,
CANDIDATE,4490148,truko-services-usa,usdot-4490148,1774753,J URBINA SERVICES LLC,TRUKO SERVICES USA,hhg_interstate_carrier,
CANDIDATE,4490197,mirassol-inc,usdot-4490197,1774783,MIRASSOL INC,MIRASSOL INC,hhg_interstate_carrier,
CANDIDATE,4490443,square-cow-moovers,usdot-4490443,1774940,LIMOGYSTIX LLC,SQUARE COW MOOVERS,hhg_interstate_carrier,
CANDIDATE,4490764,duque-installations-inc,usdot-4490764,1775103,DUQUE INSTALLATIONS INC,DUQUE INSTALLATIONS INC,hhg_interstate_carrier,
CANDIDATE,4490933,hwill-transportation-llc,usdot-4490933,1775197,"HWILL TRANSPORTATION, LLC","HWILL TRANSPORTATION, LLC",hhg_interstate_carrier,
CANDIDATE,4491274,2bbj-s-inc-llc,usdot-4491274,1775377,2BBJ'S INC LLC,2BBJ'S INC LLC,hhg_interstate_carrier,
CANDIDATE,4492122,el-rubio-moving-company-inc,usdot-4492122,1775890,EL RUBIO MOVING COMPANY INC,EL RUBIO MOVING COMPANY INC,hhg_interstate_carrier,
CANDIDATE,4492785,saz-transportation-llc,usdot-4492785,1781384,SAZ TRANSPORTATION LLC,SAZ TRANSPORTATION LLC,hhg_interstate_carrier,
CANDIDATE,4493159,onemove,usdot-4493159,1776444,SMB TRANSITIONS LLC,ONEMOVE,hhg_interstate_carrier,
CANDIDATE,4493305,stallion-enterprise-llc,usdot-4493305,1776534,STALLION ENTERPRISE LLC,STALLION ENTERPRISE LLC,hhg_interstate_carrier,
CANDIDATE,4493423,clksolutions25,usdot-4493423,1776600,CLKSOLUTIONS25,CLKSOLUTIONS25,hhg_interstate_carrier,
CANDIDATE,4493436,alacrity-transort-llc,usdot-4493436,1776610,ALACRITY TRANSORT LLC,ALACRITY TRANSORT LLC,hhg_interstate_carrier,
CANDIDATE,4493883,rebelroute-llc,usdot-4493883,1776857,REBELROUTE LLC,REBELROUTE LLC,hhg_interstate_carrier,
CANDIDATE,4494070,dauntless-resource-group-inc,usdot-4494070,1776938,DAUNTLESS RESOURCE GROUP INC,DAUNTLESS RESOURCE GROUP INC,hhg_interstate_carrier,
CANDIDATE,4494500,chattboxsolutions-llc,usdot-4494500,1777160,CHATTBOXSOLUTIONS LLC,CHATTBOXSOLUTIONS LLC,hhg_interstate_carrier,
CANDIDATE,4494675,j-and-j-mobile-llc,usdot-4494675,1777261,J AND J MOBILE LLC,J AND J MOBILE LLC,hhg_interstate_carrier,
CANDIDATE,4494951,liberty-van-lines-llc,usdot-4494951,1777419,LIBERTY VAN LINES LLC,LIBERTY VAN LINES LLC,hhg_interstate_carrier,
CANDIDATE,4495310,r-j-holmes-company-llc,usdot-4495310,1777609,R&J HOLMES COMPANY LLC,R&J HOLMES COMPANY LLC,hhg_interstate_carrier,
CANDIDATE,4495496,bacio-acadiana-movers-llc,usdot-4495496,1777700,BACIO ACADIANA MOVERS LLC,BACIO ACADIANA MOVERS LLC,hhg_interstate_carrier,
CANDIDATE,4495973,us-eilayan-movers-crew-llc,usdot-4495973,1777983,US EILAYAN MOVERS CREW LLC,US EILAYAN MOVERS CREW LLC,hhg_interstate_carrier,
CANDIDATE,4496442,peak-to-peak-moving,usdot-4496442,1790473,PEAK TO PEAK LLC,PEAK TO PEAK MOVING,hhg_interstate_carrier,
CANDIDATE,4496694,d2-farms-llc,usdot-4496694,1786150,D2 FARMS LLC,D2 FARMS LLC,hhg_interstate_carrier,
CANDIDATE,4497002,american-dream-movers-usdot-4497002,usdot-4497002,1778500,DRIFTLINELOGISTIC LLC,AMERICAN DREAM MOVERS,hhg_interstate_carrier,
CANDIDATE,4497026,pinehurst-transport-llc,usdot-4497026,1780024,PINEHURST TRANSPORT LLC,PINEHURST TRANSPORT LLC,hhg_interstate_carrier,
CANDIDATE,4497164,unique-destinations-llc,usdot-4497164,1778573,UNIQUE DESTINATIONS LLC,UNIQUE DESTINATIONS LLC,hhg_interstate_carrier,
CANDIDATE,4498083,cbpi-transportation-llc,usdot-4498083,1779101,CBPI TRANSPORTATION LLC,CBPI TRANSPORTATION LLC,hhg_interstate_carrier,
CANDIDATE,4498407,sri-radha-gopinath-mandir,usdot-4498407,1779243,INDIA HERITAGE FOUNDATION NJNY INC,SRI RADHA GOPINATH MANDIR,hhg_interstate_carrier,
CANDIDATE,4499003,cardinal-cargo-llc,usdot-4499003,1779563,CARDINAL CARGO LLC,CARDINAL CARGO LLC,hhg_interstate_carrier,
CANDIDATE,4500218,bashan-group-llc,usdot-4500218,1780212,BASHAN GROUP LLC,BASHAN GROUP LLC,hhg_interstate_carrier,
CANDIDATE,4500390,stonebrook-llc,usdot-4500390,1780298,STONEBROOK LLC,STONEBROOK LLC,hhg_interstate_carrier,
CANDIDATE,4501915,universal-moving-storage-llc,usdot-4501915,1799474,UNIVERSAL MOVING & STORAGE LLC,UNIVERSAL MOVING & STORAGE LLC,hhg_interstate_carrier,
CANDIDATE,4501946,starving-artists-movers-llc,usdot-4501946,1781103,STARVING ARTISTS MOVERS LLC,STARVING ARTISTS MOVERS LLC,hhg_interstate_carrier,
CANDIDATE,4502218,cb-transport-llc,usdot-4502218,1781266,CB TRANSPORT LLC,CB TRANSPORT LLC,hhg_interstate_carrier,
CANDIDATE,4502309,unlimited-logistics,usdot-4502309,1781311,KERSH UNLIMITED LLC,UNLIMITED LOGISTICS,hhg_interstate_carrier,
CANDIDATE,4503112,kc-consolidated-of-ky,usdot-4503112,1781730,KC CONSOLIDATED OF KY,KC CONSOLIDATED OF KY,hhg_interstate_carrier,
CANDIDATE,4503409,gp-tows-transportation-llc,usdot-4503409,1781876,GP TOWS & TRANSPORTATION LLC,GP TOWS & TRANSPORTATION LLC,hhg_interstate_carrier,
CANDIDATE,4503840,h-transport-llc,usdot-4503840,1782092,H TRANSPORT LLC,H TRANSPORT LLC,hhg_interstate_carrier,
CANDIDATE,4503854,sward-cutter,usdot-4503854,1782097,CONNIE SHEFFIELD,SWARD CUTTER,hhg_interstate_carrier,
CANDIDATE,4503907,sos-towing-recovery,usdot-4503907,1782133,SOS TOWING INCORPORATED,SOS TOWING & RECOVERY,hhg_interstate_carrier,
CANDIDATE,4503917,m-s-van-lines,usdot-4503917,1782137,M&S VAN LINES,M&S VAN LINES,hhg_interstate_carrier,
CANDIDATE,4504303,timberland-freight,usdot-4504303,1782326,SHAIBAN ENTERPRISE LLC,TIMBERLAND FREIGHT,hhg_interstate_carrier,
CANDIDATE,4504661,rite-llc,usdot-4504661,1782509,RITE LLC,RITE LLC,hhg_interstate_carrier,
CANDIDATE,4504674,soman-co-llc,usdot-4504674,1782518,SOMAN & CO LLC,SOMAN & CO LLC,hhg_interstate_carrier,
CANDIDATE,4505045,black-diamond-moving-co,usdot-4505045,426990,"GW MOVING AND STORAGE, LLC",BLACK DIAMOND MOVING CO,hhg_interstate_carrier,
CANDIDATE,4505141,lola-s-moving-services-llc,usdot-4505141,1782784,LOLA'S MOVING SERVICES LLC,LOLA'S MOVING SERVICES LLC,hhg_interstate_carrier,
CANDIDATE,4506458,c2z-transport-llc,usdot-4506458,1783482,C2Z TRANSPORT LLC,C2Z TRANSPORT LLC,hhg_interstate_carrier,
CANDIDATE,4506839,meditation-movers,usdot-4506839,1783686,MEDITATION MOVERS INC,MEDITATION MOVERS,hhg_interstate_carrier,
CANDIDATE,4507100,hb-moving-company,usdot-4507100,1783823,HB MOVING COMPANY,HB MOVING COMPANY,hhg_interstate_carrier,
CANDIDATE,4508456,road-runners-llc,usdot-4508456,1784519,ROAD RUNNERS LLC,ROAD RUNNERS LLC,hhg_interstate_carrier,
CANDIDATE,4508669,rs-transporation-llc,usdot-4508669,1784643,RS TRANSPORATION LLC,RS TRANSPORATION LLC,hhg_interstate_carrier,
CANDIDATE,4509209,palitrans-llc,usdot-4509209,1794730,PALITRANS LLC,PALITRANS LLC,hhg_interstate_carrier,
CANDIDATE,4509365,will-be-enterprises,usdot-4509365,1785023,WILL BE ENTERPRISES LLC,WILL BE ENTERPRISES,hhg_interstate_carrier,
CANDIDATE,4509871,advanced-moving,usdot-4509871,1785274,ADVANCED MOVING HOLDINGS LLC,ADVANCED MOVING,hhg_interstate_carrier,
CANDIDATE,4510064,prime-route-logistics,usdot-4510064,1785386,GRANT NOBALE ENTERPRISE LLC,PRIME ROUTE LOGISTICS,hhg_interstate_carrier,
CANDIDATE,4510507,norris-moving-and-installations-llc,usdot-4510507,1785656,NORRIS MOVING AND INSTALLATIONS LLC,NORRIS MOVING AND INSTALLATIONS LLC,hhg_interstate_carrier,
CANDIDATE,4510709,westbound-logistic-llc,usdot-4510709,1785765,WESTBOUND LOGISTIC LLC,WESTBOUND LOGISTIC LLC,hhg_interstate_carrier,
CANDIDATE,4511511,pantech-moving,usdot-4511511,1786229,PANTECHNICON INDUSTRIES LLC,PANTECH MOVING,hhg_interstate_carrier,
CANDIDATE,4511769,abn-comprehensive-home-solutions,usdot-4511769,1786356,ITAIPEARL INC,ABN COMPREHENSIVE HOME SOLUTIONS,hhg_interstate_carrier,
CANDIDATE,4512265,tea-transport-llc,usdot-4512265,1786579,TEA TRANSPORT LLC,TEA TRANSPORT LLC,hhg_interstate_carrier,
CANDIDATE,4512673,samu-samu,usdot-4512673,1786805,SAMUS SERVICES,SAMU SAMU,hhg_interstate_carrier,
CANDIDATE,4512837,ccs-freight-lines,usdot-4512837,1786884,CCS FREIGHT LINES LLC,CCS FREIGHT LINES,hhg_interstate_carrier,
CANDIDATE,4513881,peda-transportation,usdot-4513881,1787463,PEDA TRANSPORTATION LLC,PEDA TRANSPORTATION,hhg_interstate_carrier,
CANDIDATE,4514149,jdaam-transport-llc,usdot-4514149,1800239,JDAAM TRANSPORT LLC,JDAAM TRANSPORT LLC,hhg_interstate_carrier,
CANDIDATE,4514968,bird-dog-moving-and-logistics,usdot-4514968,1788034,BIRD DOG PROPERTY SERVICES LLC,BIRD DOG MOVING AND LOGISTICS,hhg_interstate_carrier,
CANDIDATE,4515292,kunis-piano-moving,usdot-4515292,1788222,ATLANTIC MOVING SERVICES LLC,KUNIS PIANO MOVING,hhg_interstate_carrier,
CANDIDATE,4515644,sunnyside-global-services-llc,usdot-4515644,1788412,SUNNYSIDE GLOBAL SERVICES LLC,SUNNYSIDE GLOBAL SERVICES LLC,hhg_interstate_carrier,
CANDIDATE,4515669,trifecta-loads-llc,usdot-4515669,1788425,TRIFECTA LOADS LLC,TRIFECTA LOADS LLC,hhg_interstate_carrier,
CANDIDATE,4515738,yeshua-saves-llc,usdot-4515738,1788453,YESHUA SAVES LLC,YESHUA SAVES LLC,hhg_interstate_carrier,
CANDIDATE,4517510,weekly-quickly-transport-llc,usdot-4517510,1789403,WEEKLY & QUICKLY TRANSPORT LLC,WEEKLY & QUICKLY TRANSPORT LLC,hhg_interstate_carrier,
CANDIDATE,4517565,the-blake-experience-movers-llc,usdot-4517565,1789431,THE BLAKE EXPERIENCE MOVERS LLC,THE BLAKE EXPERIENCE MOVERS LLC,hhg_interstate_carrier,
CANDIDATE,4517846,college-hunks-hauling-junk-moving-usdot-4517846,usdot-4517846,1800787,WRWS LLC,COLLEGE HUNKS HAULING JUNK & MOVING,hhg_interstate_carrier,
CANDIDATE,4518105,vallee-interiors-inc,usdot-4518105,1789704,VALLEE INTERIORS INC,VALLEE INTERIORS INC,hhg_interstate_carrier,
CANDIDATE,4518320,k-crew-moving-hauling,usdot-4518320,1789812,NICHOLAS KOZLOVAC,K CREW MOVING & HAULING,hhg_interstate_carrier,
CANDIDATE,4518552,swva-moving-storage,usdot-4518552,1789951,SWVA SERVICES GROUP LLC,SWVA MOVING & STORAGE,hhg_interstate_carrier,
CANDIDATE,4519129,caring-transitions-of-toledo,usdot-4519129,1790287,MCURTICE LLC,CARING TRANSITIONS OF TOLEDO,hhg_interstate_carrier,
CANDIDATE,4519187,gelle-transportation-llc,usdot-4519187,1790317,GELLE TRANSPORTATION LLC,GELLE TRANSPORTATION LLC,hhg_interstate_carrier,
CANDIDATE,45193,cardinale-moving-storage-inc,usdot-45193,138022,"CARDINALE MOVING & STORAGE, INC.","CARDINALE MOVING & STORAGE, INC.",hhg_interstate_carrier,
CANDIDATE,4519566,865-movers-llc,usdot-4519566,1790506,865 MOVERS LLC,865 MOVERS LLC,hhg_interstate_carrier,
CANDIDATE,4520601,my-buddies-moving,usdot-4520601,1795310,M&S MOVING SERVICES LLC,MY BUDDIES MOVING,hhg_interstate_carrier,
CANDIDATE,4520643,destination-moving-furnishings-llc,usdot-4520643,1791100,DESTINATION MOVING & FURNISHINGS LLC,DESTINATION MOVING & FURNISHINGS LLC,hhg_interstate_carrier,
CANDIDATE,4520875,ferhat-transportation-llc,usdot-4520875,1791222,FERHAT TRANSPORTATION LLC,FERHAT TRANSPORTATION LLC,hhg_interstate_carrier,
CANDIDATE,4521246,f-a-v-a-llc,usdot-4521246,1791412,F .A .V .A  LLC,F .A .V .A  LLC,hhg_interstate_carrier,
CANDIDATE,4521742,mamas-movers-llc,usdot-4521742,1791676,MAMAS MOVERS LLC,MAMAS MOVERS LLC,hhg_interstate_carrier,
CANDIDATE,4521777,military-veteran-movers-llc,usdot-4521777,1791692,MILITARY VETERAN MOVERS LLC,MILITARY VETERAN MOVERS LLC,hhg_interstate_carrier,
CANDIDATE,4522034,source-1-movers-llc,usdot-4522034,1791827,SOURCE 1 MOVERS LLC,SOURCE 1 MOVERS LLC,hhg_interstate_carrier,
CANDIDATE,4522493,camaj-transport-1-llc,usdot-4522493,1793145,CAMAJ TRANSPORT 1 LLC,CAMAJ TRANSPORT 1 LLC,hhg_interstate_carrier,
CANDIDATE,4522503,nexmove-llc,usdot-4522503,1792080,NEXMOVE LLC,NEXMOVE LLC,hhg_interstate_carrier,
CANDIDATE,4522524,oscar-hutchinson,usdot-4522524,1792091,OSCAR HUTCHINSON,OSCAR HUTCHINSON,hhg_interstate_carrier,
CANDIDATE,4523959,hexora-moving-and-storage-llc,usdot-4523959,1792830,HEXORA MOVING AND STORAGE LLC,HEXORA MOVING AND STORAGE LLC,hhg_interstate_carrier,
CANDIDATE,4524130,maya-moving-and-storage-llc,usdot-4524130,1792935,MAYA MOVING AND STORAGE LLC,MAYA MOVING AND STORAGE LLC,hhg_interstate_carrier,
CANDIDATE,4524329,irelocation-services-corp,usdot-4524329,1793043,IRELOCATION SERVICES CORP,IRELOCATION SERVICES CORP,hhg_interstate_carrier,
CANDIDATE,4525347,gomuverz-llc,usdot-4525347,1793595,GOMUVERZ LLC,GOMUVERZ LLC,hhg_interstate_carrier,
CANDIDATE,4525432,minn-trans-co-llc,usdot-4525432,1793630,MINN TRANS CO LLC,MINN TRANS CO LLC,hhg_interstate_carrier,
CANDIDATE,4525727,trojan-trucking,usdot-4525727,1793799,TROJAN UNLIMITED LLC,TROJAN TRUCKING,hhg_interstate_carrier,
CANDIDATE,4526003,jcs-moving-and-storage-llc,usdot-4526003,1793949,JCS MOVING AND STORAGE LLC,JCS MOVING AND STORAGE LLC,hhg_interstate_carrier,
CANDIDATE,4527275,high-stream-moving-company-llc,usdot-4527275,1797339,HIGH STREAM MOVING COMPANY LLC,HIGH STREAM MOVING COMPANY LLC,hhg_interstate_carrier,
CANDIDATE,4528095,norumbega-moving-storage,usdot-4528095,1795089,SOCO LLC,NORUMBEGA MOVING & STORAGE,hhg_interstate_carrier,
CANDIDATE,4528298,national-moving-team,usdot-4528298,1795186,WAYLAND VAN LINES INC,NATIONAL MOVING TEAM,hhg_interstate_carrier,
CANDIDATE,4528522,square-cow-moovers-usdot-4528522,usdot-4528522,1797212,WOODIE-FELLS GROUP LLC,SQUARE COW MOOVERS,hhg_interstate_carrier,
CANDIDATE,4528715,pink-zebra-moving-of-chagrin-falls-oh,usdot-4528715,1795400,21 INVESTING INC,PINK ZEBRA MOVING OF CHAGRIN FALLS OH,hhg_interstate_carrier,
CANDIDATE,4529148,kd-transport-dfw-llc,usdot-4529148,1795643,KD TRANSPORT DFW LLC,KD TRANSPORT DFW LLC,hhg_interstate_carrier,
CANDIDATE,4529405,cressendo-llc,usdot-4529405,1795794,CRESSENDO LLC,CRESSENDO LLC,hhg_interstate_carrier,
CANDIDATE,4529779,and-transport-llc,usdot-4529779,1795970,AND  TRANSPORT LLC,AND  TRANSPORT LLC,hhg_interstate_carrier,
CANDIDATE,452996,ball-auction-incorporated,usdot-452996,145564,BALL AUCTION INCORPORATED,BALL AUCTION INCORPORATED,hhg_interstate_carrier,
CANDIDATE,4530208,ljv-trucking,usdot-4530208,1796203,LOUIS VANICEK,LJV TRUCKING,hhg_interstate_carrier,
CANDIDATE,4531082,m-trucks-and-movers,usdot-4531082,1796666,NEZERO LLC,M-TRUCKS AND MOVERS,hhg_interstate_carrier,
CANDIDATE,4531203,tarbinson-transport-solutions,usdot-4531203,1796737,TARBINSON INDUSTRIES LLC,TARBINSON TRANSPORT SOLUTIONS,hhg_interstate_carrier,
CANDIDATE,4531213,quickhelp-moving-inc,usdot-4531213,1796741,QUICKHELP MOVING INC,QUICKHELP MOVING INC,hhg_interstate_carrier,
CANDIDATE,4531243,us-movers-van-lines-llc,usdot-4531243,1796761,US MOVERS VAN LINES LLC,US MOVERS VAN LINES LLC,hhg_interstate_carrier,
CANDIDATE,4531317,j-c-brockette-transport-llc,usdot-4531317,1796793,J&C BROCKETTE TRANSPORT LLC,J&C BROCKETTE TRANSPORT LLC,hhg_interstate_carrier,
CANDIDATE,4531503,ez-movers,usdot-4531503,1796896,HOLLOWELL RE VENTURES LLC,EZ MOVERS,hhg_interstate_carrier,
CANDIDATE,4531680,srt-group-inc,usdot-4531680,1796983,SRT GROUP INC,SRT GROUP INC,hhg_interstate_carrier,
CANDIDATE,4531719,rocky-times-hot-shots-llc,usdot-4531719,1797007,ROCKY TIMES HOT SHOTS LLC,ROCKY TIMES HOT SHOTS LLC,hhg_interstate_carrier,
CANDIDATE,4532096,perkings-transportation-company-llc,usdot-4532096,1797185,PERKINGS TRANSPORTATION COMPANY LLC,PERKINGS TRANSPORTATION COMPANY LLC,hhg_interstate_carrier,
CANDIDATE,4532112,alshibl-logist-llc,usdot-4532112,1797192,ALSHIBL LOGIST LLC,ALSHIBL LOGIST LLC,hhg_interstate_carrier,
CANDIDATE,4533601,prime-moovers-inc,usdot-4533601,1797987,PRIME MOOVERS INC,PRIME MOOVERS INC,hhg_interstate_carrier,
CANDIDATE,4534253,diamond-freight-transport-llc,usdot-4534253,1798380,DIAMOND FREIGHT TRANSPORT LLC,DIAMOND FREIGHT TRANSPORT LLC,hhg_interstate_carrier,
CANDIDATE,4534348,ewida-express,usdot-4534348,1798437,EWIDA ENTERPRISES CORPORATION,EWIDA EXPRESS,hhg_interstate_carrier,
CANDIDATE,4535256,load-n-go-services-llc,usdot-4535256,1798932,LOAD N GO SERVICES LLC,LOAD N GO SERVICES LLC,hhg_interstate_carrier,
CANDIDATE,4536257,bennett-s-moving-company-llc,usdot-4536257,1799464,BENNETT'S MOVING COMPANY LLC,BENNETT'S MOVING COMPANY LLC,hhg_interstate_carrier,
CANDIDATE,4536675,ciz-transport-llc,usdot-4536675,1799678,CIZ TRANSPORT LLC,CIZ TRANSPORT LLC,hhg_interstate_carrier,
CANDIDATE,4537223,stateline-moving-group-llc,usdot-4537223,1799977,STATELINE MOVING GROUP LLC,STATELINE MOVING GROUP LLC,hhg_interstate_carrier,
CANDIDATE,4538492,zbz-llc,usdot-4538492,1800652,ZBZ LLC,ZBZ LLC,hhg_interstate_carrier,
CANDIDATE,4539395,toni-transport-llc,usdot-4539395,1801151,TONI TRANSPORT LLC,TONI TRANSPORT LLC,hhg_interstate_carrier,
CANDIDATE,4539670,tnj-transportation-llc,usdot-4539670,1801304,TNJ TRANSPORTATION LLC,TNJ TRANSPORTATION LLC,hhg_interstate_carrier,
CANDIDATE,4539739,b-v-transport-llc,usdot-4539739,1801348,B&V TRANSPORT LLC,B&V TRANSPORT LLC,hhg_interstate_carrier,
CANDIDATE,4540497,myline-movers-llc,usdot-4540497,1801747,MYLINE MOVERS LLC,MYLINE MOVERS LLC,hhg_interstate_carrier,
CANDIDATE,4540619,ballard-s-transport,usdot-4540619,1801810,BALLARD'S TRANSPORT,BALLARD'S TRANSPORT,hhg_interstate_carrier,
CANDIDATE,4540645,straight-row-transport-llc,usdot-4540645,1801822,STRAIGHT ROW TRANSPORT LLC,STRAIGHT ROW TRANSPORT LLC,hhg_interstate_carrier,
CANDIDATE,4540854,sdctransportation-llc,usdot-4540854,1801957,SDCTRANSPORTATION LLC,SDCTRANSPORTATION LLC,hhg_interstate_carrier,
CANDIDATE,4541259,n-e-autos-inc,usdot-4541259,1802178,N E AUTOS INC,N E AUTOS INC,hhg_interstate_carrier,
CANDIDATE,4541282,mia-s-company,usdot-4541282,1802188,PRINCESS MIA'S & COMPANY LLC,MIA'S & COMPANY,hhg_interstate_carrier,
CANDIDATE,4541387,gotranza-llc,usdot-4541387,1802249,GOTRANZA LLC,GOTRANZA LLC,hhg_interstate_carrier,
CANDIDATE,4543742,calderon-craftsmen-llc,usdot-4543742,1803558,CALDERON CRAFTSMEN LLC,CALDERON CRAFTSMEN LLC,hhg_interstate_carrier,
CANDIDATE,4544882,pink-zebra-moving-of-tampa-usdot-4544882,usdot-4544882,1804147,MSRE GROUP LLC,PINK ZEBRA MOVING OF TAMPA,hhg_interstate_carrier,
CANDIDATE,4545213,pink-zebra-moving-of-salt-lake-city,usdot-4545213,1804346,AMMARIA SHOPS LLC,PINK ZEBRA MOVING OF SALT LAKE CITY,hhg_interstate_carrier,
CANDIDATE,4545734,pena-industry-llc,usdot-4545734,1804641,PENA INDUSTRY LLC,PENA INDUSTRY LLC,hhg_interstate_carrier,
CANDIDATE,4547516,pink-zebra-moving-of-nashville-tn-usdot-4547516,usdot-4547516,1805605,ME THIRD MOVING LLC,"PINK ZEBRA MOVING OF NASHVILLE, TN",hhg_interstate_carrier,
CANDIDATE,4547964,lkm-transportation-llc,usdot-4547964,1805812,LKM TRANSPORTATION LLC,LKM TRANSPORTATION LLC,hhg_interstate_carrier,
CANDIDATE,4548256,square-cow-moovers-usdot-4548256,usdot-4548256,1805958,IRON YOKE ENTERPRISES LLC,SQUARE COW MOOVERS,hhg_interstate_carrier,
CANDIDATE,454870,modern-piano-moving,usdot-454870,240153,"MODERN MOTOR COACHES, INC.",MODERN PIANO MOVING,hhg_interstate_carrier,
CANDIDATE,4549665,yess-wake-enterprizes-llc,usdot-4549665,1806672,YESS WAKE ENTERPRIZES LLC,YESS WAKE ENTERPRIZES LLC,hhg_interstate_carrier,
CANDIDATE,4550113,miller-piano-specialists,usdot-4550113,1806925,SPRUCE MUSIC INC,MILLER PIANO SPECIALISTS,hhg_interstate_carrier,
CANDIDATE,4550250,dilone-moving-transport-llc,usdot-4550250,1806992,DILONE MOVING & TRANSPORT LLC,DILONE MOVING & TRANSPORT LLC,hhg_interstate_carrier,
CANDIDATE,4550623,archangel-moving-llc,usdot-4550623,1807166,ARCHANGEL MOVING LLC,ARCHANGEL MOVING LLC,hhg_interstate_carrier,
CANDIDATE,4550757,jireh-transportation-services-llc,usdot-4550757,1807243,JIREH TRANSPORTATION SERVICES LLC,JIREH TRANSPORTATION SERVICES LLC,hhg_interstate_carrier,
CANDIDATE,4551323,jerrica-brown-jimmie-jackson,usdot-4551323,1807549,DABIGGESTTRUCKING,JERRICA BROWN & JIMMIE JACKSON,hhg_interstate_carrier,
CANDIDATE,4551329,fredrickson-freight-llc,usdot-4551329,1807553,FREDRICKSON FREIGHT LLC,FREDRICKSON FREIGHT LLC,hhg_interstate_carrier,
CANDIDATE,4551476,dtg-transport-llc,usdot-4551476,1807642,DTG TRANSPORT LLC,DTG TRANSPORT LLC,hhg_interstate_carrier,
CANDIDATE,4553010,am9,usdot-4553010,1808472,AM9,AM9,hhg_interstate_carrier,
CANDIDATE,4553685,ursa-major-freight-lines,usdot-4553685,1808856,ANTHONY BONDI,URSA MAJOR FREIGHT LINES,hhg_interstate_carrier,
CANDIDATE,4554962,jck-transport-llc,usdot-4554962,1809581,JCK TRANSPORT LLC,JCK TRANSPORT LLC,hhg_interstate_carrier,
CANDIDATE,4555607,a-m-llc,usdot-4555607,1809948,A&M LLC,A&M LLC,hhg_interstate_carrier,
CANDIDATE,4555614,kazmoving-llc,usdot-4555614,1809952,KAZMOVING LLC,KAZMOVING LLC,hhg_interstate_carrier,
CANDIDATE,4555922,mhm-llc,usdot-4555922,1810108,MHM LLC,MHM LLC,hhg_interstate_carrier,
CANDIDATE,4556233,gg-transport-llc,usdot-4556233,1810272,GG TRANSPORT LLC,GG TRANSPORT LLC,hhg_interstate_carrier,
CANDIDATE,4556353,szuba-transport-llc,usdot-4556353,1810342,SZUBA TRANSPORT LLC,SZUBA TRANSPORT LLC,hhg_interstate_carrier,
CANDIDATE,4557708,mountaineer-moving-llc,usdot-4557708,1811084,MOUNTAINEER MOVING LLC,MOUNTAINEER MOVING LLC,hhg_interstate_carrier,
CANDIDATE,4558107,brix-moving-inc,usdot-4558107,1811306,BRIX MOVING INC,BRIX MOVING INC,hhg_interstate_carrier,
CANDIDATE,4558370,flexxo,usdot-4558370,1811443,FLEXXO LLC,FLEXXO,hhg_interstate_carrier,
CANDIDATE,4560280,rts-trucking,usdot-4560280,1812442,RTS NATIONWIDE TRANSPORT LLC,RTS TRUCKING,hhg_interstate_carrier,
CANDIDATE,4560985,mega-management-group-llc,usdot-4560985,1812830,MEGA MANAGEMENT GROUP LLC,MEGA MANAGEMENT GROUP LLC,hhg_interstate_carrier,
CANDIDATE,4561123,supreme-tech-services-llc,usdot-4561123,1812916,SUPREME TECH SERVICES LLC,SUPREME TECH SERVICES LLC,hhg_interstate_carrier,
CANDIDATE,4561844,handle-with-care-moving-delivery,usdot-4561844,359936,HWC MOVING LLC,HANDLE WITH CARE MOVING & DELIVERY,hhg_interstate_carrier,
CANDIDATE,4562143,jmv-travel-llc,usdot-4562143,1813459,JMV TRAVEL LLC,JMV TRAVEL LLC,hhg_interstate_carrier,
CANDIDATE,4563093,hiddenvalley-partners-llc,usdot-4563093,1813962,HIDDENVALLEY PARTNERS LLC,HIDDENVALLEY PARTNERS LLC,hhg_interstate_carrier,
CANDIDATE,4563155,youth-changes,usdot-4563155,1813993,YOUTH CHANGES,YOUTH CHANGES,hhg_interstate_carrier,
CANDIDATE,4563275,perfect-crew-llc,usdot-4563275,1814064,PERFECT CREW LLC,PERFECT CREW LLC,hhg_interstate_carrier,
CANDIDATE,4563565,d-j-operations,usdot-4563565,1814235,D&J OPERATIONS LLC,D&J OPERATIONS,hhg_interstate_carrier,
CANDIDATE,4564691,hudson-van-lines-llc,usdot-4564691,1814851,HUDSON VAN LINES LLC,HUDSON VAN LINES LLC,hhg_interstate_carrier,
CANDIDATE,4565868,3pple-m-moving-and-delivery,usdot-4565868,1819034,3PPLE M LLC,3PPLE M MOVING AND DELIVERY,hhg_interstate_carrier,
CANDIDATE,4566699,rjasmal-services-llc,usdot-4566699,1815901,RJASMAL SERVICES LLC,RJASMAL SERVICES LLC,hhg_interstate_carrier,
CANDIDATE,4568749,east-tn-freight-co-llc,usdot-4568749,1816996,EAST TN FREIGHT CO LLC,EAST TN FREIGHT CO LLC,hhg_interstate_carrier,
CANDIDATE,4568962,yallah-transport-incorporated,usdot-4568962,1817122,YALLAH TRANSPORT INCORPORATED,YALLAH TRANSPORT INCORPORATED,hhg_interstate_carrier,
CANDIDATE,4569424,immaculate-moving-llc,usdot-4569424,1817362,IMMACULATE MOVING LLC,IMMACULATE MOVING LLC,hhg_interstate_carrier,
CANDIDATE,4569489,unibro-venture-group-llc,usdot-4569489,1817395,UNIBRO VENTURE GROUP LLC,UNIBRO VENTURE GROUP LLC,hhg_interstate_carrier,
CANDIDATE,4569791,unico-group-llc,usdot-4569791,1817530,UNICO GROUP  LLC,UNICO GROUP  LLC,hhg_interstate_carrier,
CANDIDATE,4572752,pacific-northwest-awnings,usdot-4572752,1819136,FREDERIC JUAREZ,PACIFIC NORTHWEST AWNINGS,hhg_interstate_carrier,
CANDIDATE,4573351,fashiontsllc,usdot-4573351,1819447,FASHIONTSLLC,FASHIONTSLLC,hhg_interstate_carrier,
CANDIDATE,457594,bill-s-movers-mini-storage,usdot-457594,847050,BOBBY SCHULTZ,BILL'S MOVERS & MINI STORAGE,hhg_interstate_carrier,
CANDIDATE,459518,florida-southern-van-lines,usdot-459518,249866,"BEACHES MOVING & STORAGE, INC.",FLORIDA & SOUTHERN VAN LINES,hhg_interstate_carrier,
CANDIDATE,46293,christofferson-moving-storage,usdot-46293,73553,"CHRISTOFFERSON, INC.",CHRISTOFFERSON MOVING & STORAGE,hhg_interstate_carrier,
CANDIDATE,462946,bill-richerson-trucking,usdot-462946,205117,BILL RICHERSON,BILL RICHERSON TRUCKING,hhg_interstate_carrier,
CANDIDATE,465059,carney-mcnicholas,usdot-465059,149444,"DIVERSIFIED MOVING & STORAGE, LLC",CARNEY - MCNICHOLAS,hhg_interstate_carrier,
CANDIDATE,465267,david-delivery,usdot-465267,235492,DONALD K. AND MARY LU GANDER,DAVID DELIVERY,hhg_interstate_carrier,
CANDIDATE,46561,yerges-van-liners-inc,usdot-46561,3116,"YERGES VAN LINERS, INC.","YERGES VAN LINERS, INC.",hhg_interstate_carrier,
CANDIDATE,46631,otto-nelson-moving-and-storage-inc,usdot-46631,55794,OTTO NELSON MOVING AND STORAGE INC,OTTO NELSON MOVING AND STORAGE INC,hhg_interstate_carrier,
CANDIDATE,466500,aaa-moving-ak-inc,usdot-466500,251830,"AAA MOVING, AK, INC","AAA MOVING, AK, INC",hhg_interstate_carrier,
CANDIDATE,470943,abc-ez-moving-company-inc,usdot-470943,250306,"ABC-EZ MOVING COMPANY, INC.","ABC-EZ MOVING COMPANY, INC.",hhg_interstate_carrier,
CANDIDATE,471522,circle-van-storage-inc,usdot-471522,555480,CIRCLE MOVING & STORAGE INC,CIRCLE VAN & STORAGE INC,hhg_interstate_carrier,
CANDIDATE,471747,turner-moving-storage,usdot-471747,288121,TURNER MOVING & STORAGE,TURNER MOVING & STORAGE,hhg_interstate_carrier,
CANDIDATE,471793,bekins-van-storage-co,usdot-471793,35979,BEKINS VAN & STORAGE CO.,BEKINS VAN & STORAGE CO.,hhg_interstate_carrier,
CANDIDATE,476249,commonwealth-movers-inc,usdot-476249,250194,"COMMONWEALTH MOVERS, INC.","COMMONWEALTH MOVERS, INC.",hhg_interstate_carrier,
CANDIDATE,479541,terminal-storage-company-inc,usdot-479541,251813,"TERMINAL STORAGE COMPANY, INC.","TERMINAL STORAGE COMPANY, INC.",hhg_interstate_carrier,
CANDIDATE,480397,hogbox,usdot-480397,1569927,HOGEYE MANUFACTURING CO INC,HOGBOX,hhg_interstate_carrier,
CANDIDATE,482141,collegian-movers-inc,usdot-482141,252992,"COLLEGIAN MOVERS, INC.","COLLEGIAN MOVERS, INC.",hhg_interstate_carrier,
CANDIDATE,482319,western-van-storage,usdot-482319,566533,"WESTERN VAN LINES, INC.",WESTERN VAN & STORAGE,hhg_interstate_carrier,
CANDIDATE,483300,brauns-international-inc,usdot-483300,253383,"BRAUNS INTERNATIONAL, INC.","BRAUNS INTERNATIONAL, INC.",hhg_broker hhg_interstate_carrier,
CANDIDATE,486366,jk-van-lines-inc,usdot-486366,279412,"JK VAN LINES, INC.","JK VAN LINES, INC.",hhg_interstate_carrier,
CANDIDATE,486494,craig-van-lines-inc,usdot-486494,217589,"CRAIG VAN LINES, INC.","CRAIG VAN LINES, INC.",hhg_interstate_carrier,
CANDIDATE,490243,simon-gagnon-moving-storage-inc,usdot-490243,90749,SIMON GAGNON MOVING & STORAGE INC,SIMON GAGNON MOVING & STORAGE INC,hhg_interstate_carrier,
CANDIDATE,491179,germantown-moving-storage,usdot-491179,1006243,GERMANTOWN MOVING & STORAGE LLC,GERMANTOWN MOVING & STORAGE,hhg_interstate_carrier,
CANDIDATE,494762,regency-moving-storage-co-inc,usdot-494762,255804,"REGENCY MOVING & STORAGE CO., INC.","REGENCY MOVING & STORAGE CO., INC.",hhg_interstate_carrier,
CANDIDATE,495911,e-z-movers-inc,usdot-495911,250305,E-Z MOVERS INC.,E-Z MOVERS INC.,hhg_interstate_carrier,
CANDIDATE,496733,town-country-hauling,usdot-496733,256336,ROBERT DECASTRO,TOWN & COUNTRY HAULING,hhg_interstate_carrier,
CANDIDATE,498706,bushell-piano-movers,usdot-498706,609602,RAYMOND BUSHELL,BUSHELL PIANO MOVERS,hhg_interstate_carrier,
CANDIDATE,500492,federal-van-lines-llc,usdot-500492,257306,"FEDERAL VAN LINES, LLC","FEDERAL VAN LINES, LLC",hhg_interstate_carrier,
CANDIDATE,501792,ljc-leasing-co,usdot-501792,257484,LJC TRANSPORT SERVICES INC.,LJC LEASING CO.,hhg_interstate_carrier,
CANDIDATE,501893,cooper-cooper-moving-inc,usdot-501893,257800,"COOPER & COOPER MOVING, INC.","COOPER & COOPER MOVING, INC.",hhg_interstate_carrier,
CANDIDATE,501984,camelot-movers,usdot-501984,258193,WILLIAM KORNFELD,CAMELOT MOVERS,hhg_interstate_carrier,
CANDIDATE,502203,cowboy-moving-storage-inc,usdot-502203,148483,"COWBOY MOVING STORAGE, INC.","COWBOY MOVING STORAGE, INC.",hhg_interstate_carrier,
CANDIDATE,504435,golan-s-moving-storage-inc,usdot-504435,258359,"GOLAN'S MOVING & STORAGE, INC.","GOLAN'S MOVING & STORAGE, INC.",hhg_interstate_carrier,
CANDIDATE,50583,jones-moving-storage-company-llc,usdot-50583,63117,"JONES MOVING & STORAGE COMPANY, LLC","JONES MOVING & STORAGE COMPANY, LLC",hhg_interstate_carrier,
CANDIDATE,507895,joseph-abell-enterprises,usdot-507895,356147,JOSEPH ABELL,JOSEPH ABELL ENTERPRISES,hhg_interstate_carrier,
CANDIDATE,511993,palmer-moving-storage-co,usdot-511993,406654,PALMER MOVING & STORAGE CO.,PALMER MOVING & STORAGE CO.,hhg_interstate_carrier,
CANDIDATE,512504,coffee-movers-inc,usdot-512504,236180,"COFFEE MOVERS, INC.","COFFEE MOVERS, INC.",hhg_interstate_carrier,
CANDIDATE,513176,the-apartment-movers,usdot-513176,351874,"THE APARTMENT MOVERS 2, LLC",THE APARTMENT MOVERS,hhg_interstate_carrier,
CANDIDATE,513249,aaggo-movers,usdot-513249,260968,GERALD N. CHARETTE,AAGGO MOVERS,hhg_interstate_carrier,
CANDIDATE,513515,speedway-transportation-inc,usdot-513515,239681,"SPEEDWAY TRANSPORTATION, INC.","SPEEDWAY TRANSPORTATION, INC.",hhg_interstate_carrier,
CANDIDATE,513779,ray-s-movers-inc,usdot-513779,203110,"RAY'S MOVERS, INC.","RAY'S MOVERS, INC.",hhg_interstate_carrier,
CANDIDATE,514414,irish-moving-storage-inc,usdot-514414,254052,"IRISH MOVING & STORAGE, INC.","IRISH MOVING & STORAGE, INC.",hhg_interstate_carrier,
CANDIDATE,514473,fogarty-transportation-inc,usdot-514473,175375,"FOGARTY TRANSPORTATION, INC.","FOGARTY TRANSPORTATION, INC.",hhg_interstate_carrier,
CANDIDATE,514610,d-j-moving-services-inc,usdot-514610,163167,"D J MOVING SERVICES, INC.","D J MOVING SERVICES, INC.",hhg_interstate_carrier,
CANDIDATE,514875,crane-movers-inc,usdot-514875,236222,"CRANE MOVERS, INC.","CRANE MOVERS, INC.",hhg_interstate_carrier,
CANDIDATE,515177,covenant-storage-inc,usdot-515177,247525,"COVENANT STORAGE, INC.","COVENANT STORAGE, INC.",hhg_interstate_carrier,
CANDIDATE,515317,guindon-moving-and-storage-company,usdot-515317,157723,GUINDON MOVING AND STORAGE COMPANY,GUINDON MOVING AND STORAGE COMPANY,hhg_interstate_carrier,
CANDIDATE,516094,moving-services-inc,usdot-516094,246630,"MOVING SERVICES, INC.","MOVING SERVICES, INC.",hhg_interstate_carrier,
CANDIDATE,516125,security-storage-van-co-l-l-c,usdot-516125,186570,"SECURITY STORAGE & VAN CO., L.L.C.","SECURITY STORAGE & VAN CO., L.L.C.",hhg_interstate_carrier,
CANDIDATE,516397,triangle-services-corporation,usdot-516397,231839,TRIANGLE SERVICES CORPORATION,TRIANGLE SERVICES CORPORATION,hhg_interstate_carrier,
CANDIDATE,516419,palmcaster-moving-storage,usdot-516419,136036,PALMCASTER MOVING & STORAGE,PALMCASTER MOVING & STORAGE,hhg_interstate_carrier,
CANDIDATE,517055,lompoc-van-storage-inc,usdot-517055,126931,LOMPOC VAN & STORAGE INC.,LOMPOC VAN & STORAGE INC.,hhg_interstate_carrier,
CANDIDATE,517243,glamour-moving-co-inc,usdot-517243,240967,GLAMOUR MOVING CO INC,GLAMOUR MOVING CO INC,hhg_interstate_carrier,
CANDIDATE,517785,j-b-moving-services-inc,usdot-517785,196878,J. B. MOVING SERVICES INC.,J. B. MOVING SERVICES INC.,hhg_interstate_carrier,
CANDIDATE,518890,mcavey-moving-company-inc,usdot-518890,207004,MCAVEY MOVING COMPANY INC.,MCAVEY MOVING COMPANY INC.,hhg_interstate_carrier,
CANDIDATE,519290,bonanza-van-lines-inc,usdot-519290,,"BONANZA VAN LINES, INC.","BONANZA VAN LINES, INC.",hhg_interstate_carrier,
CANDIDATE,519611,lucas-moving-storage-inc,usdot-519611,262848,"LUCAS MOVING & STORAGE, INC.","LUCAS MOVING & STORAGE, INC.",hhg_interstate_carrier,
CANDIDATE,520429,alan-hamson-trucking,usdot-520429,263812,ALAN HAMSON,ALAN HAMSON TRUCKING,hhg_interstate_carrier,
CANDIDATE,521134,caddo-movers-inc,usdot-521134,,"CADDO MOVERS, INC.","CADDO MOVERS, INC.",hhg_interstate_carrier,
CANDIDATE,521141,a-van-storage-inc,usdot-521141,,"A VAN & STORAGE, INC.","A VAN & STORAGE, INC.",hhg_interstate_carrier,
CANDIDATE,521147,arrow-moving-storage-inc,usdot-521147,,"ARROW MOVING & STORAGE, INC.","ARROW MOVING & STORAGE, INC.",hhg_interstate_carrier,
CANDIDATE,522128,a-to-z-moving-storage-inc,usdot-522128,224221,"A TO Z MOVING & STORAGE, INC.","A TO Z MOVING & STORAGE, INC.",hhg_interstate_carrier,
CANDIDATE,522324,associated-storage-van-inc,usdot-522324,28241,"ASSOCIATED STORAGE & VAN,INC.","ASSOCIATED STORAGE & VAN,INC.",hhg_interstate_carrier,
CANDIDATE,522818,jim-s-towing-inc,usdot-522818,247177,"JIM'S TOWING, INC.","JIM'S TOWING, INC.",hhg_interstate_carrier,
CANDIDATE,524133,hilldrup-van-storage-inc,usdot-524133,263552,"HILLDRUP VAN & STORAGE, INC.","HILLDRUP VAN & STORAGE, INC.",hhg_interstate_carrier,
CANDIDATE,526036,minimoves-inc,usdot-526036,1607494,"MINIMOVES, INC.","MINIMOVES, INC.",hhg_interstate_carrier,
CANDIDATE,527721,action-household-goods-forwarders-inc,usdot-527721,264348,"ACTION HOUSEHOLD GOODS FORWARDERS, INC.","ACTION HOUSEHOLD GOODS FORWARDERS, INC.",hhg_interstate_carrier,
CANDIDATE,527894,trans-services-inc,usdot-527894,264167,"TRANS SERVICES, INC.","TRANS SERVICES, INC.",hhg_interstate_carrier,
CANDIDATE,52830,t-e-andresen-inc,usdot-52830,64016,"T. E. ANDRESEN, INC.","T. E. ANDRESEN, INC.",hhg_interstate_carrier,
CANDIDATE,529007,government-transportation-specialists-llc,usdot-529007,264815,"GOVERNMENT TRANSPORTATION SPECIALISTS,   LLC","GOVERNMENT TRANSPORTATION SPECIALISTS,   LLC",hhg_interstate_carrier,
CANDIDATE,529026,show-me-movers-llc,usdot-529026,264818,"SHOW-ME MOVERS,   LLC","SHOW-ME MOVERS,   LLC",hhg_interstate_carrier,
CANDIDATE,530527,j-j-moving-services-inc,usdot-530527,264733,"J & J   MOVING  &  SERVICES,  INC.","J & J   MOVING  &  SERVICES,  INC.",hhg_interstate_carrier,
CANDIDATE,530535,military-transportation-movers-llc,usdot-530535,264816,"MILITARY TRANSPORTATION  MOVERS,   LLC.","MILITARY TRANSPORTATION  MOVERS,   LLC.",hhg_interstate_carrier,
CANDIDATE,530569,cordogan-s-pianoland,usdot-530569,266096,"GENEVA PIANO AND ORGAN CO., INC.",CORDOGAN'S PIANOLAND,hhg_interstate_carrier,
CANDIDATE,531059,cormier-movers-llc,usdot-531059,266413,CORMIER MOVERS LLC,CORMIER MOVERS LLC,hhg_interstate_carrier,
CANDIDATE,532251,yeager-moving-storage-inc,usdot-532251,168331,"YEAGER MOVING & STORAGE, INC.","YEAGER MOVING & STORAGE, INC.",hhg_interstate_carrier,
CANDIDATE,533974,able-moving-storage-inc,usdot-533974,217259,"ABLE MOVING & STORAGE, INC.","ABLE MOVING & STORAGE, INC.",hhg_interstate_carrier,
CANDIDATE,534666,hill-moving-services-inc,usdot-534666,266746,"HILL MOVING SERVICES, INC.","HILL MOVING SERVICES, INC.",hhg_interstate_carrier,
CANDIDATE,535765,bok-moving-co-inc,usdot-535765,291684,BOK MOVING CO. INC.,BOK MOVING CO. INC.,hhg_interstate_carrier,
CANDIDATE,537054,scanio-movers-inc,usdot-537054,93512,"SCANIO MOVERS, INC.","SCANIO MOVERS, INC.",hhg_interstate_carrier,
CANDIDATE,538590,bekins-heritage-transport-inc,usdot-538590,267600,"BEKINS HERITAGE TRANSPORT, INC.","BEKINS HERITAGE TRANSPORT, INC.",hhg_interstate_carrier,
CANDIDATE,538888,peterson-moving-company,usdot-538888,267768,PETERSON MOVING COMPANY,PETERSON MOVING COMPANY,hhg_interstate_carrier,
CANDIDATE,538979,tp-of-macon-inc,usdot-538979,247574,"TP OF MACON, INC.","TP OF MACON, INC.",hhg_interstate_carrier,
CANDIDATE,539052,dacor-transportation-services-inc,usdot-539052,268089,"DACOR TRANSPORTATION SERVICES, INC.","DACOR TRANSPORTATION SERVICES, INC.",hhg_interstate_carrier,
CANDIDATE,539776,ortiz-brothers-moving-storage,usdot-539776,268685,"SELECT STORAGE, INC",ORTIZ BROTHERS MOVING & STORAGE,hhg_interstate_carrier,
CANDIDATE,540129,bayshore-transportation-system-inc,usdot-540129,361761,"BAYSHORE TRANSPORTATION SYSTEM, INC.","BAYSHORE TRANSPORTATION SYSTEM, INC.",hhg_broker hhg_interstate_carrier,
CANDIDATE,541414,mundanzas-azteca-inc,usdot-541414,275804,MUNDANZAS AZTECA INC.,MUNDANZAS AZTECA INC.,hhg_interstate_carrier,
CANDIDATE,542930,dms-moving-and-storage-inc,usdot-542930,269986,"DMS MOVING AND STORAGE, INC.","DMS MOVING AND STORAGE, INC.",hhg_interstate_carrier,
CANDIDATE,543541,lint-van-lines-inc,usdot-543541,203490,"LINT VAN LINES, INC.","LINT VAN LINES, INC.",hhg_interstate_carrier,
CANDIDATE,543781,ideal-movers-storage-inc,usdot-543781,275146,"IDEAL MOVERS & STORAGE, INC.","IDEAL MOVERS & STORAGE, INC.",hhg_interstate_carrier,
CANDIDATE,543880,mcguire-moving-storage-inc,usdot-543880,294315,"MCGUIRE MOVING & STORAGE, INC.","MCGUIRE MOVING & STORAGE, INC.",hhg_interstate_carrier,
CANDIDATE,545315,dexter-trucking,usdot-545315,287043,DEXTER ADOLPHUS,DEXTER TRUCKING,hhg_interstate_carrier,
CANDIDATE,546353,moody-movers-inc,usdot-546353,270995,"MOODY  MOVERS,  INC.","MOODY  MOVERS,  INC.",hhg_interstate_carrier,
CANDIDATE,547476,gastley-s-moving-storage-inc,usdot-547476,270502,"GASTLEY'S MOVING & STORAGE, INC.","GASTLEY'S MOVING & STORAGE, INC.",hhg_interstate_carrier,
CANDIDATE,547759,curtis-specialized-moving-storage,usdot-547759,270556,"THE CURTIS GROUP, INC.",CURTIS SPECIALIZED MOVING & STORAGE,hhg_interstate_carrier,
CANDIDATE,548838,ivey-s-trucking,usdot-548838,1299280,WILLIAM TERRY IVEY,IVEY'S TRUCKING,hhg_interstate_carrier,
CANDIDATE,550501,isaac-s-moving-and-storage-inc,usdot-550501,270660,"ISAAC'S MOVING AND STORAGE, INC.","ISAAC'S MOVING AND STORAGE, INC.",hhg_interstate_carrier,
CANDIDATE,551291,stn-enterprises,usdot-551291,234847,PAUL PEARSON,STN ENTERPRISES,hhg_interstate_carrier,
CANDIDATE,551570,coast-van-storage,usdot-551570,248135,MILTON M. HILL,COAST VAN & STORAGE,hhg_broker hhg_interstate_carrier,
CANDIDATE,554419,yucca-moving-storage-inc,usdot-554419,273258,"YUCCA MOVING & STORAGE, INC.","YUCCA MOVING & STORAGE, INC.",hhg_interstate_carrier,
CANDIDATE,561051,colorado-international-transport-inc,usdot-561051,274909,"COLORADO INTERNATIONAL TRANSPORT, INC.","COLORADO INTERNATIONAL TRANSPORT, INC.",hhg_interstate_carrier,
CANDIDATE,56181,sullivan-moving-storage-inc,usdot-56181,127405,"SULLIVAN MOVING & STORAGE, INC.","SULLIVAN MOVING & STORAGE, INC.",hhg_interstate_carrier,
CANDIDATE,562789,harold-williams-moving-co-of-blytheville-inc,usdot-562789,205642,"HAROLD WILLIAMS MOVING CO. OF BLYTHEVILLE, INC.","HAROLD WILLIAMS MOVING CO. OF BLYTHEVILLE, INC.",hhg_interstate_carrier,
CANDIDATE,563314,ford-storage-moving-co,usdot-563314,254535,FORD STORAGE & MOVING CO.,FORD STORAGE & MOVING CO.,hhg_interstate_carrier,
CANDIDATE,565162,powersource-transportation-inc,usdot-565162,275890,"POWERSOURCE TRANSPORTATION,  INC.","POWERSOURCE TRANSPORTATION,  INC.",hhg_interstate_carrier,
CANDIDATE,567311,heartland-transportation,usdot-567311,275885,"CHARTER PROPERTIES, INC.",HEARTLAND TRANSPORTATION,hhg_broker hhg_interstate_carrier,
CANDIDATE,568659,u-s-van-lines-inc,usdot-568659,274700,"U. S. VAN LINES, INC.","U. S. VAN LINES, INC.",hhg_interstate_carrier,
CANDIDATE,569258,marine-transport-inc,usdot-569258,235262,"MARINE TRANSPORT, INC.","MARINE TRANSPORT, INC.",hhg_interstate_carrier,
CANDIDATE,56933,martin-moving-storage-co,usdot-56933,100315,MARTIN MOVING & STORAGE CO.,MARTIN MOVING & STORAGE CO.,hhg_interstate_carrier,
CANDIDATE,569481,viking-moving-services-inc,usdot-569481,278184,"VIKING MOVING SERVICES, INC.","VIKING MOVING SERVICES, INC.",hhg_interstate_carrier,
CANDIDATE,570181,astro-moving-inc,usdot-570181,276812,ASTRO MOVING INC.,ASTRO MOVING INC.,hhg_interstate_carrier,
CANDIDATE,570648,windsor-moving-company-inc,usdot-570648,230023,"WINDSOR MOVING COMPANY, INC.","WINDSOR MOVING COMPANY, INC.",hhg_interstate_carrier,
CANDIDATE,570826,mullins-crum-moving-storage,usdot-570826,276901,"CRUM, INC.",MULLINS & CRUM MOVING & STORAGE,hhg_interstate_carrier,
CANDIDATE,571038,james-bourlet-inc,usdot-571038,277220,"JAMES BOURLET, INC.","JAMES BOURLET, INC.",hhg_interstate_carrier,
CANDIDATE,572666,slattery-moving-storage-inc,usdot-572666,277481,"SLATTERY MOVING & STORAGE, INC.","SLATTERY MOVING & STORAGE, INC.",hhg_interstate_carrier,
CANDIDATE,572983,robbob-moving-storage-l-l-c,usdot-572983,279584,"ROBBOB MOVING & STORAGE, L.L.C.","ROBBOB MOVING & STORAGE, L.L.C.",hhg_interstate_carrier,
CANDIDATE,57418,westlake-mayflower,usdot-57418,73768,THE WESTLAKE CORPORATION,WESTLAKE MAYFLOWER,hhg_interstate_carrier,
CANDIDATE,576861,kuhn-moving-and-storage-inc,usdot-576861,279396,"KUHN MOVING AND STORAGE, INC.","KUHN MOVING AND STORAGE, INC.",hhg_interstate_carrier,
CANDIDATE,577350,hometown-moving-co,usdot-577350,280519,"ALLSTATE MOVING, INC.",HOMETOWN MOVING CO.,hhg_interstate_carrier,
CANDIDATE,578900,gibson-movers-inc,usdot-578900,281082,"GIBSON MOVERS, INC.","GIBSON MOVERS, INC.",hhg_interstate_carrier,
CANDIDATE,57976,arnoff-moving-storage-inc,usdot-57976,3748,"ARNOFF MOVING & STORAGE, INC.","ARNOFF MOVING & STORAGE, INC.",hhg_interstate_carrier,
CANDIDATE,57994,anthony-augliera-incorporated,usdot-57994,60406,"ANTHONY AUGLIERA, INCORPORATED","ANTHONY AUGLIERA, INCORPORATED",hhg_interstate_carrier,
CANDIDATE,58017,dun-rite-movers-inc,usdot-58017,236860,DUN-RITE MOVERS INC,DUN-RITE MOVERS INC,hhg_interstate_carrier,
CANDIDATE,581051,j-h-ball-moving-storage-inc,usdot-581051,283127,J H BALL MOVING & STORAGE INC.,J H BALL MOVING & STORAGE INC.,hhg_interstate_carrier,
CANDIDATE,581596,seal-van-lines-inc,usdot-581596,281793,"SEAL VAN LINES, INC.","SEAL VAN LINES, INC.",hhg_interstate_carrier,
CANDIDATE,581878,ben-hur-moving-storage-inc,usdot-581878,253484,"BEN  HUR  MOVING &  STORAGE,   INC.","BEN  HUR  MOVING &  STORAGE,   INC.",hhg_interstate_carrier,
CANDIDATE,58194,j-bresnahan-co,usdot-58194,19427,J. BRESNAHAN CO.,J. BRESNAHAN CO.,hhg_interstate_carrier,
CANDIDATE,582228,alexander-moving-company,usdot-582228,281584,ALEXANDER MOVING COMPANY,ALEXANDER MOVING COMPANY,hhg_interstate_carrier,
CANDIDATE,582372,abbey-van-lines-llc,usdot-582372,222030,"ABBEY VAN LINES, LLC","ABBEY VAN LINES, LLC",hhg_interstate_carrier,
CANDIDATE,582374,avan-van-lines-llc,usdot-582374,250979,"AVAN  VAN  LINES,   LLC","AVAN  VAN  LINES,   LLC",hhg_interstate_carrier,
CANDIDATE,582375,alite-van-lines-llc,usdot-582375,250921,"ALITE VAN LINES, LLC","ALITE VAN LINES, LLC",hhg_interstate_carrier,
CANDIDATE,582376,united-intermode-llc,usdot-582376,156244,"UNITED INTERMODE, LLC","UNITED INTERMODE, LLC",hhg_broker hhg_interstate_carrier,
CANDIDATE,582451,avatar-van-lines-inc,usdot-582451,282796,"AVATAR VAN LINES, INC.","AVATAR VAN LINES, INC.",hhg_interstate_carrier,
CANDIDATE,585202,peninsula-transportation-services,usdot-585202,283790,"PENINSULA MOVING & STORAGE CO., INC.",PENINSULA TRANSPORTATION SERVICES,hhg_interstate_carrier,
CANDIDATE,586284,hudson-moving-storage-co-inc,usdot-586284,259901,HUDSON MOVING & STORAGE CO. INC.,HUDSON MOVING & STORAGE CO. INC.,hhg_interstate_carrier,
CANDIDATE,586392,lucky-transportation-company,usdot-586392,282688,LUCKY MOVING INC.,LUCKY TRANSPORTATION COMPANY,hhg_interstate_carrier,
CANDIDATE,586615,olympic-moving-storage-inc,usdot-586615,284187,"OLYMPIC MOVING & STORAGE, INC.","OLYMPIC MOVING & STORAGE, INC.",hhg_interstate_carrier,
CANDIDATE,587135,watts-brothers-moving-and-storage-systems,usdot-587135,240681,FUTURE ENTERPRISES CORPORTION,WATTS' BROTHERS MOVING AND STORAGE SYSTEMS,hhg_interstate_carrier,
CANDIDATE,587180,tantara-transportation-inc,usdot-587180,13964,"TANTARA TRANSPORTATION, INC.","TANTARA TRANSPORTATION, INC.",hhg_interstate_carrier,
CANDIDATE,58798,vandenberg-van-storage-inc,usdot-58798,128070,"VANDENBERG VAN & STORAGE, INC.","VANDENBERG VAN & STORAGE, INC.",hhg_interstate_carrier,
CANDIDATE,58861,t-e-k-van-lines-inc,usdot-58861,,"T. E. K. VAN LINES, INC.","T. E. K. VAN LINES, INC.",hhg_interstate_carrier,
CANDIDATE,589508,locke-farms-inc,usdot-589508,284667,"LOCKE FARMS, INC.","LOCKE FARMS, INC.",hhg_interstate_carrier,
CANDIDATE,593400,j-p-fleming-co,usdot-593400,288589,JAMES P. FLEMING,J.P. FLEMING CO.,hhg_interstate_carrier,
CANDIDATE,594890,aaa-moving-service,usdot-594890,287529,"ANN & KEN, INC.",AAA MOVING SERVICE,hhg_interstate_carrier,
CANDIDATE,595733,progressive-transportation-llc,usdot-595733,285573,"PROGRESSIVE TRANSPORTATION, LLC","PROGRESSIVE TRANSPORTATION, LLC",hhg_interstate_carrier,
CANDIDATE,597632,olympia-moving-storage,usdot-597632,288585,"SPIKE, INC.",OLYMPIA MOVING & STORAGE,hhg_interstate_carrier,
CANDIDATE,598712,david-m-krmpotich-inc,usdot-598712,350344,"DAVID M. KRMPOTICH, INC.","DAVID M. KRMPOTICH, INC.",hhg_interstate_carrier,
CANDIDATE,599929,sloane-moving-storage-co-inc,usdot-599929,289369,"SLOANE MOVING & STORAGE CO., INC.","SLOANE MOVING & STORAGE CO., INC.",hhg_interstate_carrier,
CANDIDATE,602751,art-and-paul-moving-and-storage-inc,usdot-602751,290282,"ART AND PAUL MOVING AND STORAGE, INC.","ART AND PAUL MOVING AND STORAGE, INC.",hhg_interstate_carrier,
CANDIDATE,6038,u-santini-inc,usdot-6038,46989,"U. SANTINI, INC.","U. SANTINI, INC.",hhg_interstate_carrier,
CANDIDATE,6045,a-santini-moving-storage-co,usdot-6045,53438,"A. SANTINI STORAGE CO. OF N.J., INC.",A. SANTINI MOVING & STORAGE CO.,hhg_interstate_carrier,
CANDIDATE,605681,northwest-moving-services-inc,usdot-605681,214490,"NORTHWEST MOVING SERVICES, INC.","NORTHWEST MOVING SERVICES, INC.",hhg_interstate_carrier,
CANDIDATE,605760,walker-trucking,usdot-605760,352306,RUPERT WALKER,WALKER TRUCKING,hhg_interstate_carrier,
CANDIDATE,607998,independent-moving-storage,usdot-607998,292093,"INDEPENDENT MOVERS, INC.",INDEPENDENT MOVING & STORAGE,hhg_interstate_carrier,
CANDIDATE,608245,hemmen-moving-inc,usdot-608245,292343,HEMMEN MOVING INC.,HEMMEN MOVING INC.,hhg_interstate_carrier,
CANDIDATE,608675,masterpiece-installation-services-inc,usdot-608675,292521,MASTERPIECE INSTALLATION SERVICES INC.,MASTERPIECE INSTALLATION SERVICES INC.,hhg_interstate_carrier,
CANDIDATE,610712,aloha-international-moving-services-inc,usdot-610712,509059,"ALOHA INTERNATIONAL MOVING SERVICES, INC.","ALOHA INTERNATIONAL MOVING SERVICES, INC.",hhg_interstate_carrier,
CANDIDATE,613747,redondo-van-storage-inc,usdot-613747,294339,"REDONDO VAN & STORAGE, INC.","REDONDO VAN & STORAGE, INC.",hhg_interstate_carrier,
CANDIDATE,61678,bower-transportation-services-inc,usdot-61678,1083,"BOWER TRANSPORTATION SERVICES, INC.","BOWER TRANSPORTATION SERVICES, INC.",hhg_broker hhg_interstate_carrier,
CANDIDATE,619996,ohlco-inc,usdot-619996,296867,"OHLCO, INC.","OHLCO, INC.",hhg_interstate_carrier,
CANDIDATE,620608,hercules-moving-storage-inc,usdot-620608,269407,"HERCULES MOVING & STORAGE, INC.","HERCULES MOVING & STORAGE, INC.",hhg_interstate_carrier,
CANDIDATE,620780,prestige-moving-storage-co-inc,usdot-620780,482315,"PRESTIGE MOVING & STORAGE CO., INC","PRESTIGE MOVING & STORAGE CO., INC",hhg_interstate_carrier,
CANDIDATE,621233,america-s-best-moving-system,usdot-621233,325520,K & K INVESTMENTS INC,AMERICA'S BEST MOVING SYSTEM,hhg_interstate_carrier,
CANDIDATE,622007,u-s-a-moving-storage-inc,usdot-622007,297382,"U.S.A. MOVING & STORAGE, INC.","U.S.A. MOVING & STORAGE, INC.",hhg_interstate_carrier,
CANDIDATE,623794,rightway-movers-inc,usdot-623794,296801,"RIGHTWAY MOVERS, INC.","RIGHTWAY MOVERS, INC.",hhg_interstate_carrier,
CANDIDATE,623950,hetco-van-lines-inc,usdot-623950,297979,"HETCO VAN LINES, INC.","HETCO VAN LINES, INC.",hhg_interstate_carrier,
CANDIDATE,624020,pilgrim-van-lines-llc,usdot-624020,298046,"PILGRIM  VAN  LINES,   LLC","PILGRIM  VAN  LINES,   LLC",hhg_interstate_carrier,
CANDIDATE,624896,progressive-van-lines-llc,usdot-624896,298048,"PROGRESSIVE VAN LINES,   LLC","PROGRESSIVE VAN LINES,   LLC",hhg_interstate_carrier,
CANDIDATE,624901,provincial-van-lines-llc,usdot-624901,298049,"PROVINCIAL VAN LINES,  LLC","PROVINCIAL VAN LINES,  LLC",hhg_interstate_carrier,
CANDIDATE,625163,chuck-s-outlet-moving-inc,usdot-625163,404376,"CHUCK'S OUTLET & MOVING, INC.","CHUCK'S OUTLET & MOVING, INC.",hhg_interstate_carrier,
CANDIDATE,627071,turner-transportation-specialists-inc,usdot-627071,141754,"TURNER TRANSPORTATION SPECIALISTS, INC.","TURNER TRANSPORTATION SPECIALISTS, INC.",hhg_interstate_carrier,
CANDIDATE,627773,johnson-storage-moving-inc,usdot-627773,664283,JOHNSON STORAGE & MOVING INC,JOHNSON STORAGE & MOVING INC,hhg_interstate_carrier,
CANDIDATE,629273,movin-on-movers-inc,usdot-629273,286369,"MOVIN' ON MOVERS, INC.","MOVIN' ON MOVERS, INC.",hhg_interstate_carrier,
CANDIDATE,62963,kona-transportation-co-inc,usdot-62963,512939,KONA TRANSPORTATION CO. INC.,KONA TRANSPORTATION CO. INC.,hhg_interstate_carrier,
CANDIDATE,63040,vincent-fister-inc,usdot-63040,126987,"VINCENT FISTER,INC.","VINCENT FISTER,INC.",hhg_interstate_carrier,
CANDIDATE,63051,bernard-hedger,usdot-63051,113930,BERNARD HEDGER,BERNARD HEDGER,hhg_interstate_carrier,
CANDIDATE,63064,lynn-moving-and-storage-inc,usdot-63064,106902,"LYNN MOVING AND STORAGE, INC.","LYNN MOVING AND STORAGE, INC.",hhg_interstate_carrier,
CANDIDATE,632597,transport-moving-and-storage-inc,usdot-632597,250623,"TRANSPORT MOVING AND STORAGE, INC.","TRANSPORT MOVING AND STORAGE, INC.",hhg_interstate_carrier,
CANDIDATE,632899,alexander-services,usdot-632899,322497,SEAN L. ALEXANDER,ALEXANDER SERVICES,hhg_interstate_carrier,
CANDIDATE,633491,petroleum-services-inc,usdot-633491,666263,PETROLEUM SERVICES INC,PETROLEUM SERVICES INC,hhg_interstate_carrier,
CANDIDATE,633658,walton-p-davis-moving-storage-co-inc,usdot-633658,301713,"WALTON P. DAVIS MOVING & STORAGE CO., INC.","WALTON P. DAVIS MOVING & STORAGE CO., INC.",hhg_interstate_carrier,
CANDIDATE,633949,orite-services-inc,usdot-633949,890557,ORITE SERVICES INC,ORITE SERVICES INC,hhg_interstate_carrier,
CANDIDATE,63419,southeastern-freight-lines,usdot-63419,111871,"SOUTHEASTERN FREIGHT LINES, LLC",SOUTHEASTERN FREIGHT LINES,hhg_interstate_carrier,
CANDIDATE,641323,auer-s-moving-rigging-co-inc,usdot-641323,80272,AUER'S MOVING & RIGGING CO INC,AUER'S MOVING & RIGGING CO INC,hhg_interstate_carrier,
CANDIDATE,64160,cartwright-van-lines-llc,usdot-64160,88368,"CARTWRIGHT VAN LINES, LLC","CARTWRIGHT VAN LINES, LLC",hhg_broker hhg_interstate_carrier,
CANDIDATE,641916,thruline-inc,usdot-641916,300835,THRULINE INC,THRULINE INC,hhg_interstate_carrier,
CANDIDATE,641917,trans-link-forwarding,usdot-641917,300836,TRANS LINK FORWARDING,TRANS LINK FORWARDING,hhg_interstate_carrier,
CANDIDATE,641936,k-a-d-movers,usdot-641936,303178,KEVIN J. KUBACKI,K.A.D. MOVERS,hhg_interstate_carrier,
CANDIDATE,643525,la-bodega,usdot-643525,650710,ESTANCIA LA BODEGA INC,LA BODEGA,hhg_interstate_carrier,
CANDIDATE,644440,general-transportation-inc,usdot-644440,301156,GENERAL TRANSPORTATION INC,GENERAL TRANSPORTATION INC,hhg_interstate_carrier,
CANDIDATE,644558,pat-hayden-moving-llc,usdot-644558,359731,"PAT HAYDEN MOVING, LLC","PAT HAYDEN MOVING, LLC",hhg_interstate_carrier,
CANDIDATE,6451,globe-storage-moving-co-inc,usdot-6451,24322,"GLOBE STORAGE & MOVING CO., INC.","GLOBE STORAGE & MOVING CO., INC.",hhg_interstate_carrier,
CANDIDATE,645362,chester-williams-trucking-co,usdot-645362,665807,CHESTER WILLIAMS,CHESTER WILLIAMS TRUCKING CO,hhg_interstate_carrier,
CANDIDATE,647964,dice-van-lines-inc,usdot-647964,306009,"DICE VAN LINES, INC.","DICE VAN LINES, INC.",hhg_interstate_carrier,
CANDIDATE,648010,nelson-markesbery-moving-storage-company-inc,usdot-648010,716944,NELSON MARKESBERY MOVING & STORAGE COMPANY INC,NELSON MARKESBERY MOVING & STORAGE COMPANY INC,hhg_interstate_carrier,
CANDIDATE,649215,terry-moving-and-storage-inc,usdot-649215,306297,"TERRY MOVING AND STORAGE, INC.","TERRY MOVING AND STORAGE, INC.",hhg_interstate_carrier,
CANDIDATE,651184,a-1-piano-organ-movers-inc,usdot-651184,302122,"A-1 PIANO & ORGAN MOVERS, INC.","A-1 PIANO & ORGAN MOVERS, INC.",hhg_interstate_carrier,
CANDIDATE,652129,two-men-and-a-truck-of-greater-lansing,usdot-652129,307196,"EBERLY TRANSPORTATION, LLC.",TWO MEN AND A TRUCK OF GREATER LANSING,hhg_interstate_carrier,
CANDIDATE,65301,guardian-moving-and-storage-co-inc,usdot-65301,49109,GUARDIAN MOVING AND STORAGE CO. INC.,GUARDIAN MOVING AND STORAGE CO. INC.,hhg_interstate_carrier,
CANDIDATE,653203,coral-springs-moving-storage,usdot-653203,307053,"GO BUCKS, INC.",CORAL SPRINGS MOVING & STORAGE,hhg_interstate_carrier,
CANDIDATE,656081,u-m-c,usdot-656081,302546,UNIVERSE MOVING CO. INC.,U.M.C.,hhg_interstate_carrier,
CANDIDATE,658578,braun-moving-inc-usdot-658578,usdot-658578,218797,"BRAUN MOVING, INC.","BRAUN MOVING, INC.",hhg_interstate_carrier,
CANDIDATE,659836,shetler-derby-moving-storage-llc,usdot-659836,143826,"SHETLER - DERBY MOVING & STORAGE, LLC","SHETLER - DERBY MOVING & STORAGE, LLC",hhg_interstate_carrier,
CANDIDATE,660820,aberdeen-van-lines-inc,usdot-660820,212301,ABERDEEN VAN LINES INC.,ABERDEEN VAN LINES INC.,hhg_interstate_carrier,
CANDIDATE,662761,jli,usdot-662761,1573673,JESSE LARSON INC,JLI,hhg_interstate_carrier,
CANDIDATE,663485,clinton-moving-and-packaging-inc,usdot-663485,303847,"CLINTON MOVING AND PACKAGING, INC.","CLINTON MOVING AND PACKAGING, INC.",hhg_interstate_carrier,
CANDIDATE,667348,nicolosi-moving-and-storage-inc,usdot-667348,310976,"NICOLOSI  MOVING AND  STORAGE,   INC.","NICOLOSI  MOVING AND  STORAGE,   INC.",hhg_interstate_carrier,
CANDIDATE,667715,koleaseco-inc,usdot-667715,306322,"KOLEASECO, INC.","KOLEASECO, INC.",hhg_interstate_carrier,
CANDIDATE,671450,african-transportation-services-inc,usdot-671450,311749,"AFRICAN TRANSPORTATION SERVICES, INC.","AFRICAN TRANSPORTATION SERVICES, INC.",hhg_interstate_carrier,
CANDIDATE,671499,atlantic-relocation-systems-usdot-671499,usdot-671499,,EFFORT ENTERPRISES OF INDIANA INC,ATLANTIC RELOCATION SYSTEMS,hhg_interstate_carrier,
CANDIDATE,6722,berry-van-lines-inc,usdot-6722,2607,"BERRY VAN LINES, INC.","BERRY VAN LINES, INC.",hhg_interstate_carrier,
CANDIDATE,672425,groshell-transportation-services-inc,usdot-672425,324260,"GROSHELL TRANSPORTATION SERVICES, INC","GROSHELL TRANSPORTATION SERVICES, INC",hhg_interstate_carrier,
CANDIDATE,6740,allstate-van-storage-corp,usdot-6740,107300,ALLSTATE VAN & STORAGE CORP.,ALLSTATE VAN & STORAGE CORP.,hhg_interstate_carrier,
CANDIDATE,674246,marsau-enterprises-inc,usdot-674246,221111,"MARSAU ENTERPRISES, INC.","MARSAU ENTERPRISES, INC.",hhg_interstate_carrier,
CANDIDATE,675502,exodus-moving-storage-inc,usdot-675502,311727,"EXODUS MOVING STORAGE,  INC.","EXODUS MOVING STORAGE,  INC.",hhg_interstate_carrier,
CANDIDATE,675660,nicky-s-moving-and-storage,usdot-675660,434771,LEON MCWILLIAMS,NICKY'S MOVING AND STORAGE,hhg_interstate_carrier,
CANDIDATE,675841,chinook-moving-storage-inc,usdot-675841,315449,"CHINOOK MOVING & STORAGE, INC.","CHINOOK MOVING & STORAGE, INC.",hhg_interstate_carrier,
CANDIDATE,675983,bald-eagle-movers,usdot-675983,315464,ROBERT J. BURG,BALD EAGLE MOVERS,hhg_interstate_carrier,
CANDIDATE,676063,bill-s-movers,usdot-676063,166580,ROBERT L. CAMPBELL TRANSPORTATION INC.,BILL'S MOVERS,hhg_interstate_carrier,
CANDIDATE,676723,hot-shot-delivery-service,usdot-676723,261385,"HARA, INC.",HOT SHOT DELIVERY SERVICE,hhg_broker hhg_interstate_carrier,
CANDIDATE,677145,mpm-transportation-llc,usdot-677145,312147,MPM TRANSPORTATION LLC,MPM TRANSPORTATION LLC,hhg_interstate_carrier,
CANDIDATE,678843,schaap-moving-storage-co,usdot-678843,316460,ARNOLD WALDNER,SCHAAP MOVING & STORAGE CO.,hhg_interstate_carrier,
CANDIDATE,679579,fort-knox-storage-moving-inc,usdot-679579,304403,"FORT KNOX STORAGE & MOVING, INC.","FORT KNOX STORAGE & MOVING, INC.",hhg_interstate_carrier,
CANDIDATE,679618,kent-moving-llc,usdot-679618,316695,"KENT MOVING, LLC","KENT MOVING, LLC",hhg_interstate_carrier,
CANDIDATE,684370,dufrane-moving-and-storage-inc,usdot-684370,312674,"DUFRANE MOVING AND STORAGE, INC.","DUFRANE MOVING AND STORAGE, INC.",hhg_interstate_carrier,
CANDIDATE,68472,russell-yarbrough-moving-storage-inc,usdot-68472,126176,"RUSSELL YARBROUGH MOVING & STORAGE, INC.","RUSSELL YARBROUGH MOVING & STORAGE, INC.",hhg_interstate_carrier,
CANDIDATE,685791,millennium-technical-services-inc,usdot-685791,326125,"MILLENNIUM TECHNICAL SERVICES, INC.","MILLENNIUM TECHNICAL SERVICES, INC.",hhg_interstate_carrier,
CANDIDATE,686881,umex-moving-storage-inc,usdot-686881,305175,"UMEX MOVING & STORAGE, INC.","UMEX MOVING & STORAGE, INC.",hhg_interstate_carrier,
CANDIDATE,687802,professional-movers,usdot-687802,305376,FREDERICK E. GEE,PROFESSIONAL MOVERS,hhg_interstate_carrier,
CANDIDATE,689628,deathwish-piano-movers,usdot-689628,319905,TITAN MOVING AND STORAGE INC.,DEATHWISH PIANO MOVERS,hhg_interstate_carrier,
CANDIDATE,690147,gulf-winds-international-inc,usdot-690147,320104,"GULF WINDS INTERNATIONAL,  INC.","GULF WINDS INTERNATIONAL,  INC.",hhg_broker hhg_interstate_carrier,
CANDIDATE,6922,rukert-terminals-corporation,usdot-6922,543139,RUKERT TERMINALS CORPORATION,RUKERT TERMINALS CORPORATION,hhg_interstate_carrier,
CANDIDATE,692879,allstate-moving-systems,usdot-692879,321079,"ALLSTATE VAN & STORAGE, INC.",ALLSTATE MOVING SYSTEMS,hhg_interstate_carrier,
CANDIDATE,694249,terrier-transportation-inc,usdot-694249,316055,"TERRIER TRANSPORTATION, INC.","TERRIER TRANSPORTATION, INC.",hhg_interstate_carrier,
CANDIDATE,696468,tanner-international-forwarding-inc,usdot-696468,314108,"TANNER INTERNATIONAL FORWARDING, INC.","TANNER INTERNATIONAL FORWARDING, INC.",hhg_interstate_carrier,
CANDIDATE,696960,devine-movers-inc,usdot-696960,322798,"DEVINE MOVERS, INC.","DEVINE MOVERS, INC.",hhg_interstate_carrier,
CANDIDATE,698243,liberty-movers,usdot-698243,1270837,JAMES M REILLEY,LIBERTY MOVERS,hhg_interstate_carrier,
CANDIDATE,698342,legend-transportation,usdot-698342,455658,SAMMY GOMEZ,LEGEND TRANSPORTATION,hhg_interstate_carrier,
CANDIDATE,698508,u-i-movers-express,usdot-698508,323415,U & I DEVELOPMENT L.L.C.,U & I MOVERS EXPRESS,hhg_interstate_carrier,
CANDIDATE,698927,mississippi-van-lines-inc,usdot-698927,323595,"MISSISSIPPI VAN LINES, INC.","MISSISSIPPI VAN LINES, INC.",hhg_interstate_carrier,
CANDIDATE,699743,mad-city-moving,usdot-699743,324693,ROESSLER LLC,MAD CITY MOVING,hhg_interstate_carrier,
CANDIDATE,700264,morgan-moving-storage-inc,usdot-700264,324551,"MORGAN MOVING & STORAGE, INC.","MORGAN MOVING & STORAGE, INC.",hhg_interstate_carrier,
CANDIDATE,700628,c-f-movers-inc,usdot-700628,324312,"C & F MOVERS, INC.","C & F MOVERS, INC.",hhg_interstate_carrier,
CANDIDATE,70165,appleton-city-truck-line,usdot-70165,59437,RONALD DALE SMITH,APPLETON CITY TRUCK LINE,hhg_interstate_carrier,
CANDIDATE,703758,northcoast-moving-inc,usdot-703758,719418,NORTHCOAST MOVING INC,NORTHCOAST MOVING INC,hhg_interstate_carrier,
CANDIDATE,707793,a-soft-touch-moving-storage,usdot-707793,331362,"A CRAFT MOVING AND STORAGE, INC",A SOFT TOUCH MOVING & STORAGE,hhg_interstate_carrier,
CANDIDATE,708201,scott-transfer-storage,usdot-708201,1510249,RICHARD SCOTT,SCOTT TRANSFER & STORAGE,hhg_interstate_carrier,
CANDIDATE,708403,bison-moving-and-storage,usdot-708403,327163,"A-1 AMAZING GRACIE, LLC",BISON MOVING AND STORAGE,hhg_interstate_carrier,
CANDIDATE,708712,combined-van-lines-inc,usdot-708712,149586,"COMBINED VAN LINES, INC.","COMBINED VAN LINES, INC.",hhg_interstate_carrier,
CANDIDATE,709590,forward-van-lines,usdot-709590,327506,"ZIP TRANSPORT & SERVICES, INC.",FORWARD VAN LINES,hhg_interstate_carrier,
CANDIDATE,710236,doran-brothers-moving-self-storage,usdot-710236,358983,"NAROD, INC.",DORAN BROTHERS MOVING & SELF STORAGE,hhg_interstate_carrier,
CANDIDATE,710463,commercial-woodworking-co,usdot-710463,652405,COMMERCIAL WOODWORKING CO,COMMERCIAL WOODWORKING CO,hhg_interstate_carrier,
CANDIDATE,710704,princeton-van-service,usdot-710704,327902,LOUIS DECIBUS,PRINCETON VAN SERVICE,hhg_interstate_carrier,
CANDIDATE,714664,two-men-and-a-truck-usdot-714664,usdot-714664,330126,"J & C ENTERPRISES, INC.",TWO MEN AND A TRUCK,hhg_interstate_carrier,
CANDIDATE,714881,gore-moving-storage-inc,usdot-714881,312990,GORE MOVING & STORAGE INC.,GORE MOVING & STORAGE INC.,hhg_interstate_carrier,
CANDIDATE,717557,dc-leer-llc,usdot-717557,330099,"DC LEER, LLC","DC LEER, LLC",hhg_interstate_carrier,
CANDIDATE,71811,peoples-cartage-inc,usdot-71811,123685,"PEOPLES CARTAGE, INC.","PEOPLES CARTAGE, INC.",hhg_interstate_carrier,
CANDIDATE,719392,sherman-moving-storage-co,usdot-719392,392645,"ED SHERMAN MOVING STORAGE CO., INC.",SHERMAN MOVING & STORAGE  CO.,hhg_interstate_carrier,
CANDIDATE,720624,metro-moving-storage-inc,usdot-720624,331309,"METRO MOVING & STORAGE, INC.","METRO MOVING & STORAGE, INC.",hhg_interstate_carrier,
CANDIDATE,72097,hunt-transportation-inc,usdot-72097,82841,"HUNT TRANSPORTATION, INC.","HUNT TRANSPORTATION, INC.",hhg_interstate_carrier,
CANDIDATE,72100,i-go-van-storage-co,usdot-72100,10068,I-GO VAN & STORAGE CO,I-GO VAN & STORAGE CO,hhg_interstate_carrier,
CANDIDATE,728099,leatherberry-acres-llc,usdot-728099,1172785,"LEATHERBERRY ACRES, LLC","LEATHERBERRY ACRES, LLC",hhg_interstate_carrier,
CANDIDATE,728326,nebraskaland-transportation-services-n-t-s,usdot-728326,333048,LARRY HARTSHORN JR AND RANDY HARTSHORN,NEBRASKALAND TRANSPORTATION SERVICES N.T.S.,hhg_interstate_carrier,
CANDIDATE,729519,apaca-moving-storage-inc,usdot-729519,333895,"APACA MOVING & STORAGE, INC.","APACA MOVING & STORAGE, INC.",hhg_interstate_carrier,
CANDIDATE,730355,kincaid-s-moving-storage-company-inc,usdot-730355,334287,"KINCAID'S MOVING & STORAGE COMPANY, INC.","KINCAID'S MOVING & STORAGE COMPANY, INC.",hhg_interstate_carrier,
CANDIDATE,730844,midway-moving-storage-inc,usdot-730844,334274,"MIDWAY MOVING & STORAGE, INC.","MIDWAY MOVING & STORAGE, INC.",hhg_interstate_carrier,
CANDIDATE,731301,noah-s-ark-moving-storage,usdot-731301,334379,"MOVING & STORAGE, INC.",NOAH'S ARK MOVING & STORAGE,hhg_interstate_carrier,
CANDIDATE,731441,lippincott-van-lines,usdot-731441,334516,ROBERT W. LIPPINCOTT INC.,LIPPINCOTT VAN LINES,hhg_interstate_carrier,
CANDIDATE,73351,dodge-moving-and-storage-co-inc,usdot-73351,15232,"DODGE MOVING AND STORAGE CO., INC.","DODGE MOVING AND STORAGE CO., INC.",hhg_interstate_carrier,
CANDIDATE,734664,two-men-and-a-truck-cleveland,usdot-734664,335413,"NORTHCOAST MOVING ENTERPRISES, INC.",TWO MEN AND A TRUCK/CLEVELAND,hhg_interstate_carrier,
CANDIDATE,736609,diamond-freight-distribution-inc,usdot-736609,372583,DIAMOND FREIGHT DISTRIBUTION INC.,DIAMOND FREIGHT DISTRIBUTION INC.,hhg_interstate_carrier,
CANDIDATE,73670,chieftain-van-lines-inc,usdot-73670,74169,"CHIEFTAIN VAN LINES, INC.","CHIEFTAIN VAN LINES, INC.",hhg_interstate_carrier,
CANDIDATE,739369,two-men-and-a-truck-usdot-739369,usdot-739369,468114,TOMETICH INC.,TWO MEN AND A TRUCK,hhg_interstate_carrier,
CANDIDATE,741594,lindemann-piano-inc,usdot-741594,337265,"LINDEMANN PIANO, INC.","LINDEMANN PIANO, INC.",hhg_interstate_carrier,
CANDIDATE,742572,master-transit,usdot-742572,337945,ONE CRUSIERO WAY INC.,MASTER TRANSIT,hhg_interstate_carrier,
CANDIDATE,74296,joule-yacht-transport-inc,usdot-74296,128791,"JOULE YACHT TRANSPORT, INC.","JOULE YACHT TRANSPORT, INC.",hhg_broker hhg_interstate_carrier,
CANDIDATE,743360,ambrose-rigging,usdot-743360,337760,F.AMBROSE MOVING INC,AMBROSE RIGGING,hhg_interstate_carrier,
CANDIDATE,743432,abc-moving-co,usdot-743432,337858,SALAH GHARIANI,ABC MOVING CO.,hhg_interstate_carrier,
CANDIDATE,746232,preferred-moving-storage-inc,usdot-746232,1603098,PREFERRED MOVING & STORAGE INC,PREFERRED MOVING & STORAGE INC,hhg_interstate_carrier,
CANDIDATE,74817,international-moving-and-warehouse-company,usdot-74817,139622,INTERNATIONAL MOVING AND WAREHOUSE COMPANY,INTERNATIONAL MOVING AND WAREHOUSE COMPANY,hhg_interstate_carrier,
CANDIDATE,748281,atlantic-relocation-systems-usdot-748281,usdot-748281,1007646,EFFORT ENTERPRISES OF DENVER COLORADO INC,ATLANTIC RELOCATION SYSTEMS,hhg_interstate_carrier,
CANDIDATE,749839,e-b-transport-llc,usdot-749839,472085,E&B TRANSPORT LLC,E&B TRANSPORT LLC,hhg_interstate_carrier,
CANDIDATE,750245,3-e-moving-storage-inc,usdot-750245,840540,"3-E MOVING & STORAGE, INC.","3-E MOVING & STORAGE, INC.",hhg_interstate_carrier,
CANDIDATE,75065,master-movers-corporation,usdot-75065,134117,"D & D WAREHOUSES, INC.",MASTER MOVERS CORPORATION,hhg_interstate_carrier,
CANDIDATE,751097,beltmann-relocation-group,usdot-751097,716772,BELTMANN GROUP INCORPORATED,BELTMANN RELOCATION GROUP,hhg_interstate_carrier,
CANDIDATE,75272,hanson-maves-company,usdot-75272,91696,HANSON-MAVES COMPANY,HANSON-MAVES COMPANY,hhg_interstate_carrier,
CANDIDATE,752804,cajun-movers,usdot-752804,340636,"NAVARRE MOVING, INC.",CAJUN MOVERS,hhg_interstate_carrier,
CANDIDATE,753609,m-j-transportation-services,usdot-753609,340490,"M J SERVICES, INC.",M J TRANSPORTATION SERVICES,hhg_interstate_carrier,
CANDIDATE,7543,paxton-van-lines-inc,usdot-7543,61481,"PAXTON VAN LINES, INC.","PAXTON VAN LINES, INC.",hhg_interstate_carrier,
CANDIDATE,756209,unigroup-inc,usdot-756209,340780,"UNIGROUP, INC.","UNIGROUP, INC.",hhg_broker hhg_interstate_carrier,
CANDIDATE,757960,aron-movers-inc,usdot-757960,568794,ARON MOVERS INC,ARON MOVERS INC,hhg_interstate_carrier,
CANDIDATE,75850,warner-schuitema-moving-storage-co,usdot-75850,88087,WARNER-SCHUITEMA MOVING & STORAGE CO.,WARNER-SCHUITEMA MOVING & STORAGE CO.,hhg_interstate_carrier,
CANDIDATE,75914,k-b-transport-inc,usdot-75914,1184,K & B TRANSPORT INC,K & B TRANSPORT INC,hhg_interstate_carrier,
CANDIDATE,759685,akan-freight-inc,usdot-759685,348685,AKAN FREIGHT INC.,AKAN FREIGHT INC.,hhg_interstate_carrier,
CANDIDATE,761091,shetler-moving-storage-inc,usdot-761091,1815594,SHETLER MOVING & STORAGE INC,SHETLER MOVING & STORAGE INC,hhg_interstate_carrier,
CANDIDATE,761924,redding-moving-systems,usdot-761924,343338,SAM REDDING,REDDING MOVING SYSTEMS,hhg_interstate_carrier,
CANDIDATE,762824,b-g-leasing-inc,usdot-762824,343590,"B & G LEASING, INC.","B & G LEASING, INC.",hhg_interstate_carrier,
CANDIDATE,763103,horizon-movers-and-storage,usdot-763103,357048,"MEGLADON,  INC.",HORIZON MOVERS  AND STORAGE,hhg_interstate_carrier,
CANDIDATE,763738,star-express,usdot-763738,344821,STANISLAV MYASKOVSKIY,STAR EXPRESS,hhg_interstate_carrier,
CANDIDATE,76507,a-n-webber-inc,usdot-76507,147008,"A. N. WEBBER, INC.","A. N. WEBBER, INC.",hhg_broker hhg_interstate_carrier,
CANDIDATE,76707,victory-movers-inc,usdot-76707,261751,"VICTORY  MOVERS,   INC.","VICTORY  MOVERS,   INC.",hhg_interstate_carrier,
CANDIDATE,767304,craig-moving-storage-inc,usdot-767304,344915,"CRAIG MOVING & STORAGE, INC.","CRAIG MOVING & STORAGE, INC.",hhg_interstate_carrier,
CANDIDATE,767421,dick-s-moving-inc,usdot-767421,345080,"DICK'S MOVING, INC.","DICK'S MOVING, INC.",hhg_interstate_carrier,
CANDIDATE,768930,westpac-international-inc,usdot-768930,343553,WESTPAC INTERNATIONAL INC.,WESTPAC INTERNATIONAL INC.,hhg_interstate_carrier,
CANDIDATE,770045,tradelink-transport-inc,usdot-770045,345513,TRADELINK TRANSPORT INC.,TRADELINK TRANSPORT INC.,hhg_interstate_carrier,
CANDIDATE,774963,bob-plaza-movers,usdot-774963,431356,"BIANCELLA ENTERPRISES, INC.",BOB PLAZA MOVERS,hhg_interstate_carrier,
CANDIDATE,776315,s-k-2000-inc,usdot-776315,347584,"S & K 2000, INC.","S & K 2000, INC.",hhg_interstate_carrier,
CANDIDATE,77949,united-van-lines,usdot-77949,67234,"UNITED VAN LINES, LLC",UNITED VAN LINES,hhg_broker hhg_interstate_carrier,
CANDIDATE,77984,williams-moving-co,usdot-77984,135743,HAROLD WILLIAMS,WILLIAMS MOVING CO.,hhg_interstate_carrier,
CANDIDATE,781119,b-b-moving-storage-llc,usdot-781119,223564,B & B MOVING & STORAGE LLC,B & B MOVING & STORAGE LLC,hhg_interstate_carrier,
CANDIDATE,781293,spokane-movers-inc,usdot-781293,573292,SPOKANE MOVERS INC.,SPOKANE MOVERS INC.,hhg_interstate_carrier,
CANDIDATE,78272,connie-s-incorporated,usdot-78272,108296,"CONNIE'S, INCORPORATED","CONNIE'S, INCORPORATED",hhg_interstate_carrier,
CANDIDATE,78387,thompson-inc,usdot-78387,39443,"THOMPSON, INC.","THOMPSON, INC.",hhg_interstate_carrier,
CANDIDATE,784579,capital-moving-storage-co-inc,usdot-784579,685228,"CAPITAL MOVING & STORAGE CO., INC.","CAPITAL MOVING & STORAGE CO., INC.",hhg_interstate_carrier,
CANDIDATE,785540,guzman-trucking,usdot-785540,349401,JAVIER GUZMAN,GUZMAN TRUCKING,hhg_interstate_carrier,
CANDIDATE,786533,booska-movers-inc,usdot-786533,437707,"BOOSKA MOVERS, INC.","BOOSKA MOVERS, INC.",hhg_interstate_carrier,
CANDIDATE,791980,cameron-cameron-assembly-moving-and-storage-inc,usdot-791980,489330,"CAMERON & CAMERON, ASSEMBLY, MOVING AND STORAGE, INC.","CAMERON & CAMERON, ASSEMBLY, MOVING AND STORAGE, INC.",hhg_interstate_carrier,
CANDIDATE,795390,broderick-moving-storage,usdot-795390,617433,JAMES BRODERICK,BRODERICK MOVING & STORAGE,hhg_interstate_carrier,
CANDIDATE,799991,pro-landscape-supply,usdot-799991,1748600,PR OUELLETTE LANDSCAPE SUPPLY LLC,PRO LANDSCAPE SUPPLY,hhg_interstate_carrier,
CANDIDATE,800131,debo-moving-and-storage-inc,usdot-800131,200373,"DEBO MOVING AND STORAGE, INC.","DEBO MOVING AND STORAGE, INC.",hhg_interstate_carrier,
CANDIDATE,800254,bill-sanders-moving-inc,usdot-800254,1468249,BILL SANDERS MOVING INC,BILL SANDERS MOVING INC,hhg_interstate_carrier,
CANDIDATE,802091,echo-van-lines-inc,usdot-802091,357161,"ECHO VAN LINES, INC.","ECHO VAN LINES, INC.",hhg_broker hhg_interstate_carrier,
CANDIDATE,80232,humboldt-moving-storage-co,usdot-80232,98286,HUMBOLDT MOVING & STORAGE CO.,HUMBOLDT MOVING & STORAGE CO.,hhg_interstate_carrier,
CANDIDATE,802347,m-j-wessels-inc,usdot-802347,357483,"M. J. WESSELS, INC.","M. J. WESSELS, INC.",hhg_interstate_carrier,
CANDIDATE,803178,wessels-workplace-services,usdot-803178,537442,"WESSELS COMMERCIAL, INC.",WESSELS WORKPLACE SERVICES,hhg_interstate_carrier,
CANDIDATE,80386,foster-van-lines-inc,usdot-80386,126666,"FOSTER VAN LINES, INC.","FOSTER VAN LINES, INC.",hhg_interstate_carrier,
CANDIDATE,80652,malan-van-storage,usdot-80652,133710,RAY MALAN,MALAN VAN & STORAGE,hhg_interstate_carrier,
CANDIDATE,806764,all-my-sons-moving-and-storage,usdot-806764,390143,"BOURNIAS, LLC",ALL MY SONS MOVING AND STORAGE,hhg_interstate_carrier,
CANDIDATE,806985,two-men-and-a-truck-usdot-806985,usdot-806985,359156,"TANORY MOVING SYSTEM, INC.",TWO MEN AND A TRUCK,hhg_interstate_carrier,
CANDIDATE,80806,j-b-hunt,usdot-80806,135797,"J. B. HUNT TRANSPORT, INC.",J. B. HUNT,hhg_broker hhg_interstate_carrier,
CANDIDATE,808718,ccs-warehouse-inc,usdot-808718,359519,CCS WAREHOUSE INC,CCS WAREHOUSE INC,hhg_interstate_carrier,
CANDIDATE,808904,kanoko-transport-inc,usdot-808904,359765,KANOKO TRANSPORT INC.,KANOKO TRANSPORT INC.,hhg_interstate_carrier,
CANDIDATE,809898,brookline-transportation-co-inc,usdot-809898,360044,"BROOKLINE TRANSPORTATION CO., INC.","BROOKLINE TRANSPORTATION CO., INC.",hhg_interstate_carrier,
CANDIDATE,810977,piano-movers,usdot-810977,365653,WWW. PIANO MOVERS INC. COM,PIANO MOVERS,hhg_interstate_carrier,
CANDIDATE,811031,moving-on-up-inc,usdot-811031,360497,"MOVING ON UP, INC.","MOVING ON UP, INC.",hhg_interstate_carrier,
CANDIDATE,811434,global-van-lines-inc-of-indiana,usdot-811434,360661,"GLOBAL VAN LINES, INC. OF INDIANA","GLOBAL VAN LINES, INC. OF INDIANA",hhg_interstate_carrier,
CANDIDATE,812418,all-jersey-movers,usdot-812418,443945,"AJM, INC.",ALL JERSEY MOVERS,hhg_interstate_carrier,
CANDIDATE,812503,hometown-moving-storage,usdot-812503,637851,MOVERS INC,HOMETOWN MOVING & STORAGE,hhg_interstate_carrier,
CANDIDATE,812623,david-mccarthy-moving-llc,usdot-812623,361253,DAVID MCCARTHY MOVING LLC,DAVID MCCARTHY MOVING LLC,hhg_interstate_carrier,
CANDIDATE,81269,weil-thoman-moving-storage-co,usdot-81269,48564,WEIL/THOMAN MOVING & STORAGE CO.,WEIL/THOMAN MOVING & STORAGE CO.,hhg_interstate_carrier,
CANDIDATE,81660,a-1-moving-and-storage-inc,usdot-81660,129619,"A-1 MOVING AND STORAGE, INC.","A-1 MOVING AND STORAGE, INC.",hhg_interstate_carrier,
CANDIDATE,817357,bell-air-moving-inc,usdot-817357,26213,BELL AIR MOVING INC,BELL AIR MOVING INC,hhg_interstate_carrier,
CANDIDATE,818102,nelson-westerberg-of-texas,usdot-818102,494781,"NEWESCO, INC.",NELSON WESTERBERG OF TEXAS,hhg_interstate_carrier,
CANDIDATE,819815,epley-s-movers-inc,usdot-819815,390046,"EPLEY'S MOVERS, INC.","EPLEY'S MOVERS, INC.",hhg_interstate_carrier,
CANDIDATE,821114,sargent-s-moving,usdot-821114,581966,GREGORY SARGENT,SARGENT'S MOVING,hhg_interstate_carrier,
CANDIDATE,821492,paramus-moving-inc,usdot-821492,364519,"PARAMUS MOVING, INC.","PARAMUS MOVING, INC.",hhg_interstate_carrier,
CANDIDATE,822740,dreiske-moving-storage,usdot-822740,362561,"DREISKE ENTERPRISES, INC.",DREISKE MOVING & STORAGE,hhg_interstate_carrier,
CANDIDATE,824429,km-moving-services,usdot-824429,362682,KEVIN DANA MOODY,KM MOVING SERVICES,hhg_interstate_carrier,
CANDIDATE,825207,aetna-forwarding-inc,usdot-825207,,AETNA FORWARDING INC,AETNA FORWARDING INC,hhg_interstate_carrier,
CANDIDATE,825894,desert-moving-company-storage,usdot-825894,369448,"DESERT MOVING COMPANY, LLC",DESERT MOVING COMPANY & STORAGE,hhg_interstate_carrier,
CANDIDATE,825923,landco-llc,usdot-825923,366791,"LANDCO, LLC","LANDCO, LLC",hhg_interstate_carrier,
CANDIDATE,832471,a-mastrocco-jr-moving-storage-inc,usdot-832471,368703,"A. MASTROCCO, JR. MOVING & STORAGE, INC.","A. MASTROCCO, JR. MOVING & STORAGE, INC.",hhg_interstate_carrier,
CANDIDATE,8330,perry-moving-storage-inc,usdot-8330,19203,"PERRY MOVING & STORAGE, INC.","PERRY MOVING & STORAGE, INC.",hhg_interstate_carrier,
CANDIDATE,836551,twin-oaks-moving-company-inc,usdot-836551,369857,"TWIN OAKS MOVING COMPANY, INC.","TWIN OAKS MOVING COMPANY, INC.",hhg_interstate_carrier,
CANDIDATE,842136,two-men-and-a-truck-springfield-usdot-842136,usdot-842136,351995,"T. L. H. INDUSTRIES, INC.",TWO MEN AND A TRUCK - SPRINGFIELD,hhg_interstate_carrier,
CANDIDATE,842231,s-moving-storage-inc,usdot-842231,371600,"' 'S' '  MOVING & STORAGE, INC.","' 'S' '  MOVING & STORAGE, INC.",hhg_interstate_carrier,
CANDIDATE,845105,tnt-movers-llc,usdot-845105,1483339,TNT MOVERS LLC,TNT MOVERS LLC,hhg_interstate_carrier,
CANDIDATE,849413,piano-movers-plus,usdot-849413,393793,SUMMITT PIANOS LLC,PIANO MOVERS PLUS,hhg_interstate_carrier,
CANDIDATE,85504,clemmer-moving-storage-inc,usdot-85504,296756,"CLEMMER MOVING & STORAGE, INC.","CLEMMER MOVING & STORAGE, INC.",hhg_interstate_carrier,
CANDIDATE,85516,crossman-s-van-storage-co-inc,usdot-85516,19806,"CROSSMAN'S VAN & STORAGE CO., INC.","CROSSMAN'S VAN & STORAGE CO., INC.",hhg_interstate_carrier,
CANDIDATE,855489,bk-movers-l-l-c,usdot-855489,376602,"BK MOVERS, L.L.C.","BK MOVERS, L.L.C.",hhg_interstate_carrier,
CANDIDATE,857300,nk-parts-industries-inc,usdot-857300,206290,"NK PARTS INDUSTRIES, INC.","NK PARTS INDUSTRIES, INC.",hhg_broker hhg_interstate_carrier,
CANDIDATE,859311,two-men-and-a-truck-usdot-859311,usdot-859311,378643,WEIGT  INDUSTRIES  INC,TWO  MEN  AND A TRUCK,hhg_interstate_carrier,
CANDIDATE,86161,antonio-metivier,usdot-86161,17497,ANTONIO METIVIER,ANTONIO METIVIER,hhg_interstate_carrier,
CANDIDATE,862275,cassady-s-moving-co,usdot-862275,379778,ROBERT L. CASSADY JR.,CASSADY'S MOVING CO.,hhg_interstate_carrier,
CANDIDATE,86251,l-e-bagley-co-inc,usdot-86251,2840,"L. E. BAGLEY CO., INC.","L. E. BAGLEY CO., INC.",hhg_interstate_carrier,
CANDIDATE,862648,packaging-store,usdot-862648,517712,MYERS INC OF ROANOKE,PACKAGING STORE,hhg_interstate_carrier,
CANDIDATE,862657,cj-s-trucking-company,usdot-862657,422390,CHARLES S. WINGFIELD,CJ'S TRUCKING COMPANY,hhg_interstate_carrier,
CANDIDATE,86305,mclure-moving-storage,usdot-86305,55517,"MCLURE MOVING & STORAGE, INC.",MCLURE MOVING & STORAGE,hhg_interstate_carrier,
CANDIDATE,864502,university-moving-storage,usdot-864502,667732,GEE TRANSPORT INC,UNIVERSITY MOVING & STORAGE,hhg_interstate_carrier,
CANDIDATE,86556,walton-p-davis-co-inc,usdot-86556,23699,"WALTON P. DAVIS CO., INC.","WALTON P. DAVIS CO., INC.",hhg_interstate_carrier,
CANDIDATE,865623,quick-response-moving-co-llc,usdot-865623,557243,QUICK RESPONSE MOVING CO LLC,QUICK RESPONSE MOVING CO LLC,hhg_interstate_carrier,
CANDIDATE,867068,lombardi-s-van-storage-inc,usdot-867068,381207,"LOMBARDI'S  VAN &  STORAGE,   INC.","LOMBARDI'S  VAN &  STORAGE,   INC.",hhg_interstate_carrier,
CANDIDATE,867442,bayview-furniture,usdot-867442,993800,BAYVIEW PLAZA FURNITURE INC,BAYVIEW FURNITURE,hhg_interstate_carrier,
CANDIDATE,868269,central-moving-systems,usdot-868269,50915,RICHARD CORIELL & CO.,CENTRAL MOVING SYSTEMS,hhg_interstate_carrier,
CANDIDATE,872111,lyon-van-lines-llc,usdot-872111,5428,"LYON VAN LINES, LLC.","LYON VAN LINES, LLC.",hhg_broker hhg_interstate_carrier,
CANDIDATE,872553,advanced-moving-storage-inc,usdot-872553,382245,"ADVANCED  MOVING  &  STORAGE,   INC.","ADVANCED  MOVING  &  STORAGE,   INC.",hhg_interstate_carrier,
CANDIDATE,874456,cavalier-cartage-co,usdot-874456,204238,CAVALIER CARTAGE CO.,CAVALIER CARTAGE CO.,hhg_interstate_carrier,
CANDIDATE,875866,magic-moving-and-storage-magic-moving-company-magic-moving,usdot-875866,383588,MAGIC MOVING AND STORAGE INC.,"MAGIC MOVING AND STORAGE, MAGIC MOVING COMPANY, MAGIC MOVING",hhg_interstate_carrier,
CANDIDATE,875945,the-velvet-touch,usdot-875945,383268,"KIMONS MOVING, INC.",THE VELVET TOUCH,hhg_interstate_carrier,
CANDIDATE,876612,north-wind-transport,usdot-876612,395881,WENDY  E. BUCKUS,NORTH WIND TRANSPORT,hhg_interstate_carrier,
CANDIDATE,877758,redman-van-storage-company,usdot-877758,139551,REDMAN VAN & STORAGE COMPANY,REDMAN VAN & STORAGE COMPANY,hhg_interstate_carrier,
CANDIDATE,87821,f-s-moving-storage-inc,usdot-87821,120905,"F & S MOVING & STORAGE, INC.","F & S MOVING & STORAGE, INC.",hhg_interstate_carrier,
CANDIDATE,878328,road-warrior-moving-storage-inc,usdot-878328,385286,"ROAD WARRIOR MOVING & STORAGE, INC.","ROAD WARRIOR MOVING & STORAGE, INC.",hhg_interstate_carrier,
CANDIDATE,87878,bob-wootan-moving-and-storage-company-incorporated,usdot-87878,445772,BOB WOOTAN MOVING AND STORAGE COMPANY INCORPORATED,BOB WOOTAN MOVING AND STORAGE COMPANY INCORPORATED,hhg_interstate_carrier,
CANDIDATE,880118,l-l-van-lines-inc,usdot-880118,206606,"L & L VAN LINES, INC.","L & L VAN LINES, INC.",hhg_interstate_carrier,
CANDIDATE,880213,george-moving-storage-inc,usdot-880213,158885,"GEORGE MOVING & STORAGE, INC.","GEORGE MOVING & STORAGE, INC.",hhg_interstate_carrier,
CANDIDATE,881409,diamand-transportation-inc,usdot-881409,214745,"DIAMAND TRANSPORTATION, INC.","DIAMAND TRANSPORTATION, INC.",hhg_interstate_carrier,
CANDIDATE,882195,a-plus-always-moving-inc,usdot-882195,537456,A PLUS ALWAYS MOVING INC,A PLUS ALWAYS MOVING INC,hhg_interstate_carrier,
CANDIDATE,882204,bayside-moving-storage,usdot-882204,313904,"ABLE FORWARDERS, INC.",BAYSIDE MOVING & STORAGE,hhg_interstate_carrier,
CANDIDATE,883178,ridgecrest-moving-and-storage-co-inc,usdot-883178,286454,"RIDGECREST MOVING AND STORAGE CO., INC.","RIDGECREST MOVING AND STORAGE CO., INC.",hhg_interstate_carrier,
CANDIDATE,883330,lockson-inc,usdot-883330,385780,"LOCKSON, INC.","LOCKSON, INC.",hhg_interstate_carrier,
CANDIDATE,884629,mallory-moving-storage-inc,usdot-884629,553469,"MALLORY MOVING & STORAGE, INC.","MALLORY MOVING & STORAGE, INC.",hhg_interstate_carrier,
CANDIDATE,885021,the-antique-and-artisan-gallery,usdot-885021,1087565,THE ANTIQUE AND ARTISAN CENTER LLC,THE ANTIQUE AND ARTISAN GALLERY,hhg_interstate_carrier,
CANDIDATE,8868,ralph-palmisano-movers-inc,usdot-8868,80829,"RALPH PALMISANO MOVERS, INC.","RALPH PALMISANO MOVERS, INC.",hhg_interstate_carrier,
CANDIDATE,888572,cadogan-tate-aspen,usdot-888572,392360,"OLDE TOWNE ANTIQUES MOVING & STORAGE, INC.",CADOGAN TATE ASPEN,hhg_interstate_carrier,
CANDIDATE,888678,lares-trucking,usdot-888678,387042,JULIAN LARES ESCOBEDO,LARES TRUCKING,hhg_interstate_carrier,
CANDIDATE,888860,century-van-lines-inc,usdot-888860,572763,CENTURY VAN LINES INC,CENTURY VAN LINES INC,hhg_interstate_carrier,
CANDIDATE,890424,united-regions-van-lines-llc,usdot-890424,387551,UNITED REGIONS VAN LINES LLC,UNITED REGIONS VAN LINES LLC,hhg_interstate_carrier,
CANDIDATE,891665,moco-transportation-llc,usdot-891665,164580,"MOCO TRANSPORTATION, LLC","MOCO TRANSPORTATION, LLC",hhg_broker hhg_interstate_carrier,
CANDIDATE,892094,sunrise-moving-storage-company,usdot-892094,392351,SUNRISE MOVING & STORAGE COMPANY,SUNRISE MOVING & STORAGE COMPANY,hhg_interstate_carrier,
CANDIDATE,895181,doorstep-storage,usdot-895181,410095,H. B. PROPERTIES LLC,DOORSTEP STORAGE,hhg_interstate_carrier,
CANDIDATE,896355,vernay-moving-inc,usdot-896355,575229,VERNAY MOVING INC,VERNAY MOVING INC,hhg_interstate_carrier,
CANDIDATE,896791,a-1-freeman-moving-storage-l-l-c,usdot-896791,1425866,"A-1 FREEMAN MOVING & STORAGE, L.L.C.","A-1 FREEMAN MOVING & STORAGE, L.L.C.",hhg_interstate_carrier,
CANDIDATE,897422,a-m-p-m-movers,usdot-897422,390135,"V. P. INVESTMENTS, INC.",A.M.P.M. MOVERS,hhg_interstate_carrier,
CANDIDATE,89774,bonded-transportation-inc,usdot-89774,144304,"BONDED TRANSPORTATION, INC.","BONDED TRANSPORTATION, INC.",hhg_interstate_carrier,
CANDIDATE,898256,two-scots-moving,usdot-898256,414190,"DMJI. COM, L.L.C.",TWO  SCOTS  MOVING,hhg_interstate_carrier,
CANDIDATE,89837,ferriss-warehouse-storage-co,usdot-89837,1252,FERRISS MOVING & STORAGE CO INC,FERRISS WAREHOUSE & STORAGE CO,hhg_interstate_carrier,
CANDIDATE,89853,gilmore-moving-storage,usdot-89853,129355,"GILMORE ENTERPRISES, INC.",GILMORE MOVING & STORAGE,hhg_interstate_carrier,
CANDIDATE,89936,paulk-s-moving-storage-inc,usdot-89936,135068,"PAULK'S MOVING & STORAGE, INC.","PAULK'S MOVING & STORAGE, INC.",hhg_interstate_carrier,
CANDIDATE,901418,jordan-river-moving-storage,usdot-901418,391125,"JORDAN RIVER MOVING, L.L.C.",JORDAN RIVER MOVING & STORAGE,hhg_interstate_carrier,
CANDIDATE,901492,whalen-moving-and-storage-llc,usdot-901492,391150,WHALEN MOVING AND STORAGE LLC,WHALEN MOVING AND STORAGE LLC,hhg_interstate_carrier,
CANDIDATE,902467,all-my-sons-moving-storage-usdot-902467,usdot-902467,391522,"AMS MOVING & STORAGE OF PORTLAND, LLC",ALL MY SONS MOVING & STORAGE,hhg_interstate_carrier,
CANDIDATE,90752,acme-movers-storage-co-inc,usdot-90752,134943,"ACME MOVERS & STORAGE CO., INC.","ACME MOVERS & STORAGE CO., INC.",hhg_interstate_carrier,
CANDIDATE,90781,cardinal-moving-storage-inc,usdot-90781,136997,"CARDINAL MOVING & STORAGE, INC.","CARDINAL MOVING & STORAGE, INC.",hhg_interstate_carrier,
CANDIDATE,90808,fayetteville-moving-storage-inc,usdot-90808,129050,"FAYETTEVILLE MOVING & STORAGE, INC.","FAYETTEVILLE MOVING & STORAGE, INC.",hhg_interstate_carrier,
CANDIDATE,90809,fidelity-moving-storage-co-inc,usdot-90809,129053,"FIDELITY MOVING & STORAGE CO., INC.","FIDELITY MOVING & STORAGE CO., INC.",hhg_interstate_carrier,
CANDIDATE,90881,tryon-moving-and-storage-inc,usdot-90881,136763,"TRYON MOVING AND STORAGE,INC.","TRYON MOVING AND STORAGE,INC.",hhg_interstate_carrier,
CANDIDATE,908926,rainbow-moving-storage-inc,usdot-908926,393755,"RAINBOW  MOVING  & STORAGE, INC.","RAINBOW  MOVING  & STORAGE, INC.",hhg_interstate_carrier,
CANDIDATE,911910,marjes-moving-co,usdot-911910,394733,MARJES MOVING CO.,MARJES MOVING CO.,hhg_interstate_carrier,
CANDIDATE,913534,dedmon-moving-and-storage-inc,usdot-913534,227118,"DEDMON MOVING AND STORAGE, INC.","DEDMON MOVING AND STORAGE, INC.",hhg_interstate_carrier,
CANDIDATE,913816,two-men-and-a-truck-usdot-913816,usdot-913816,395598,"ALLEGIANCE, LLC",TWO MEN AND A TRUCK,hhg_interstate_carrier,
CANDIDATE,913954,us-van-lines-inc,usdot-913954,409524,"US VAN LINES, INC.","US VAN LINES, INC.",hhg_interstate_carrier,
CANDIDATE,915026,the-other-moving-company-inc,usdot-915026,396031,"THE OTHER MOVING COMPANY, INC.","THE OTHER MOVING COMPANY, INC.",hhg_interstate_carrier,
CANDIDATE,916912,two-men-and-a-truck-usdot-916912,usdot-916912,397132,"T & K MOVING, INC.",TWO MEN AND A TRUCK,hhg_interstate_carrier,
CANDIDATE,919054,military-movers-inc,usdot-919054,255038,"MILITARY MOVERS, INC.","MILITARY MOVERS, INC.",hhg_interstate_carrier,
CANDIDATE,919682,two-men-and-a-truck-usdot-919682,usdot-919682,397609,"LIGHTNER & LIGHTNER, INC.",TWO MEN AND A TRUCK,hhg_interstate_carrier,
CANDIDATE,920098,fec-highway-services-l-l-c,usdot-920098,236440,"FEC HIGHWAY SERVICES, L.L.C.","FEC HIGHWAY SERVICES, L.L.C.",hhg_broker hhg_interstate_carrier,
CANDIDATE,920358,marconi-moving-company-llc,usdot-920358,14134,MARCONI MOVING COMPANY LLC,MARCONI MOVING COMPANY LLC,hhg_interstate_carrier,
CANDIDATE,920704,cartwright-moving-storage-llc,usdot-920704,152324,"CARTWRIGHT MOVING & STORAGE, LLC","CARTWRIGHT MOVING & STORAGE, LLC",hhg_broker hhg_interstate_carrier,
CANDIDATE,923176,reliance-moving-inc,usdot-923176,459114,"RELIANCE MOVING, INC.","RELIANCE MOVING, INC.",hhg_interstate_carrier,
CANDIDATE,923282,nazarite-s-trucking,usdot-923282,414174,JESSIE L. FOSTER,NAZARITE'S TRUCKING,hhg_interstate_carrier,
CANDIDATE,923640,dircks-moving-logistics,usdot-923640,398594,"DIRCKS MOVING SERVICES, INC.",DIRCKS MOVING & LOGISTICS,hhg_interstate_carrier,
CANDIDATE,924735,summit-van-lines-inc,usdot-924735,399587,"SUMMIT VAN LINES, INC.","SUMMIT VAN LINES, INC.",hhg_interstate_carrier,
CANDIDATE,924864,kya-transport-inc,usdot-924864,398982,"KYA  TRANSPORT,  INC.","KYA  TRANSPORT,  INC.",hhg_interstate_carrier,
CANDIDATE,925666,excel-van-lines-inc,usdot-925666,399247,"EXCEL VAN LINES, INC.","EXCEL VAN LINES, INC.",hhg_interstate_carrier,
CANDIDATE,92676,cs-cartage-llc,usdot-92676,129564,CS CARTAGE LLC,CS CARTAGE LLC,hhg_interstate_carrier,
CANDIDATE,92709,carroll-s-moving-storage-co-inc,usdot-92709,133650,"CARROLL'S  MOVING & STORAGE CO., INC.","CARROLL'S  MOVING & STORAGE CO., INC.",hhg_interstate_carrier,
CANDIDATE,92834,trading-post,usdot-92834,49052,"MACON TRADING POST, INC.",TRADING POST,hhg_interstate_carrier,
CANDIDATE,92845,washburn-storage-company,usdot-92845,43283,WASHBURN STORAGE COMPANY,WASHBURN STORAGE COMPANY,hhg_interstate_carrier,
CANDIDATE,930014,dlk-moving-storage-inc,usdot-930014,401161,"DLK MOVING & STORAGE, INC.","DLK MOVING & STORAGE, INC.",hhg_interstate_carrier,
CANDIDATE,932937,metro-moving-llc,usdot-932937,415608,METRO MOVING LLC,METRO MOVING LLC,hhg_interstate_carrier,
CANDIDATE,934584,action-moving,usdot-934584,402403,"SERVANT ENTERPRISES, INC.",ACTION MOVING,hhg_interstate_carrier,
CANDIDATE,936885,golden-isles-moving-storage,usdot-936885,880216,WOLFE VENTURES LLC,GOLDEN ISLES MOVING & STORAGE,hhg_interstate_carrier,
CANDIDATE,938216,aaa-associates-moving-storage-llc,usdot-938216,403185,"AAA ASSOCIATES MOVING & STORAGE, LLC","AAA ASSOCIATES MOVING & STORAGE, LLC",hhg_interstate_carrier,
CANDIDATE,938664,arrow-moving-storage-of-utah-lp,usdot-938664,265649,"ARROW MOVING & STORAGE OF UTAH, LP","ARROW MOVING & STORAGE OF UTAH, LP",hhg_interstate_carrier,
CANDIDATE,939909,logix-transportation-inc,usdot-939909,404331,"LOGIX TRANSPORTATION, INC.","LOGIX TRANSPORTATION, INC.",hhg_broker hhg_interstate_carrier,
CANDIDATE,942994,j-m-moving-storage-specialists-inc,usdot-942994,405321,"J & M MOVING & STORAGE SPECIALISTS, INC.","J & M MOVING & STORAGE SPECIALISTS, INC.",hhg_interstate_carrier,
CANDIDATE,943487,marathon-moving-company-inc,usdot-943487,405568,MARATHON MOVING COMPANY INC.,MARATHON MOVING COMPANY INC.,hhg_interstate_carrier,
CANDIDATE,945205,cape-cod-moving-inc,usdot-945205,405713,"CAPE COD MOVING, INC.","CAPE COD MOVING, INC.",hhg_interstate_carrier,
CANDIDATE,945395,mccabes-moving,usdot-945395,459157,MCCABES MOVING PREPARATIONS LLC,MCCABES MOVING,hhg_interstate_carrier,
CANDIDATE,947009,gardner-moving-company,usdot-947009,406694,GARDNER MOVING COMPANY,GARDNER MOVING COMPANY,hhg_interstate_carrier,
CANDIDATE,9480,rebel-van-lines,usdot-9480,136202,REBEL VAN LINES,REBEL VAN LINES,hhg_interstate_carrier,
CANDIDATE,950081,crown-moving-co-inc,usdot-950081,407222,"CROWN MOVING CO., INC.","CROWN MOVING CO., INC.",hhg_interstate_carrier,
CANDIDATE,950969,rams-trucking,usdot-950969,551384,NARINE SOOKDEO,RAMS TRUCKING,hhg_interstate_carrier,
CANDIDATE,951429,econo-moving-co,usdot-951429,407533,DAVID BURKHALTER,ECONO MOVING CO.,hhg_interstate_carrier,
CANDIDATE,951573,gelven-s-moving-inc,usdot-951573,408138,GELVEN'S MOVING INC.,GELVEN'S MOVING INC.,hhg_interstate_carrier,
CANDIDATE,952110,pt-moving-systems,usdot-952110,408131,"P.T. MOVING, INC.",PT MOVING SYSTEMS,hhg_broker hhg_interstate_carrier,
CANDIDATE,954897,mho-movers-llc,usdot-954897,408769,"MHO MOVERS, LLC","MHO MOVERS, LLC",hhg_interstate_carrier,
CANDIDATE,955104,wasatch-transfer-storage,usdot-955104,408749,"RTR, LLC",WASATCH TRANSFER & STORAGE,hhg_interstate_carrier,
CANDIDATE,955615,two-men-and-a-truck-augusta,usdot-955615,408946,"THOMPSON & WEBSTER, LLC",TWO MEN AND A TRUCK/AUGUSTA,hhg_interstate_carrier,
CANDIDATE,956016,appalachian-movers-transport,usdot-956016,444278,DOUGLAS TRACY CARPENTER,APPALACHIAN MOVERS TRANSPORT,hhg_interstate_carrier,
CANDIDATE,957456,armbruster-moving-storage-inc,usdot-957456,199935,"ARMBRUSTER MOVING & STORAGE, INC.","ARMBRUSTER MOVING & STORAGE, INC.",hhg_interstate_carrier,
CANDIDATE,958067,mambo-movers-inc,usdot-958067,409314,"MAMBO MOVERS, INC.","MAMBO MOVERS, INC.",hhg_interstate_carrier,
CANDIDATE,95879,apaca-van-lines-inc,usdot-95879,171662,"APACA VAN LINES, INC.","APACA VAN LINES, INC.",hhg_interstate_carrier,
CANDIDATE,95923,abc-bonded-warehouses-inc,usdot-95923,129596,"ABC BONDED WAREHOUSES, INC.","ABC BONDED WAREHOUSES, INC.",hhg_interstate_carrier,
CANDIDATE,95947,albuquerque-moving-and-storage-company-inc,usdot-95947,121026,"ALBUQUERQUE MOVING AND STORAGE COMPANY, INC.","ALBUQUERQUE MOVING AND STORAGE COMPANY, INC.",hhg_interstate_carrier,
CANDIDATE,960533,meade-transport-inc,usdot-960533,556665,MEADE TRANSPORT INC,MEADE TRANSPORT INC,hhg_interstate_carrier,
CANDIDATE,960789,countrywide-moving-storage,usdot-960789,410116,"J A TRANSPORTATION,INC.",COUNTRYWIDE MOVING & STORAGE,hhg_interstate_carrier,
CANDIDATE,960979,kings-moving,usdot-960979,954013,KINGS MOVING,KINGS MOVING,hhg_interstate_carrier,
CANDIDATE,964348,ace-moving-and-storage-co,usdot-964348,1659790,BEKINS A-1 MOVERS INC,ACE MOVING AND STORAGE CO,hhg_interstate_carrier,
CANDIDATE,96584,sudduth-transfer-storage,usdot-96584,104674,M. C. SUDDUTH,SUDDUTH TRANSFER & STORAGE,hhg_interstate_carrier,
CANDIDATE,966254,perry-moving-services,usdot-966254,469384,PERRY MOVING SERVICES L.L.C.,PERRY MOVING SERVICES,hhg_interstate_carrier,
CANDIDATE,966624,drn-moving-inc,usdot-966624,450645,"DRN MOVING, INC.","DRN MOVING, INC.",hhg_interstate_carrier,
CANDIDATE,967970,two-guys-truck,usdot-967970,432549,A & A ALLIANCE MOVING INC.,TWO GUYS & TRUCK,hhg_interstate_carrier,
CANDIDATE,971993,nationwide-moving-inc,usdot-971993,411763,"NATIONWIDE MOVING, INC.","NATIONWIDE MOVING, INC.",hhg_interstate_carrier,
CANDIDATE,973079,north-bay-movers,usdot-973079,1306523,D NOLAND INC,NORTH BAY MOVERS,hhg_interstate_carrier,
CANDIDATE,976593,nationwide-van-lines-inc,usdot-976593,411705,"NATIONWIDE VAN LINES, INC.","NATIONWIDE VAN LINES, INC.",hhg_interstate_carrier,
CANDIDATE,979213,coutu-bros-movers,usdot-979213,566953,JMR HOLDINGS INC,COUTU BROS MOVERS,hhg_interstate_carrier,
CANDIDATE,979876,t6-transportation-llc,usdot-979876,578700,T6 TRANSPORTATION LLC,T6 TRANSPORTATION LLC,hhg_interstate_carrier,
CANDIDATE,980236,apex-plus-group-inc,usdot-980236,551220,"APEX PLUS GROUP, INC.","APEX PLUS GROUP, INC.",hhg_interstate_carrier,
CANDIDATE,982676,highlawn-moving-storage-inc,usdot-982676,414935,"HIGHLAWN MOVING & STORAGE, INC.","HIGHLAWN MOVING & STORAGE, INC.",hhg_interstate_carrier,
CANDIDATE,982739,3b-s-moving-storage,usdot-982739,415708,"B & K CO., L.L.C.",3B'S MOVING & STORAGE,hhg_interstate_carrier,
CANDIDATE,984660,a-to-z-express,usdot-984660,416968,PAUL COLLINS,A TO Z EXPRESS,hhg_interstate_carrier,
CANDIDATE,986609,p-t-s-i,usdot-986609,467247,"POMAIKA'I TRANSPORT SVCS., INC.",P.T.S.I..,hhg_interstate_carrier,
CANDIDATE,986875,g-c-trucking,usdot-986875,479661,JUAN CORTES,G & C TRUCKING,hhg_interstate_carrier,
CANDIDATE,987094,all-my-son-s-moving-storage-of-atlanta,usdot-987094,416679,"J'S MOVING & STORAGE, LLC.",ALL MY SON'S MOVING & STORAGE OF ATLANTA,hhg_interstate_carrier,
CANDIDATE,991167,vernon-moving-and-storage-inc,usdot-991167,419655,VERNON MOVING AND STORAGE INC.,VERNON MOVING AND STORAGE INC.,hhg_interstate_carrier,
CANDIDATE,994301,expert-moving-storage-llc,usdot-994301,419706,EXPERT MOVING & STORAGE LLC,EXPERT MOVING & STORAGE LLC,hhg_interstate_carrier,
CANDIDATE,997991,two-men-and-a-truck-usdot-997991,usdot-997991,432223,"TMT/ SPRINGS, INC.",TWO MEN AND A TRUCK,hhg_interstate_carrier,
CANDIDATE,998247,cts-logistics-group,usdot-998247,941720,"CONTINENTAL TRADING & SERVICES, INC.",CTS LOGISTICS GROUP,hhg_broker hhg_interstate_carrier,
CANDIDATE,998525,superior-transfer,usdot-998525,1218217,EDGAR TABLER,SUPERIOR TRANSFER,hhg_interstate_carrier,
CANDIDATE,3475743,safe-ship-moving-services,vellar-holdings-llc,,VELLAR HOLDINGS LLC,Safe Ship Moving Services,hhg_intrastate hhg_local,
CANDIDATE,26510,larsen-transfer-co,wa-cc000173,,TRI-CITY UNITED INC,Larsen Transfer Company,hhg_intrastate hhg_local,
CANDIDATE,80577,vashon-trucking-inc,wa-cc000208,,VASHON TRUCKING INC,"Vashon Trucking, Inc.",hhg_intrastate hhg_local,
CANDIDATE,527782,olympic-move-group-move-northwest-lile-moving-storage,wa-cc000220,,MERCHANTS PARCEL DELIVERY INC,Olmpic Move Group Lile Moving & Storage Move Nw,hhg_intrastate hhg_local,
CANDIDATE,1890562,boush-moving-storage-inc,wa-cc000562,,BOUSH MOVING AND STORAGE INC,"Boush Moving & Storage, Inc.",hhg_intrastate hhg_local,
CANDIDATE,27489,pom-arleau-transfer-and-storage-corp,wa-cc001496,,POM-ARLEAU TRANSFER AND STORAGE CORP,Pom-Arleau Transfer and Storage Corp.,hhg_intrastate hhg_local,
CANDIDATE,2068471,evergreen-moving-systems-inc,wa-cc001973,,EVERGREEN MOVING SYSTEMS INC,"Evergreen Moving Systems, Inc.",hhg_intrastate hhg_local,
CANDIDATE,193147,cement-distributors-inc,wa-cc003737,,CEMENT DISTRIBUTORS INC,"Cement Distributors, Inc",hhg_intrastate hhg_local,
CANDIDATE,249090,ridgefield-woodwaste-co,wa-cc004118,,GROAT BROTHERS INC,Ridgefield Wood Waste Company,hhg_intrastate hhg_local,
CANDIDATE,3154189,devries-moving-packing-storage,wa-cc004401,,JIM'S TRANSFER INC,Devries Moving Packing Storage,hhg_intrastate hhg_local,
CANDIDATE,27491,town-campus-pickup-delivery-svc,wa-cc005594,,PRATT MOVING & STORAGE INC,Town & Campus Pickup & Delivery Svc.,hhg_intrastate hhg_local,
CANDIDATE,78149,mcneight-express-inc,wa-cc010217,,MCNEIGHT EXPRESS INC,"McNeight Express, Inc.",hhg_intrastate hhg_local,
CANDIDATE,163212,olympic-moving-storage-iii,wa-cc023990,,NOWADNICK AND SONS INC,Olympic Moving And Storage Iii,hhg_intrastate hhg_local,
CANDIDATE,1064270,yakima-transfer-storage-co,wa-cc030411,,YAKIMA TRANSFER AND STORAGE COMPANY,Yakima Transfer & Storage CO.,hhg_intrastate hhg_local,
CANDIDATE,894898,mark-doubravsky-trucking-inc,wa-hg-000135,,MARK DOUBRAVSKY TRUCKING INC,"Mark Doubravsky Trucking, Inc.",hhg_intrastate hhg_local,
CANDIDATE,13172,larry-trapp-trucking-inc,wa-hg-005742,,LARRY TRAPP TRUCKING INC,"Larry Trapp Trucking, Inc.",hhg_intrastate hhg_local,
CANDIDATE,833293,moving-storage-solutions-inc,wa-hg-011850,,MOVING & STORAGE SOLUTIONS INC,Moving & Storage Solutions INC,hhg_intrastate hhg_local,
CANDIDATE,482337,help-u-move,wa-hg-011855,,HELP-U-MOVE INC,Help-U-Move,hhg_intrastate hhg_local,
CANDIDATE,13059,zip-truck-lines-inc,wa-hg-022583,,ZIP TRUCK LINES INC,Zip Truck Lines INC,hhg_intrastate hhg_local,
CANDIDATE,2931343,whidbey-moving-and-storage,wa-hg-032768,,WHIDBEY LOGISTICS LLC,Whidbey Moving & Storage,hhg_intrastate hhg_local,
CANDIDATE,1057263,big-al-s-specialty-movers-inc,wa-hg-061724,,BIG AL'S SPECIALTY MOVERS INC,"Big Al's Specialty Movers, Inc.",hhg_intrastate hhg_local,
CANDIDATE,1356585,good-old-movers,wa-hg-061841,,MIRONENKO BROTHERS INC,Good Old Movers,hhg_intrastate hhg_local,
CANDIDATE,1910143,able-moving-inc,wa-hg-062546,,ABLE MOVING INC,Able Moving INC,hhg_intrastate hhg_local,
CANDIDATE,2486455,glavin-moving-company,wa-hg-065485,,GLAVIN MOVING COMPANY,Owner,hhg_intrastate hhg_local,
CANDIDATE,2821472,urbin-attic-llc,wa-hg-066184,,URBIN ATTIC LLC,Urbin Attic LLC,hhg_intrastate hhg_local,
CANDIDATE,2571648,robany-work-services-llc,wa-hg-067049,,ROBANY WORK SERVICES LLC,Robany Work Services LLC,hhg_intrastate hhg_local,
CANDIDATE,3157489,pro-piano-move-inc,wa-hg-068318,,PRO PIANO MOVE INC,Pro Piano Move Inc.,hhg_intrastate hhg_local,
CANDIDATE,4363667,simply-contents-northwest-llc,wa-thg071741,,SIMPLY CONTENTS NORTHWEST LLC,Simply Contents Northwest LLC,hhg_intrastate hhg_local,
CANDIDATE,4443394,move-it-sis-llc,wa-thg071794,,MOVE IT SIS LLC,"Move It Sis, LLC",hhg_intrastate hhg_local,
CANDIDATE,4415425,summit-moving,wa-thg072051,,UPPER LEFT FREIGHT COMPANY,Summit Moving,hhg_intrastate hhg_local,
CANDIDATE,70719,wheaton-world-wide,wheaton,87113,WHEATON VAN LINES INC,Wheaton World Wide Moving,hhg_interstate_carrier,
CANDIDATE,1942465,wirks-moving-storage,wirks-moving-storage,699457,WIRKS MOVING & STORAGE INC,Wirks Moving & Storage,hhg_interstate_carrier,
CANDIDATE,2518689,you-move-me-charlotte,you-move-me-charlotte,,TEC VENTURES LLC,You Move Me,hhg_interstate_carrier,
MISSING_REQUIRED_IDENTITY,,1st-choice-movers-llc,1st-choice-movers-llc,,1st Choice Movers LLC,1st Choice Movers LLC,hhg_intrastate hhg_local,
MISSING_REQUIRED_IDENTITY,,2-austin-movers,2-austin-movers,,,2 Austin Movers,hhg_intrastate hhg_local,
MISSING_REQUIRED_IDENTITY,,2-fellas-a-big-vehicle-moving-company,2-fellas-a-big-vehicle-moving-company,,,2 Fellas & A Big Vehicle Moving Company,hhg_intrastate hhg_local,
MISSING_REQUIRED_IDENTITY,,3-men-movers-ltd,3-men-movers-ltd,,,3 Men Movers LTD,hhg_intrastate hhg_local,
MISSING_REQUIRED_IDENTITY,,5-star-movers-llc-bronx-moving-company,5-star-movers-llc-bronx-moving-company,,,5 Star Movers LLC - Bronx Moving Company,hhg_intrastate hhg_local,
MISSING_REQUIRED_IDENTITY,,680-movers,680-movers,,680 Movers,680 Movers,hhg_intrastate hhg_local,
MISSING_REQUIRED_IDENTITY,,6th-man-movers,6th-man-movers,,,6th Man Movers,hhg_intrastate hhg_local,
MISSING_REQUIRED_IDENTITY,,a-1-movers,a-1-movers,,,A#1 Movers,hhg_intrastate hhg_local,
MISSING_REQUIRED_IDENTITY,,a-1-steedle,a-1-steedle,,,A-1 Steedle,hhg_intrastate hhg_local,
MISSING_REQUIRED_IDENTITY,,a-better-budget-moving-labor-inc,a-better-budget-moving-labor-inc,,,A Better Budget Moving & Labor Inc,hhg_intrastate hhg_local,
MISSING_REQUIRED_IDENTITY,,a-mother-s-touch-movers,a-mother-s-touch-movers,,,A Mother's Touch Movers,hhg_intrastate hhg_local,
MISSING_REQUIRED_IDENTITY,,a2b-movers-llc,a2b-movers-llc,,A2b Movers LLC,A2b Movers LLC,hhg_intrastate hhg_local,
MISSING_REQUIRED_IDENTITY,,ace-monterey-moving,ace-monterey-moving,,,Ace Monterey Moving,hhg_intrastate hhg_local,
MISSING_REQUIRED_IDENTITY,,ace-moving-co-2,ace-moving-co-2,,,Ace Moving Co,hhg_intrastate hhg_local,
MISSING_REQUIRED_IDENTITY,,act-of-class-moving-llc,act-of-class-moving-llc,,,Act Of Class Moving,hhg_intrastate hhg_local,
MISSING_REQUIRED_IDENTITY,,affordable-movers-usa,affordable-movers-usa,,,Affordable Movers USA,hhg_intrastate hhg_local,
MISSING_REQUIRED_IDENTITY,,affordable-moving-storage,affordable-moving-storage,,Affordable Moving & Storage,Affordable Moving & Storage,hhg_intrastate hhg_local,
MISSING_REQUIRED_IDENTITY,,alder-moving-services,alder-moving-services,,,Alder Moving Services,hhg_intrastate hhg_local,
MISSING_REQUIRED_IDENTITY,,all-about-moving-tampa-bay,all-about-moving-tampa-bay,,,All About Moving Tampa Bay,hhg_intrastate hhg_local,
MISSING_REQUIRED_IDENTITY,,all-around-moves,all-around-moves,,,All Around Moves,hhg_intrastate hhg_local,
MISSING_REQUIRED_IDENTITY,,all-my-sons-moving-storage-of-atlanta-south-llc,all-my-sons-moving-storage-of-atlanta-south-llc,,,All My Sons Moving & Storage Of Atlanta-south LLC,hhg_intrastate hhg_local,
MISSING_REQUIRED_IDENTITY,,all-my-sons-moving-storage-of-dallas-north-llc,all-my-sons-moving-storage-of-dallas-north-llc,,,All My Sons Moving & Storage Of Dallas-north,hhg_intrastate hhg_local,
MISSING_REQUIRED_IDENTITY,,all-things-moving-storage-llc,all-things-moving-storage-llc,,,All Things Moving Storage,hhg_intrastate hhg_local,
MISSING_REQUIRED_IDENTITY,,allstar-movers,allstar-movers,,,AllStar Movers,hhg_intrastate hhg_local,
MISSING_REQUIRED_IDENTITY,,alpha-transports-movers,alpha-transports-movers,,,Alpha Transports Movers,hhg_intrastate hhg_local,
MISSING_REQUIRED_IDENTITY,,am-moving-company-dallas,am-moving-company-dallas,,,AM Moving Company Dallas,hhg_intrastate hhg_local,
MISSING_REQUIRED_IDENTITY,,am-pm-super-movers-inc,am-pm-super-movers-inc,,,"AM-PM Super Movers, INC",hhg_intrastate hhg_local,
MISSING_REQUIRED_IDENTITY,,amco-of-tn-moving-junk-removal,amco-of-tn-moving-junk-removal,,,"AMCO of TN, Moving & Junk Removal",hhg_intrastate hhg_local,
MISSING_REQUIRED_IDENTITY,,america-s-family-moving-and-storage-llc,america-s-family-moving-and-storage-llc,,,America's Family Moving And Storage,hhg_intrastate hhg_local,
MISSING_REQUIRED_IDENTITY,,american-dream-movers,american-dream-movers,,,American Dream Movers,hhg_intrastate hhg_local,
MISSING_REQUIRED_IDENTITY,,american-knights-moving-and-storage,american-knights-moving-and-storage,,,American Knights Moving and Storage,hhg_intrastate hhg_local,
MISSING_REQUIRED_IDENTITY,,ample-moving-nj,ample-moving-nj,,Ample Moving NJ,Ample Moving NJ,hhg_intrastate hhg_local,
MISSING_REQUIRED_IDENTITY,,ample-moving-nj-2,ample-moving-nj-2,,Ample Moving NJ,Ample Moving NJ,hhg_intrastate hhg_local,
MISSING_REQUIRED_IDENTITY,,anderson-bros-movers,anderson-bros-movers,,Anderson Bros. Movers,Anderson Bros. Movers,hhg_intrastate hhg_local,
MISSING_REQUIRED_IDENTITY,,angel-movers-llc,angel-movers-llc,,,Angel Movers,hhg_intrastate hhg_local,
MISSING_REQUIRED_IDENTITY,,apollos-moving-logistics-llc,apollos-moving-logistics-llc,,,Apollos Moving & Logistics,hhg_intrastate hhg_local,
MISSING_REQUIRED_IDENTITY,,armstrong-relocation-companies-llc,armstrong-relocation-companies-llc,,,Armstrong Relocation & Companies LLC,hhg_intrastate hhg_local,
MISSING_REQUIRED_IDENTITY,,atx-movers-llc,atx-movers-llc,,,Atx Movers,hhg_intrastate hhg_local,
MISSING_REQUIRED_IDENTITY,,austin-moving-company,austin-moving-company,,,Austin Moving Company,hhg_intrastate hhg_local,
MISSING_REQUIRED_IDENTITY,,ballantyne-beyond-moving-inc,ballantyne-beyond-moving-inc,,,"Ballantyne & Beyond Moving, Inc",hhg_intrastate hhg_local,
MISSING_REQUIRED_IDENTITY,,beast-mode-movers,beast-mode-movers,,,Beast Mode Movers,hhg_intrastate hhg_local,
MISSING_REQUIRED_IDENTITY,,bellhop-moving,bellhop-moving,,,Bellhop Moving,hhg_intrastate hhg_local,
MISSING_REQUIRED_IDENTITY,,bellhop-moving-dallas,bellhop-moving-dallas,,,Bellhop Moving - Dallas,hhg_intrastate hhg_local,
MISSING_REQUIRED_IDENTITY,,best-california-movers,best-california-movers,,Best California Movers,Best California Movers,hhg_intrastate hhg_local,
MISSING_REQUIRED_IDENTITY,,best-fit-movers-orange-county,best-fit-movers-orange-county,,Best Fit Movers Orange County,Best Fit Movers Orange County,hhg_intrastate hhg_local,
MISSING_REQUIRED_IDENTITY,,best-miami-movers,best-miami-movers,,,Best Miami Movers,hhg_intrastate hhg_local,
MISSING_REQUIRED_IDENTITY,,best-us-moving,best-us-moving,,,Best US Moving,hhg_intrastate hhg_local,
MISSING_REQUIRED_IDENTITY,,big-family-movers,big-family-movers,,Big Family Movers,Big Family Movers,hhg_intrastate hhg_local,
MISSING_REQUIRED_IDENTITY,,big-league-movers-inc,big-league-movers-inc,,,Big League Movers INC,hhg_intrastate hhg_local,
MISSING_REQUIRED_IDENTITY,,big-win-moving,big-win-moving,,,Big Win Moving,hhg_intrastate hhg_local,
MISSING_REQUIRED_IDENTITY,,bk-movers-llc,bk-movers-llc,,,Bk Movers,hhg_intrastate hhg_local,
MISSING_REQUIRED_IDENTITY,,black-swan-moving-llc,black-swan-moving-llc,,,Black Swan Moving,hhg_intrastate hhg_local,
MISSING_REQUIRED_IDENTITY,,black-tie-moving-nashville-llc,black-tie-moving-nashville-llc,,,Black Tie Moving Nashville LLC,hhg_intrastate hhg_local,
MISSING_REQUIRED_IDENTITY,,blue-line-moving-and-storage,blue-line-moving-and-storage,,,blue line moving and storage,hhg_intrastate hhg_local,
MISSING_REQUIRED_IDENTITY,,blue-moving-llc,blue-moving-llc,,,Blue Moving,hhg_intrastate hhg_local,
MISSING_REQUIRED_IDENTITY,,boca-moving-company,boca-moving-company,,,Boca Moving Company,hhg_intrastate hhg_local,
MISSING_REQUIRED_IDENTITY,,booth-movers-ltd,booth-movers-ltd,,,Booth Movers LTD,hhg_intrastate hhg_local,
MISSING_REQUIRED_IDENTITY,,brewer-moving-llc,brewer-moving-llc,,,Brewer Moving,hhg_intrastate hhg_local,
MISSING_REQUIRED_IDENTITY,,brothers-ez-moving-of-tampa,brothers-ez-moving-of-tampa,,,Brothers EZ Moving of Tampa,hhg_intrastate hhg_local,
MISSING_REQUIRED_IDENTITY,,browning-moving-storage-inc,browning-moving-storage-inc,,,Browning Moving & Storage INC,hhg_intrastate hhg_local,
MISSING_REQUIRED_IDENTITY,,bull-moving,bull-moving,,,Bull Moving,hhg_intrastate hhg_local,
MISSING_REQUIRED_IDENTITY,,bulldog-movers-inc,bulldog-movers-inc,,,Bulldog Movers INC,hhg_intrastate hhg_local,
MISSING_REQUIRED_IDENTITY,,busy-bee-movers-llc,busy-bee-movers-llc,,,Busy Bee Movers,hhg_intrastate hhg_local,
MISSING_REQUIRED_IDENTITY,,busy-bee-movers-llc-2,busy-bee-movers-llc-2,,,"Busy Bee Movers,",hhg_intrastate hhg_local,
MISSING_REQUIRED_IDENTITY,,camelback-moving-inc,camelback-moving-inc,,,Camelback Moving INC,hhg_intrastate hhg_local,
MISSING_REQUIRED_IDENTITY,,carpe-diem-moving,carpe-diem-moving,,,Carpe Diem Moving,hhg_intrastate hhg_local,
MISSING_REQUIRED_IDENTITY,,central-transportation-systems-inc,central-transportation-systems-inc,,,Central Transportation Systems INC,hhg_intrastate hhg_local,
MISSING_REQUIRED_IDENTITY,,charlie-s-angels-movers-llc,charlie-s-angels-movers-llc,,,Charlie's Angels Movers LLC,hhg_intrastate hhg_local,
MISSING_REQUIRED_IDENTITY,,cheap-movers,cheap-movers,,cheap movers,cheap movers,hhg_intrastate hhg_local,
MISSING_REQUIRED_IDENTITY,,cimply-labor-llc,cimply-labor-llc,,"Cimply Labor, LLC","Cimply Labor, LLC",hhg_intrastate hhg_local,
MISSING_REQUIRED_IDENTITY,,clever-carriers-llc,clever-carriers-llc,,,Clever Carriers,hhg_intrastate hhg_local,
MISSING_REQUIRED_IDENTITY,,coastal-carrier-moving-storage,coastal-carrier-moving-storage,,,Coastal Carrier Moving & Storage,hhg_intrastate hhg_local,
MISSING_REQUIRED_IDENTITY,,college-hunks-hauling-junk,college-hunks-hauling-junk,,,College Hunks Hauling Junk,hhg_intrastate hhg_local,
MISSING_REQUIRED_IDENTITY,,college-hunks-hauling-junk-2,college-hunks-hauling-junk-2,,,College Hunks Hauling Junk,hhg_intrastate hhg_local,
MISSING_REQUIRED_IDENTITY,,college-hunks-hauling-junk-3,college-hunks-hauling-junk-3,,,College Hunks Hauling Junk,hhg_intrastate hhg_local,
MISSING_REQUIRED_IDENTITY,,college-hunks-hauling-junk-and-moving,college-hunks-hauling-junk-and-moving,,,College Hunks Hauling Junk And Moving,hhg_intrastate hhg_local,
MISSING_REQUIRED_IDENTITY,,college-hunks-hauling-junk-and-moving-fresno,college-hunks-hauling-junk-and-moving-fresno,,College Hunks Hauling Junk and Moving Fresno,College Hunks Hauling Junk and Moving Fresno,hhg_intrastate hhg_local,
MISSING_REQUIRED_IDENTITY,,college-hunks-hauling-junk-college-hunks-moving,college-hunks-hauling-junk-college-hunks-moving,,,College Hunks Hauling Junk & College Hunks Moving,hhg_intrastate hhg_local,
MISSING_REQUIRED_IDENTITY,,copper-state-moving,copper-state-moving,,,Copper State Moving,hhg_intrastate hhg_local,
MISSING_REQUIRED_IDENTITY,,cord-moving-storage,cord-moving-storage,,,Cord Moving & Storage,hhg_intrastate hhg_local,
MISSING_REQUIRED_IDENTITY,,costa-mesa-moving-co-inc,costa-mesa-moving-co-inc,,Costa Mesa Moving CO INC,Costa Mesa Moving CO INC,hhg_intrastate hhg_local,
MISSING_REQUIRED_IDENTITY,,courtesy-moving-storage,courtesy-moving-storage,,Courtesy Moving & Storage,Courtesy Moving & Storage,hhg_intrastate hhg_local,
MISSING_REQUIRED_IDENTITY,,discount-movers,discount-movers,,Discount Movers,Discount Movers,hhg_intrastate hhg_local,
MISSING_REQUIRED_IDENTITY,,divine-moving-storage-ltd,divine-moving-storage-ltd,,,Divine Moving & Storage LTD,hhg_intrastate hhg_local,
MISSING_REQUIRED_IDENTITY,,do-it-now-moving-services-llc,do-it-now-moving-services-llc,,,Do It Now Moving Services LLC,hhg_intrastate hhg_local,
MISSING_REQUIRED_IDENTITY,,dominant-moving-company,dominant-moving-company,,Dominant Moving Company,Dominant Moving Company,hhg_intrastate hhg_local,
MISSING_REQUIRED_IDENTITY,,don-s-moving-storage-inc,don-s-moving-storage-inc,,,Don's Moving & Storage INC,hhg_intrastate hhg_local,
MISSING_REQUIRED_IDENTITY,,double-move-llc,double-move-llc,,,Double Move LLC,hhg_intrastate hhg_local,
MISSING_REQUIRED_IDENTITY,,eagle-moving-co,eagle-moving-co,,,Eagle Moving CO,hhg_intrastate hhg_local,
MISSING_REQUIRED_IDENTITY,,econo-line-movers-inc,econo-line-movers-inc,,,"Econo-Line Movers, Inc.",hhg_intrastate hhg_local,
MISSING_REQUIRED_IDENTITY,,economy-movers,economy-movers,,Economy Movers,Economy Movers,hhg_intrastate hhg_local,
MISSING_REQUIRED_IDENTITY,,einstein-moving-company,einstein-moving-company,,,Einstein Moving Company,hhg_intrastate hhg_local,
MISSING_REQUIRED_IDENTITY,,einstein-moving-company-llc,einstein-moving-company-llc,,,Einstein Moving Company LLC,hhg_intrastate hhg_local,
MISSING_REQUIRED_IDENTITY,,elite-movers-packing-services-llc,elite-movers-packing-services-llc,,,Elite Movers & Packing Services,hhg_intrastate hhg_local,
MISSING_REQUIRED_IDENTITY,,elite-moving,elite-moving,,,Elite Moving,hhg_intrastate hhg_local,
MISSING_REQUIRED_IDENTITY,,established-moving-storage,established-moving-storage,,,Established Moving & Storage,hhg_intrastate hhg_local,
MISSING_REQUIRED_IDENTITY,,evolution-moving-company,evolution-moving-company,,,Evolution Moving Company,hhg_intrastate hhg_local,
MISSING_REQUIRED_IDENTITY,,expo-movers-and-storage,expo-movers-and-storage,,,Expo Movers and Storage,hhg_intrastate hhg_local,
MISSING_REQUIRED_IDENTITY,,fair-price-movers,fair-price-movers,,Fair Price Movers,Fair Price Movers,hhg_intrastate hhg_local,
MISSING_REQUIRED_IDENTITY,,fairprice-movers-sacramento,fairprice-movers-sacramento,,Fairprice Movers Sacramento,Fairprice Movers Sacramento,hhg_intrastate hhg_local,
MISSING_REQUIRED_IDENTITY,,faithful-movers,faithful-movers,,,Faithful Movers,hhg_intrastate hhg_local,
MISSING_REQUIRED_IDENTITY,,fast-moving-company,fast-moving-company,,,Fast Moving Company,hhg_intrastate hhg_local,
MISSING_REQUIRED_IDENTITY,,father-and-son-movers,father-and-son-movers,,,Father and Son Movers,hhg_intrastate hhg_local,
MISSING_REQUIRED_IDENTITY,,i-95-relocation-inc,fl-im-100002,,I 95 Relocation Inc.,I 95 Relocation Inc.,hhg_intrastate hhg_local,
MISSING_REQUIRED_IDENTITY,,gentletouch-moving-company,fl-im-1025,,CHARLES L CARTER,Gentletouch Moving Company,hhg_intrastate hhg_local,
MISSING_REQUIRED_IDENTITY,,supreme-relocation-inc,fl-im-1058,,"SUPREME RELOCATION, INC.","SUPREME RELOCATION, INC.",hhg_intrastate hhg_local,
MISSING_REQUIRED_IDENTITY,,raul-s-moving-inc,fl-im-106,,"RAUL'S MOVING, INC.","RAUL'S MOVING, INC.",hhg_intrastate hhg_local,
MISSING_REQUIRED_IDENTITY,,marvin-s-moving-delivery,fl-im-1085,,MARVIN A. J. MOVING & DELIVERY CORP.,Marvin'S Moving & Delivery,hhg_intrastate hhg_local,
MISSING_REQUIRED_IDENTITY,,delivery-by-design-inc,fl-im-1097,,"DELIVERY BY DESIGN, INC.","DELIVERY BY DESIGN, INC.",hhg_intrastate hhg_local,
MISSING_REQUIRED_IDENTITY,,clover-systems-llc,fl-im-1103,,"CLOVER SYSTEMS, LLC","CLOVER SYSTEMS, LLC",hhg_intrastate hhg_local,
MISSING_REQUIRED_IDENTITY,,a-turner-moving-storage-inc,fl-im-115,,"A-TURNER MOVING & STORAGE, INC.","A-TURNER MOVING & STORAGE, INC.",hhg_intrastate hhg_local,
MISSING_REQUIRED_IDENTITY,,pan-american-latino-express-inc,fl-im-1181,,"PAN-AMERICAN LATINO EXPRESS, INC.","PAN-AMERICAN LATINO EXPRESS, INC.",hhg_intrastate hhg_local,
MISSING_REQUIRED_IDENTITY,,land-o-lakes-moving,fl-im-1200,,LOL TRANSPORT & MOVING INC.,Land O' Lakes Moving,hhg_intrastate hhg_local,
MISSING_REQUIRED_IDENTITY,,big-boys-moving-company,fl-im-1226,,A BIG BOYZ MOVING COMPANY,Big Boys Moving Company,hhg_intrastate hhg_local,
MISSING_REQUIRED_IDENTITY,,hank-s-moving-inc,fl-im-1263,,"HANK'S MOVING, INC.","HANK'S MOVING, INC.",hhg_intrastate hhg_local,
MISSING_REQUIRED_IDENTITY,,anytime-moving-inc,fl-im-1269,,"ANYTIME MOVING, INC.","ANYTIME MOVING, INC.",hhg_intrastate hhg_local,
MISSING_REQUIRED_IDENTITY,,mathews-moving-storage-inc,fl-im-127,,"MATHEWS MOVING & STORAGE, INC.","MATHEWS MOVING & STORAGE, INC.",hhg_intrastate hhg_local,
MISSING_REQUIRED_IDENTITY,,paul-hauls-moving-storage,fl-im-1270,,PAUL HAULS INC.,Paul Hauls Moving & Storage,hhg_intrastate hhg_local,
MISSING_REQUIRED_IDENTITY,,nippon-express-u-s-a-inc,fl-im-1296,,"NIPPON EXPRESS U.S.A., INC.","NIPPON EXPRESS U.S.A., INC.",hhg_intrastate hhg_local,
MISSING_REQUIRED_IDENTITY,,ward-moving-and-storage-company,fl-im-13,,WARD MOVING AND STORAGE COMPANY,WARD MOVING AND STORAGE COMPANY,hhg_intrastate hhg_local,
MISSING_REQUIRED_IDENTITY,,pro-move,fl-im-1315,,"BEST MOVE, INC.",Pro-Move,hhg_intrastate hhg_local,
MISSING_REQUIRED_IDENTITY,,pack-on-the-go-inc,fl-im-1399,,"PACK ON THE GO, INC","PACK ON THE GO, INC",hhg_intrastate hhg_local,
MISSING_REQUIRED_IDENTITY,,a1ace-movers-inc,fl-im-1426,,A1ACE MOVERS INC.,A1ACE MOVERS INC.,hhg_intrastate hhg_local,
MISSING_REQUIRED_IDENTITY,,experienced-movers-llc,fl-im-1439,,EXPERIENCED MOVERS LLC,EXPERIENCED MOVERS LLC,hhg_intrastate hhg_local,
MISSING_REQUIRED_IDENTITY,,on-time-moving-storage,fl-im-1487,,"FLORIDA TRANSFER AND RELOCATION, INC.",On Time Moving & Storage,hhg_intrastate hhg_local,
MISSING_REQUIRED_IDENTITY,,pink-zebra-moving-of-clearwater-fl,fl-im-150001,,CJ Moving LLC,PINK ZEBRA MOVING OF CLEARWATER FL,hhg_intrastate hhg_local,
MISSING_REQUIRED_IDENTITY,,1-hill-s-go-minis-2-hill-s-van-service-of-marion-county,fl-im-154,,"TRI COUNTY RECORDS MANAGEMENT CENTER, INC.",1. Hill'S Go Minis; 2. Hill'S Van Service Of Marion County,hhg_intrastate hhg_local,
MISSING_REQUIRED_IDENTITY,,city-transfer-and-storage-inc,fl-im-1581,,"CITY TRANSFER AND STORAGE, INC.","CITY TRANSFER AND STORAGE, INC.",hhg_intrastate hhg_local,
MISSING_REQUIRED_IDENTITY,,stronger-moving-delivery-service-inc,fl-im-1644,,"STRONGER MOVING & DELIVERY SERVICE, INC.","STRONGER MOVING & DELIVERY SERVICE, INC.",hhg_intrastate hhg_local,
MISSING_REQUIRED_IDENTITY,,let-s-go-movers-llc,fl-im-1651,,"LET'S GO MOVERS, LLC","LET'S GO MOVERS, LLC",hhg_intrastate hhg_local,
MISSING_REQUIRED_IDENTITY,,a-better-price-and-service-moving-and-delivery,fl-im-1658,,"COMPASS PROSPERITY, INC.",A Better Price And Service Moving And Delivery,hhg_intrastate hhg_local,
MISSING_REQUIRED_IDENTITY,,devries-moving-and-storage-solutions-inc,fl-im-1683,,"DEVRIES MOVING AND STORAGE SOLUTIONS, INC.","DEVRIES MOVING AND STORAGE SOLUTIONS, INC.",hhg_intrastate hhg_local,
MISSING_REQUIRED_IDENTITY,,emerald-coast-movepro,fl-im-1786,,"SHAY-HAWKE ENTERPRISES, INC",Emerald Coast Movepro,hhg_intrastate hhg_local,
MISSING_REQUIRED_IDENTITY,,1-white-glove-moving-storage-delivery-2-white-glove-storage-delivery,fl-im-1852,,"WHITE GLOVE HOLDINGS OF VERO, LLC",1. White Glove Moving Storage & Delivery; 2. White Glove Storage & Delivery,hhg_intrastate hhg_local,
MISSING_REQUIRED_IDENTITY,,maestro-movers-llc,fl-im-1910,,MAESTRO MOVERS LLC,MAESTRO MOVERS LLC,hhg_intrastate hhg_local,
MISSING_REQUIRED_IDENTITY,,stanley-moving-and-delivery-llc,fl-im-1925,,STANLEY MOVING AND DELIVERY LLC,STANLEY MOVING AND DELIVERY LLC,hhg_intrastate hhg_local,
MISSING_REQUIRED_IDENTITY,,top-class-moving-inc,fl-im-1948,,TOP CLASS MOVING INC.,TOP CLASS MOVING INC.,hhg_intrastate hhg_local,
MISSING_REQUIRED_IDENTITY,,lake-placid-movers-inc,fl-im-1953,,"LAKE PLACID MOVERS, INC.","LAKE PLACID MOVERS, INC.",hhg_intrastate hhg_local,
MISSING_REQUIRED_IDENTITY,,always-faithful-moving-llc,fl-im-2041,,"ALWAYS FAITHFUL MOVING, LLC","ALWAYS FAITHFUL MOVING, LLC",hhg_intrastate hhg_local,
MISSING_REQUIRED_IDENTITY,,popeyes-moving-company-of-the-great-state-of-florida-llc,fl-im-2064,,"POPEYES MOVING COMPANY OF THE GREAT STATE OF FLORIDA, LLC","POPEYES MOVING COMPANY OF THE GREAT STATE OF FLORIDA, LLC",hhg_intrastate hhg_local,
MISSING_REQUIRED_IDENTITY,,easy-move-by-rufus-beard-llc,fl-im-2119,,EASY MOVE BY RUFUS BEARD LLC,EASY MOVE BY RUFUS BEARD LLC,hhg_intrastate hhg_local,
MISSING_REQUIRED_IDENTITY,,atlantic-project-solutions,fl-im-2141,,TLP INSTALLATIONS LLC,Atlantic Project Solutions,hhg_intrastate hhg_local,
MISSING_REQUIRED_IDENTITY,,fuentes-moving-corp,fl-im-22,,FUENTES MOVING CORP.,FUENTES MOVING CORP.,hhg_intrastate hhg_local,
MISSING_REQUIRED_IDENTITY,,all-county-moving-inc,fl-im-2221,,ALL COUNTY MOVING INC,ALL COUNTY MOVING INC,hhg_intrastate hhg_local,
MISSING_REQUIRED_IDENTITY,,move-4-less-llc,fl-im-2299,,MOVE 4 LESS LLC,MOVE 4 LESS LLC,hhg_intrastate hhg_local,
MISSING_REQUIRED_IDENTITY,,osceola-movers-llc,fl-im-2352,,"OSCEOLA MOVERS, LLC","OSCEOLA MOVERS, LLC",hhg_intrastate hhg_local,
MISSING_REQUIRED_IDENTITY,,act-of-class-moving-storage-llc,fl-im-2420,,ACT OF CLASS MOVING & STORAGE LLC,ACT OF CLASS MOVING & STORAGE LLC,hhg_intrastate hhg_local,
MISSING_REQUIRED_IDENTITY,,two-brothers-and-a-truck-llc,fl-im-2428,,TWO BROTHERS AND A TRUCK LLC,TWO BROTHERS AND A TRUCK LLC,hhg_intrastate hhg_local,
MISSING_REQUIRED_IDENTITY,,sergeant-mover-llc,fl-im-2460,,"SERGEANT MOVER, LLC","SERGEANT MOVER, LLC",hhg_intrastate hhg_local,
MISSING_REQUIRED_IDENTITY,,transitional-care-movers-llc,fl-im-2473,,"TRANSITIONAL CARE MOVERS, ""LLC""","TRANSITIONAL CARE MOVERS, ""LLC""",hhg_intrastate hhg_local,
MISSING_REQUIRED_IDENTITY,,paragon-movers,fl-im-251,,VAN HORN TRANSFER AND STORAGE COMPANY,Paragon Movers,hhg_intrastate hhg_local,
MISSING_REQUIRED_IDENTITY,,helping-hand-movers-naples-llc,fl-im-2532,,"HELPING HAND MOVERS NAPLES, LLC","HELPING HAND MOVERS NAPLES, LLC",hhg_intrastate hhg_local,
MISSING_REQUIRED_IDENTITY,,ringling-moving-llc,fl-im-2679,,RINGLING MOVING LLC,RINGLING MOVING LLC,hhg_intrastate hhg_local,
MISSING_REQUIRED_IDENTITY,,1-withers-transportation-systems-2-withers-worldwide,fl-im-27,,"WITHERS TRANSFER AND STORAGE OF CORAL GABLES, INC.",1. Withers Transportation Systems; 2. Withers Worldwide,hhg_intrastate hhg_local,
MISSING_REQUIRED_IDENTITY,,big-man-s-moving-company-llc,fl-im-2726,,BIG MAN'S MOVING COMPANY LLC,BIG MAN'S MOVING COMPANY LLC,hhg_intrastate hhg_local,
MISSING_REQUIRED_IDENTITY,,m-m-pickup-and-delivery-llc,fl-im-2739,,"M&M PICKUP AND DELIVERY, LLC","M&M PICKUP AND DELIVERY, LLC",hhg_intrastate hhg_local,
MISSING_REQUIRED_IDENTITY,,roadrunner-moving-services-corp,fl-im-2748,,ROADRUNNER MOVING SERVICES CORP,ROADRUNNER MOVING SERVICES CORP,hhg_intrastate hhg_local,
MISSING_REQUIRED_IDENTITY,,andersen-moving-and-storage-llc,fl-im-3030,,ANDERSEN MOVING AND STORAGE LLC,ANDERSEN MOVING AND STORAGE LLC,hhg_intrastate hhg_local,
MISSING_REQUIRED_IDENTITY,,design-furniture-consignment-moving-inc,fl-im-3063,,DESIGN FURNITURE CONSIGNMENT & MOVING INC,DESIGN FURNITURE CONSIGNMENT & MOVING INC,hhg_intrastate hhg_local,
MISSING_REQUIRED_IDENTITY,,local-n-long-distance-movers,fl-im-3064,,"LOCAL AND LONG DISTANCE MOVERS FLORIDA, INC.",Local N Long Distance Movers,hhg_intrastate hhg_local,
MISSING_REQUIRED_IDENTITY,,adios-moving-llc,fl-im-3075,,ADIOS MOVING LLC,ADIOS MOVING LLC,hhg_intrastate hhg_local,
MISSING_REQUIRED_IDENTITY,,acceleration-moving-solutions-llc,fl-im-3138,,ACCELERATION MOVING SOLUTIONS LLC.,ACCELERATION MOVING SOLUTIONS LLC.,hhg_intrastate hhg_local,
MISSING_REQUIRED_IDENTITY,,wolverines-moving-llc,fl-im-3246,,WOLVERINES MOVING LLC,WOLVERINES MOVING LLC,hhg_intrastate hhg_local,
MISSING_REQUIRED_IDENTITY,,genesis-moving-storage-inc,fl-im-333,,"GENESIS MOVING & STORAGE, INC.","GENESIS MOVING & STORAGE, INC.",hhg_intrastate hhg_local,
MISSING_REQUIRED_IDENTITY,,hilldrup-companies-inc,fl-im-334,,"HILLDRUP COMPANIES, INC.","HILLDRUP COMPANIES, INC.",hhg_intrastate hhg_local,
MISSING_REQUIRED_IDENTITY,,parris-moving-llc,fl-im-3433,,PARRIS MOVING LLC,PARRIS MOVING LLC,hhg_intrastate hhg_local,
MISSING_REQUIRED_IDENTITY,,chris-brown-vanlines,fl-im-3485,,"CHRIS BROWN ON DEMAND SERVICES, LLC",Chris Brown Vanlines,hhg_intrastate hhg_local,
MISSING_REQUIRED_IDENTITY,,load-go-movers,fl-im-3491,,DARDRIAN ENTERPRISES INC,Load & Go Movers,hhg_intrastate hhg_local,
MISSING_REQUIRED_IDENTITY,,easy-peasy-moving-llc,fl-im-3538,,EASY PEASY MOVING LLC,EASY PEASY MOVING LLC,hhg_intrastate hhg_local,
MISSING_REQUIRED_IDENTITY,,homestead-transfer-storage-co,fl-im-366,,HOMESTEAD TRANSFER & STORAGE CO.,HOMESTEAD TRANSFER & STORAGE CO.,hhg_intrastate hhg_local,
MISSING_REQUIRED_IDENTITY,,honest-true-moving-crew,fl-im-3684,,FINE CARGO LLC,Honest & True Moving Crew,hhg_intrastate hhg_local,
MISSING_REQUIRED_IDENTITY,,1-keepit-safe-storage-moving-2-moversone,fl-im-3743,,"BKQ LOGISTICS, LLC",1. Keepit Safe Storage & Moving; 2. Moversone,hhg_intrastate hhg_local,
MISSING_REQUIRED_IDENTITY,,k-k-transfer,fl-im-3782,,KATZ & KATZ TRANSPORTATION LLC,K&K Transfer,hhg_intrastate hhg_local,
MISSING_REQUIRED_IDENTITY,,treasure-coast-safe-sales-moving,fl-im-3834,,STUART SAFE SALES & MOVING INC,Treasure Coast Safe Sales & Moving,hhg_intrastate hhg_local,
MISSING_REQUIRED_IDENTITY,,matt-s-mindful-movers-llc,fl-im-3848,,MATT'S MINDFUL MOVERS LLC,MATT'S MINDFUL MOVERS LLC,hhg_intrastate hhg_local,
MISSING_REQUIRED_IDENTITY,,miss-peach-iv-true-movers-inc,fl-im-3941,,MISS PEACH IV TRUE MOVERS INC,MISS PEACH IV TRUE MOVERS INC,hhg_intrastate hhg_local,
MISSING_REQUIRED_IDENTITY,,advance-sorensen-movers-of-south-florida-llc,fl-im-3959,,ADVANCE SORENSEN MOVERS OF SOUTH FLORIDA LLC,ADVANCE SORENSEN MOVERS OF SOUTH FLORIDA LLC,hhg_intrastate hhg_local,
MISSING_REQUIRED_IDENTITY,,wellen-moving-services-llc,fl-im-3973,,WELLEN MOVING SERVICES LLC,WELLEN MOVING SERVICES LLC,hhg_intrastate hhg_local,
MISSING_REQUIRED_IDENTITY,,phoenix-moving-solutions-llc,fl-im-3983,,PHOENIX MOVING SOLUTIONS LLC,PHOENIX MOVING SOLUTIONS LLC,hhg_intrastate hhg_local,
MISSING_REQUIRED_IDENTITY,,movepro-home-services-llc,fl-im-4005,,MOVEPRO HOME SERVICES LLC,MOVEPRO HOME SERVICES LLC,hhg_intrastate hhg_local,
MISSING_REQUIRED_IDENTITY,,epaa-llc,fl-im-4024,,EPAA LLC,EPAA LLC,hhg_intrastate hhg_local,
MISSING_REQUIRED_IDENTITY,,redeemed-movers-llc,fl-im-4042,,REDEEMED MOVERS LLC,REDEEMED MOVERS LLC,hhg_intrastate hhg_local,
MISSING_REQUIRED_IDENTITY,,keys-movers,fl-im-4049,,KEYS RESOURCES LLC,Keys Movers,hhg_intrastate hhg_local,
MISSING_REQUIRED_IDENTITY,,kassnoff-s-moving-more-llc,fl-im-4098,,"KASSNOFF'S MOVING & MORE, LLC","KASSNOFF'S MOVING & MORE, LLC",hhg_intrastate hhg_local,
MISSING_REQUIRED_IDENTITY,,doug-s-hourly-muscle-movers-packers-inc,fl-im-410,,"DOUG'S HOURLY MUSCLE MOVERS & PACKERS, INC.","DOUG'S HOURLY MUSCLE MOVERS & PACKERS, INC.",hhg_intrastate hhg_local,
MISSING_REQUIRED_IDENTITY,,cheney-bro-worldwide-moving-inc,fl-im-4100,,CHENEY BRO WORLDWIDE MOVING INC,CHENEY BRO WORLDWIDE MOVING INC,hhg_intrastate hhg_local,
MISSING_REQUIRED_IDENTITY,,fontain-transport-llc,fl-im-4102,,FONTAIN TRANSPORT LLC,FONTAIN TRANSPORT LLC,hhg_intrastate hhg_local,
MISSING_REQUIRED_IDENTITY,,sunny-day-moving-llc,fl-im-4144,,SUNNY DAY MOVING LLC,SUNNY DAY MOVING LLC,hhg_intrastate hhg_local,
MISSING_REQUIRED_IDENTITY,,luggin-junk-moving-llc,fl-im-4170,,LUGGIN JUNK & MOVING LLC,LUGGIN JUNK & MOVING LLC,hhg_intrastate hhg_local,
MISSING_REQUIRED_IDENTITY,,south-florida-van-line-inc,fl-im-607,,"SOUTH FLORIDA VAN LINE, INC.","SOUTH FLORIDA VAN LINE, INC.",hhg_intrastate hhg_local,
MISSING_REQUIRED_IDENTITY,,flex-moving,flex-moving,,,Flex Moving,hhg_intrastate hhg_local,
MISSING_REQUIRED_IDENTITY,,flex-moving-storage,flex-moving-storage,,,Flex Moving & Storage,hhg_intrastate hhg_local,
MISSING_REQUIRED_IDENTITY,,flex-moving-storage-2,flex-moving-storage-2,,,Flex Moving & Storage,hhg_intrastate hhg_local,
MISSING_REQUIRED_IDENTITY,,flores-moving-company,flores-moving-company,,,Flores Moving Company,hhg_intrastate hhg_local,
MISSING_REQUIRED_IDENTITY,,florida-pro-movers-home-solutions,florida-pro-movers-home-solutions,,,Florida Pro Movers & Home Solutions,hhg_intrastate hhg_local,
MISSING_REQUIRED_IDENTITY,,forward-van-lines-and-brooks-moving-and-hauling,forward-van-lines-and-brooks-moving-and-hauling,,,Forward Van Lines And Brooks Moving And Hauling,hhg_intrastate hhg_local,
MISSING_REQUIRED_IDENTITY,,frank-and-sons-moving-and-storage-inc,frank-and-sons-moving-and-storage-inc,,,Frank And Sons Moving And Storage INC,hhg_intrastate hhg_local,
MISSING_REQUIRED_IDENTITY,,fresh-start-movers-llc,fresh-start-movers-llc,,Fresh Start Movers LLC,Fresh Start Movers LLC,hhg_intrastate hhg_local,
MISSING_REQUIRED_IDENTITY,,fuller-moving-services,fuller-moving-services,,,Fuller Moving Services,hhg_intrastate hhg_local,
MISSING_REQUIRED_IDENTITY,,gamecock-moving-llc,gamecock-moving-llc,,,Gamecock Moving LLC,hhg_intrastate hhg_local,
MISSING_REQUIRED_IDENTITY,,gameday-moving-services-llc,gameday-moving-services-llc,,,Gameday Moving Services LLC,hhg_intrastate hhg_local,
MISSING_REQUIRED_IDENTITY,,garden-state-moving,garden-state-moving,,,Garden State Moving,hhg_intrastate hhg_local,
MISSING_REQUIRED_IDENTITY,,gilbert-moving-storage-llc,gilbert-moving-storage-llc,,,Gilbert Moving & Storage LLC,hhg_intrastate hhg_local,
MISSING_REQUIRED_IDENTITY,,golden-sun-movers-riverside,golden-sun-movers-riverside,,Golden Sun Movers Riverside,Golden Sun Movers Riverside,hhg_intrastate hhg_local,
MISSING_REQUIRED_IDENTITY,,good-greek-moving-storage-of-tampa,good-greek-moving-storage-of-tampa,,,Good Greek Moving & Storage Of Tampa,hhg_intrastate hhg_local,
MISSING_REQUIRED_IDENTITY,,goodfellas-moving-movers,goodfellas-moving-movers,,,GOODFELLAS MOVING | Movers,hhg_intrastate hhg_local,
MISSING_REQUIRED_IDENTITY,,gouffon-moving-storage-2,gouffon-moving-storage-2,,,Gouffon Moving & Storage,hhg_intrastate hhg_local,
MISSING_REQUIRED_IDENTITY,,grace-moving-company-llc,grace-moving-company-llc,,,Grace Moving Company,hhg_intrastate hhg_local,
MISSING_REQUIRED_IDENTITY,,grandson-s-moving-packing-company,grandson-s-moving-packing-company,,,Grandson's Moving & Packing Company,hhg_intrastate hhg_local,
MISSING_REQUIRED_IDENTITY,,green-line-move-corp,green-line-move-corp,,,Green Line Move CORP,hhg_intrastate hhg_local,
MISSING_REQUIRED_IDENTITY,,greenville-moving-company-llc,greenville-moving-company-llc,,,Greenville Moving Company LLC,hhg_intrastate hhg_local,
MISSING_REQUIRED_IDENTITY,,hall-s-local-movers-llc,hall-s-local-movers-llc,,,Hall's Local Movers,hhg_intrastate hhg_local,
MISSING_REQUIRED_IDENTITY,,happy-ending-movers-llc-oakhurst,happy-ending-movers-llc-oakhurst,,Happy Ending Movers LLC Oakhurst,Happy Ending Movers LLC Oakhurst,hhg_intrastate hhg_local,
MISSING_REQUIRED_IDENTITY,,harrington-moving-storage-inc,harrington-moving-storage-inc,,,Harrington Moving & Storage INC,hhg_intrastate hhg_local,
MISSING_REQUIRED_IDENTITY,,hart-moving-storage,hart-moving-storage,,,Hart Moving & Storage,hhg_intrastate hhg_local,
MISSING_REQUIRED_IDENTITY,,helping-hands-moving-labor-of-south-florida,helping-hands-moving-labor-of-south-florida,,,Helping Hands Moving & Labor Of South Florida,hhg_intrastate hhg_local,
MISSING_REQUIRED_IDENTITY,,hulk-movers-llc,hulk-movers-llc,,Hulk Movers LLC,Hulk Movers LLC,hhg_intrastate hhg_local,
MISSING_REQUIRED_IDENTITY,,i-75-moving-and-storage,i-75-moving-and-storage,,,I-75 Moving And Storage,hhg_intrastate hhg_local,
MISSING_REQUIRED_IDENTITY,,jay-moore-moving,jay-moore-moving,,,Jay Moore Moving,hhg_intrastate hhg_local,
MISSING_REQUIRED_IDENTITY,,jay-small-moves,jay-small-moves,,Jay Small Moves,Jay Small Moves,hhg_intrastate hhg_local,
MISSING_REQUIRED_IDENTITY,,jersey-shore-moving-delivery,jersey-shore-moving-delivery,,,Jersey Shore Moving & Delivery,hhg_intrastate hhg_local,
MISSING_REQUIRED_IDENTITY,,joe-bonnie-son-moving-storage,joe-bonnie-son-moving-storage,,,Joe Bonnie & Son Moving & Storage,hhg_intrastate hhg_local,
MISSING_REQUIRED_IDENTITY,,john-ferguson-moving-storage-llc,john-ferguson-moving-storage-llc,,,John Ferguson Moving & Storage LLC,hhg_intrastate hhg_local,
MISSING_REQUIRED_IDENTITY,,joy-mover,joy-mover,,Joy Mover,Joy Mover,hhg_intrastate hhg_local,
MISSING_REQUIRED_IDENTITY,,just-good-movers,just-good-movers,,,Just Good Movers,hhg_intrastate hhg_local,
MISSING_REQUIRED_IDENTITY,,just-in-time-moving-storage,just-in-time-moving-storage,,,Just-In Time Moving & Storage,hhg_intrastate hhg_local,
MISSING_REQUIRED_IDENTITY,,keenan-transportation-moving-storage,keenan-transportation-moving-storage,,,Keenan Transportation Moving & Storage,hhg_intrastate hhg_local,
MISSING_REQUIRED_IDENTITY,,keystone-movers-llc,keystone-movers-llc,,,Keystone Movers,hhg_intrastate hhg_local,
MISSING_REQUIRED_IDENTITY,,king-queen-movers,king-queen-movers,,,King & Queen Movers,hhg_intrastate hhg_local,
MISSING_REQUIRED_IDENTITY,,knick-knack-movers-llc,knick-knack-movers-llc,,,Knick Knack Movers LLC,hhg_intrastate hhg_local,
MISSING_REQUIRED_IDENTITY,,lamanna-moving-storage-llc,lamanna-moving-storage-llc,,,"Lamanna Moving & Storage,",hhg_intrastate hhg_local,
MISSING_REQUIRED_IDENTITY,,lee-s-moving-company,lee-s-moving-company,,,Lee's Moving Company,hhg_intrastate hhg_local,
MISSING_REQUIRED_IDENTITY,,legacy-moving-services-daytona-beach-fl,legacy-moving-services-daytona-beach-fl,,,"Legacy Moving Services Daytona Beach, FL",hhg_intrastate hhg_local,
MISSING_REQUIRED_IDENTITY,,little-guys-movers-inc,little-guys-movers-inc,,,Little Guys Movers INC,hhg_intrastate hhg_local,
MISSING_REQUIRED_IDENTITY,,little-guys-movers-murfreesboro,little-guys-movers-murfreesboro,,,Little Guys Movers Murfreesboro,hhg_intrastate hhg_local,
MISSING_REQUIRED_IDENTITY,,little-guys-movers-nashville,little-guys-movers-nashville,,,Little Guys Movers Nashville,hhg_intrastate hhg_local,
MISSING_REQUIRED_IDENTITY,,lj-moving-llc,lj-moving-llc,,,LJ Moving LLC,hhg_intrastate hhg_local,
MISSING_REQUIRED_IDENTITY,,lone-star-moving-company-llc,lone-star-moving-company-llc,,,Lone Star Moving Company LLC,hhg_intrastate hhg_local,
MISSING_REQUIRED_IDENTITY,,luxury-movers-moving-company-llc,luxury-movers-moving-company-llc,,,"Luxury Movers Moving Company, LLC",hhg_intrastate hhg_local,
MISSING_REQUIRED_IDENTITY,,m-m-movers-nj,m-m-movers-nj,,,M&M Movers NJ,hhg_intrastate hhg_local,
MISSING_REQUIRED_IDENTITY,,mabey-s-moving-and-storage-inc,mabey-s-moving-and-storage-inc,,,"Mabey's Moving and Storage, Inc",hhg_intrastate hhg_local,
MISSING_REQUIRED_IDENTITY,,macho-movers,macho-movers,,Macho Movers,Macho Movers,hhg_intrastate hhg_local,
MISSING_REQUIRED_IDENTITY,,maloney-s-moving-llc,maloney-s-moving-llc,,,Maloney's Moving LLC,hhg_intrastate hhg_local,
MISSING_REQUIRED_IDENTITY,,man-with-a-truck-houston-movers-and-packers,man-with-a-truck-houston-movers-and-packers,,,Man with a Truck Houston Movers and Packers,hhg_intrastate hhg_local,
MISSING_REQUIRED_IDENTITY,,master-movers-llc,master-movers-llc,,,Master Movers LLC,hhg_intrastate hhg_local,
MISSING_REQUIRED_IDENTITY,,master-movers-of-tallahassee,master-movers-of-tallahassee,,,Master Movers of Tallahassee,hhg_intrastate hhg_local,
MISSING_REQUIRED_IDENTITY,,max-pro-moving,max-pro-moving,,,Max Pro Moving,hhg_intrastate hhg_local,
MISSING_REQUIRED_IDENTITY,,maxi-moving-company,maxi-moving-company,,,Maxi Moving Company,hhg_intrastate hhg_local,
MISSING_REQUIRED_IDENTITY,,meehan-s-family-moving,meehan-s-family-moving,,,Meehan's Family Moving,hhg_intrastate hhg_local,
MISSING_REQUIRED_IDENTITY,,mentors-moving-storage,mentors-moving-storage,,,Mentors Moving & Storage,hhg_intrastate hhg_local,
MISSING_REQUIRED_IDENTITY,,michael-nierwienski-dba-fairway-moving-services-llc,michael-nierwienski-dba-fairway-moving-services-llc,,,Michael Nierwienski DBA Fairway Moving Services LLC,hhg_intrastate hhg_local,
MISSING_REQUIRED_IDENTITY,,mid-cal-moving-storage-company,mid-cal-moving-storage-company,,,Mid Cal Moving & Storage Company,hhg_intrastate hhg_local,
MISSING_REQUIRED_IDENTITY,,mike-s-moving-storage,mike-s-moving-storage,,,Mike’s Moving & Storage,hhg_intrastate hhg_local,
MISSING_REQUIRED_IDENTITY,,mindful-movers,mindful-movers,,,Mindful Movers,hhg_intrastate hhg_local,
MISSING_REQUIRED_IDENTITY,,mitchell-moving-llc,mitchell-moving-llc,,,Mitchell Moving,hhg_intrastate hhg_local,
MISSING_REQUIRED_IDENTITY,,monarca-movers-dallas,monarca-movers-dallas,,,Monarca Movers Dallas,hhg_intrastate hhg_local,
MISSING_REQUIRED_IDENTITY,,montclair-movers-inc,montclair-movers-inc,,,Montclair Movers INC,hhg_intrastate hhg_local,
MISSING_REQUIRED_IDENTITY,,motivated-movers,motivated-movers,,,Motivated Movers,hhg_intrastate hhg_local,
MISSING_REQUIRED_IDENTITY,,mountain-movers,mountain-movers,,,Mountain Movers,hhg_intrastate hhg_local,
MISSING_REQUIRED_IDENTITY,,move-for-less,move-for-less,,,Move For Less,hhg_intrastate hhg_local,
MISSING_REQUIRED_IDENTITY,,movecrew-llc,movecrew-llc,,,Movecrew LLC,hhg_intrastate hhg_local,
MISSING_REQUIRED_IDENTITY,,movegreen-inc,movegreen-inc,,,Movegreen INC,hhg_intrastate hhg_local,
MISSING_REQUIRED_IDENTITY,,mover-dan-savannah-llc,mover-dan-savannah-llc,,,Mover Dan Savannah LLC,hhg_intrastate hhg_local,
MISSING_REQUIRED_IDENTITY,,movers-of-dallas-mustang-moving,movers-of-dallas-mustang-moving,,,Movers of Dallas - Mustang Moving,hhg_intrastate hhg_local,
MISSING_REQUIRED_IDENTITY,,movers-of-sacramento,movers-of-sacramento,,Movers Of Sacramento,Movers Of Sacramento,hhg_intrastate hhg_local,
MISSING_REQUIRED_IDENTITY,,moving-company,moving-company,,,Moving Company,hhg_intrastate hhg_local,
MISSING_REQUIRED_IDENTITY,,moving-movers-riverside,moving-movers-riverside,,Moving Movers Riverside,Moving Movers Riverside,hhg_intrastate hhg_local,
MISSING_REQUIRED_IDENTITY,,mullins-moving-llc,mullins-moving-llc,,,Mullins Moving LLC,hhg_intrastate hhg_local,
MISSING_REQUIRED_IDENTITY,,muscular-moving-men-llc,muscular-moving-men-llc,,,Muscular Moving Men LLC,hhg_intrastate hhg_local,
MISSING_REQUIRED_IDENTITY,,next-door-movers,next-door-movers,,,Next Door Movers,hhg_intrastate hhg_local,
MISSING_REQUIRED_IDENTITY,,next-step-moving-llc,next-step-moving-llc,,,Next Step Moving,hhg_intrastate hhg_local,
MISSING_REQUIRED_IDENTITY,,nj-great-moving-storage,nj-great-moving-storage,,,NJ Great Moving & Storage,hhg_intrastate hhg_local,
MISSING_REQUIRED_IDENTITY,,nor-cal-moving-services,nor-cal-moving-services,,Nor-cal Moving Services,Nor-cal Moving Services,hhg_intrastate hhg_local,
MISSING_REQUIRED_IDENTITY,,northstar-moving-company,northstar-moving-company,,Northstar Moving Company,Northstar Moving Company,hhg_intrastate hhg_local,
MISSING_REQUIRED_IDENTITY,,not-a-hobby-moving-company,not-a-hobby-moving-company,,,Not A Hobby Moving Company,hhg_intrastate hhg_local,
MISSING_REQUIRED_IDENTITY,,ohana-moving-company-llc,ohana-moving-company-llc,,,Ohana Moving Company,hhg_intrastate hhg_local,
MISSING_REQUIRED_IDENTITY,,otterly-elite-movers-llc,otterly-elite-movers-llc,,Otterly Elite Movers LLC,Otterly Elite Movers,hhg_intrastate hhg_local,
MISSING_REQUIRED_IDENTITY,,pacific-moving-services-llc,pacific-moving-services-llc,,,Pacific Moving Services LLC,hhg_intrastate hhg_local,
MISSING_REQUIRED_IDENTITY,,pack-and-go-movers,pack-and-go-movers,,Pack and Go Movers,Pack and Go Movers,hhg_intrastate hhg_local,
MISSING_REQUIRED_IDENTITY,,pack-it-up-movers,pack-it-up-movers,,,Pack It Up Movers,hhg_intrastate hhg_local,
MISSING_REQUIRED_IDENTITY,,patriot-moving-and-storage,patriot-moving-and-storage,,,Patriot Moving and Storage,hhg_intrastate hhg_local,
MISSING_REQUIRED_IDENTITY,,peach-state-movers,peach-state-movers,,,Peach State Movers,hhg_intrastate hhg_local,
MISSING_REQUIRED_IDENTITY,,pete-s-moving-services-llc,pete-s-moving-services-llc,,,Pete's Moving Services,hhg_intrastate hhg_local,
MISSING_REQUIRED_IDENTITY,,phoenix-express-specialty-moving-delivery-llc,phoenix-express-specialty-moving-delivery-llc,,,Phoenix Express Specialty Moving & Delivery LLC,hhg_intrastate hhg_local,
MISSING_REQUIRED_IDENTITY,,pick-and-pack-moving-storage,pick-and-pack-moving-storage,,,Pick And Pack Moving & Storage,hhg_intrastate hhg_local,
MISSING_REQUIRED_IDENTITY,,pink-zebra-moving-of-nashville-tn,pink-zebra-moving-of-nashville-tn,,,Pink Zebra Moving Of Nashville Tn,hhg_intrastate hhg_local,
MISSING_REQUIRED_IDENTITY,,pink-zebra-moving-of-tampa,pink-zebra-moving-of-tampa,,,Pink Zebra Moving Of Tampa,hhg_intrastate hhg_local,
MISSING_REQUIRED_IDENTITY,,pinpoint-movers-houston,pinpoint-movers-houston,,,Pinpoint Movers Houston,hhg_intrastate hhg_local,
MISSING_REQUIRED_IDENTITY,,port-city-movers-greenville,port-city-movers-greenville,,,Port City Movers Greenville,hhg_intrastate hhg_local,
MISSING_REQUIRED_IDENTITY,,positive-moves-relocation-and-transfer-llc,positive-moves-relocation-and-transfer-llc,,,Positive Moves Relocation And Transfer LLC,hhg_intrastate hhg_local,
MISSING_REQUIRED_IDENTITY,,premier-movers-4-less-llc,premier-movers-4-less-llc,,,Premier Movers 4 Less,hhg_intrastate hhg_local,
MISSING_REQUIRED_IDENTITY,,premium-q-moving-and-storage,premium-q-moving-and-storage,,,Premium Q Moving and Storage,hhg_intrastate hhg_local,
MISSING_REQUIRED_IDENTITY,,pro-movers,pro-movers,,Pro Movers,Pro Movers,hhg_intrastate hhg_local,
MISSING_REQUIRED_IDENTITY,,pro-movers-2,pro-movers-2,,,Pro Movers,hhg_intrastate hhg_local,
MISSING_REQUIRED_IDENTITY,,pro-pack-go-moving-llc,pro-pack-go-moving-llc,,,Pro Pack & Go Moving LLc,hhg_intrastate hhg_local,
MISSING_REQUIRED_IDENTITY,,professional-sacramento-movers,professional-sacramento-movers,,Professional Sacramento Movers,Professional Sacramento Movers,hhg_intrastate hhg_local,
MISSING_REQUIRED_IDENTITY,,protocol-van-lines-inc,protocol-van-lines-inc,,,Protocol Van Lines INC,hhg_intrastate hhg_local,
MISSING_REQUIRED_IDENTITY,,pure-moving-company,pure-moving-company,,Pure Moving Company,Pure Moving Company,hhg_intrastate hhg_local,
MISSING_REQUIRED_IDENTITY,,pyramid-movers,pyramid-movers,,Pyramid Movers,Pyramid Movers,hhg_intrastate hhg_local,
MISSING_REQUIRED_IDENTITY,,quality-moving-more-llc,quality-moving-more-llc,,,Quality Moving & More,hhg_intrastate hhg_local,
MISSING_REQUIRED_IDENTITY,,quantum-moving-llc,quantum-moving-llc,,Quantum Moving LLC,Quantum Moving LLC,hhg_intrastate hhg_local,
MISSING_REQUIRED_IDENTITY,,rapid-moving-and-trucking-llc,rapid-moving-and-trucking-llc,,Rapid Moving And Trucking LLC,Rapid Moving And Trucking LLC,hhg_intrastate hhg_local,
MISSING_REQUIRED_IDENTITY,,re-move-all-moving-solutions,re-move-all-moving-solutions,,,Re-Move-All Moving Solutions,hhg_intrastate hhg_local,
MISSING_REQUIRED_IDENTITY,,red-rover-moving-storage,red-rover-moving-storage,,,Red Rover Moving & Storage,hhg_intrastate hhg_local,
MISSING_REQUIRED_IDENTITY,,redlands-moving-storage,redlands-moving-storage,,Redlands Moving & Storage,Redlands Moving & Storage,hhg_intrastate hhg_local,
MISSING_REQUIRED_IDENTITY,,ridgewood-moving-services,ridgewood-moving-services,,,Ridgewood Moving Services,hhg_intrastate hhg_local,
MISSING_REQUIRED_IDENTITY,,riverside-pro-movers,riverside-pro-movers,,Riverside Pro Movers,Riverside Pro Movers,hhg_intrastate hhg_local,
MISSING_REQUIRED_IDENTITY,,roadway-moving,roadway-moving,,,Roadway Moving,hhg_intrastate hhg_local,
MISSING_REQUIRED_IDENTITY,,rodi-moving-storage-orlando,rodi-moving-storage-orlando,,,Rodi Moving & Storage Orlando,hhg_intrastate hhg_local,
MISSING_REQUIRED_IDENTITY,,route-66-moving,route-66-moving,,Route 66 Moving,Route 66 Moving,hhg_intrastate hhg_local,
MISSING_REQUIRED_IDENTITY,,safe-hands-relocation-llc,safe-hands-relocation-llc,,,Safe Hands Relocation,hhg_intrastate hhg_local,
MISSING_REQUIRED_IDENTITY,,samba-moving,samba-moving,,,Samba Moving,hhg_intrastate hhg_local,
MISSING_REQUIRED_IDENTITY,,saving-moving-company,saving-moving-company,,Saving Moving Company,Saving Moving Company,hhg_intrastate hhg_local,
MISSING_REQUIRED_IDENTITY,,schaap-moving-systems-inc,schaap-moving-systems-inc,,,Schaap Moving Systems INC,hhg_intrastate hhg_local,
MISSING_REQUIRED_IDENTITY,,seacure-moving-storage,seacure-moving-storage,,,SeaCure Moving & Storage,hhg_intrastate hhg_local,
MISSING_REQUIRED_IDENTITY,,serenity-movers-inc,serenity-movers-inc,,,Serenity Movers INC,hhg_intrastate hhg_local,
MISSING_REQUIRED_IDENTITY,,sett-movers-llc,sett-movers-llc,,Sett Movers LLC,Sett Movers LLC,hhg_intrastate hhg_local,
MISSING_REQUIRED_IDENTITY,,seven-bridges-moving,seven-bridges-moving,,Seven Bridges Moving,Seven Bridges Moving,hhg_intrastate hhg_local,
MISSING_REQUIRED_IDENTITY,,shamrock-moving-deliveries,shamrock-moving-deliveries,,,Shamrock Moving & Deliveries,hhg_intrastate hhg_local,
MISSING_REQUIRED_IDENTITY,,shift-it-moving-llc,shift-it-moving-llc,,Shift It Moving LLC,Shift It Moving LLC,hhg_intrastate hhg_local,
MISSING_REQUIRED_IDENTITY,,shleppers-moving-storage,shleppers-moving-storage,,,Shleppers Moving & Storage,hhg_intrastate hhg_local,
MISSING_REQUIRED_IDENTITY,,sinatra-movers,sinatra-movers,,Sinatra Movers,Sinatra Movers,hhg_intrastate hhg_local,
MISSING_REQUIRED_IDENTITY,,smart-move-murfreesboro,smart-move-murfreesboro,,,Smart Move Murfreesboro,hhg_intrastate hhg_local,
MISSING_REQUIRED_IDENTITY,,smooth-moving,smooth-moving,,smooth moving,smooth moving,hhg_intrastate hhg_local,
MISSING_REQUIRED_IDENTITY,,solomon-sons-relocation-services,solomon-sons-relocation-services,,,Solomon & Sons Relocation Services,hhg_intrastate hhg_local,
MISSING_REQUIRED_IDENTITY,,south-bay-moving-systems-inc,south-bay-moving-systems-inc,,,South Bay Moving Systems INC,hhg_intrastate hhg_local,
MISSING_REQUIRED_IDENTITY,,south-jersey-moving-inc,south-jersey-moving-inc,,,South Jersey Moving INC,hhg_intrastate hhg_local,
MISSING_REQUIRED_IDENTITY,,sparkle-moving-services-llc,sparkle-moving-services-llc,,,Sparkle Moving Services LLC,hhg_intrastate hhg_local,
MISSING_REQUIRED_IDENTITY,,sparrow-moving-service,sparrow-moving-service,,Sparrow Moving service,Sparrow Moving service,hhg_intrastate hhg_local,
MISSING_REQUIRED_IDENTITY,,sprint-moving-usa,sprint-moving-usa,,,Sprint Moving USA,hhg_intrastate hhg_local,
MISSING_REQUIRED_IDENTITY,,square-cow-movers,square-cow-movers,,,Square Cow Movers,hhg_intrastate hhg_local,
MISSING_REQUIRED_IDENTITY,,square-cow-movers-2,square-cow-movers-2,,,Square Cow Movers,hhg_intrastate hhg_local,
MISSING_REQUIRED_IDENTITY,,state-wide-moving,state-wide-moving,,,State-Wide Moving,hhg_intrastate hhg_local,
MISSING_REQUIRED_IDENTITY,,studio-city-movers,studio-city-movers,,Studio City Movers,Studio City Movers,hhg_intrastate hhg_local,
MISSING_REQUIRED_IDENTITY,,suddath-relocation-systems,suddath-relocation-systems,,,Suddath Relocation Systems,hhg_intrastate hhg_local,
MISSING_REQUIRED_IDENTITY,,sunshine-movers,sunshine-movers,,,Sunshine Movers,hhg_intrastate hhg_local,
MISSING_REQUIRED_IDENTITY,,t-t-moving-and-packing,t-t-moving-and-packing,,,T&T Moving And Packing,hhg_intrastate hhg_local,
MISSING_REQUIRED_IDENTITY,,tampa-bay-moving-and-storage,tampa-bay-moving-and-storage,,,Tampa Bay Moving and Storage,hhg_intrastate hhg_local,
MISSING_REQUIRED_IDENTITY,,taylor-sons-moving,taylor-sons-moving,,,Taylor & Sons Moving,hhg_intrastate hhg_local,
MISSING_REQUIRED_IDENTITY,,tetris-express-movers-llc,tetris-express-movers-llc,,,Tetris Express Movers LLC,hhg_intrastate hhg_local,
MISSING_REQUIRED_IDENTITY,,texas-frontier-moving,texas-frontier-moving,,,Texas Frontier Moving,hhg_intrastate hhg_local,
MISSING_REQUIRED_IDENTITY,,texas-moving-and-transport-llc,texas-moving-and-transport-llc,,,Texas Moving And Transport,hhg_intrastate hhg_local,
MISSING_REQUIRED_IDENTITY,,the-golden-truck-moving-company,the-golden-truck-moving-company,,,The Golden Truck Moving Company,hhg_intrastate hhg_local,
MISSING_REQUIRED_IDENTITY,,the-knoxville-moving-company-llc,the-knoxville-moving-company-llc,,,The Knoxville Moving Company LLC,hhg_intrastate hhg_local,
MISSING_REQUIRED_IDENTITY,,the-moving-brothers-swfl-mover,the-moving-brothers-swfl-mover,,,The Moving Brothers SWFL Mover,hhg_intrastate hhg_local,
MISSING_REQUIRED_IDENTITY,,the-moving-guys,the-moving-guys,,The Moving Guys,The Moving Guys,hhg_intrastate hhg_local,
MISSING_REQUIRED_IDENTITY,,the-rock-movers-inc,the-rock-movers-inc,,The Rock Movers INC,The Rock Movers INC,hhg_intrastate hhg_local,
MISSING_REQUIRED_IDENTITY,,top-humble-movers-llc,top-humble-movers-llc,,,Top Humble Movers LLC,hhg_intrastate hhg_local,
MISSING_REQUIRED_IDENTITY,,top-tier-moving-llc,top-tier-moving-llc,,,Top Tier Moving,hhg_intrastate hhg_local,
MISSING_REQUIRED_IDENTITY,,tough-guys-moving,tough-guys-moving,,,Tough Guys Moving,hhg_intrastate hhg_local,
MISSING_REQUIRED_IDENTITY,,trek-movers,trek-movers,,Trek Movers,Trek Movers,hhg_intrastate hhg_local,
MISSING_REQUIRED_IDENTITY,,tri-state-moving-and-storage-llc,tri-state-moving-and-storage-llc,,,Tri-state Moving And Storage,hhg_intrastate hhg_local,
MISSING_REQUIRED_IDENTITY,,tropic-moving,tropic-moving,,,Tropic Moving,hhg_intrastate hhg_local,
MISSING_REQUIRED_IDENTITY,,true-friends-moving-company-llc,true-friends-moving-company-llc,,,True Friends Moving Company,hhg_intrastate hhg_local,
MISSING_REQUIRED_IDENTITY,,true-south-moving-storage,true-south-moving-storage,,,True South Moving & Storage,hhg_intrastate hhg_local,
MISSING_REQUIRED_IDENTITY,,two-chicks-moving-llc,two-chicks-moving-llc,,,Two Chicks Moving,hhg_intrastate hhg_local,
MISSING_REQUIRED_IDENTITY,,two-men-and-a-truck-moving,two-men-and-a-truck-moving,,Two Men and a Truck Moving,Two Men and a Truck Moving,hhg_intrastate hhg_local,
MISSING_REQUIRED_IDENTITY,,two-men-and-a-truck-moving-2,two-men-and-a-truck-moving-2,,,Two Men and a Truck Moving,hhg_intrastate hhg_local,
MISSING_REQUIRED_IDENTITY,,two-men-and-a-truck-moving-3,two-men-and-a-truck-moving-3,,,Two Men and a Truck Moving,hhg_intrastate hhg_local,
MISSING_REQUIRED_IDENTITY,,two-men-and-a-truck-moving-4,two-men-and-a-truck-moving-4,,,Two Men and a Truck Moving,hhg_intrastate hhg_local,
MISSING_REQUIRED_IDENTITY,,two-men-and-a-truck-moving-5,two-men-and-a-truck-moving-5,,,Two Men and a Truck Moving,hhg_intrastate hhg_local,
MISSING_REQUIRED_IDENTITY,,two-men-and-a-truck-moving-and-storage,two-men-and-a-truck-moving-and-storage,,,Two Men and a Truck Moving and Storage,hhg_intrastate hhg_local,
MISSING_REQUIRED_IDENTITY,,two-twigs-moving-charleston-moving-company,two-twigs-moving-charleston-moving-company,,,Two Twigs Moving | Charleston Moving Company,hhg_intrastate hhg_local,
MISSING_REQUIRED_IDENTITY,,university-moving-storage-co,university-moving-storage-co,,,University Moving & Storage CO,hhg_intrastate hhg_local,
MISSING_REQUIRED_IDENTITY,,vector-moving-and-storage,vector-moving-and-storage,,Vector Moving and Storage,Vector Moving and Storage,hhg_intrastate hhg_local,
MISSING_REQUIRED_IDENTITY,,ventura-moving-company,ventura-moving-company,,,Ventura Moving Company,hhg_intrastate hhg_local,
MISSING_REQUIRED_IDENTITY,,orcas-island-freight-lines,wa-hg-016890,,Orcas Island Freight Lines Inc.,Orcas Island Freight Lines,hhg_intrastate hhg_local,
MISSING_REQUIRED_IDENTITY,,west-coast-movers-llc,west-coast-movers-llc,,West Coast Movers LLC,West Coast Movers LLC,hhg_intrastate hhg_local,
MISSING_REQUIRED_IDENTITY,,whatamove,whatamove,,,Whatamove,hhg_intrastate hhg_local,
MISSING_REQUIRED_IDENTITY,,white-glove-movers-llc,white-glove-movers-llc,,,White Glove Movers LLC,hhg_intrastate hhg_local,
MISSING_REQUIRED_IDENTITY,,wright-s-moving-company,wright-s-moving-company,,,Wright’s Moving Company,hhg_intrastate hhg_local,
MISSING_REQUIRED_IDENTITY,,wrightway-moving-company-llc,wrightway-moving-company-llc,,,Wrightway Moving Company,hhg_intrastate hhg_local,
MISSING_REQUIRED_IDENTITY,,zoom-movers,zoom-movers,,Zoom Movers,Zoom Movers,hhg_intrastate hhg_local,
MOVE_NAME_COLLISION_HOLD,105271,island-movers-inc,usdot-105271,135534,"ISLAND MOVERS, INC.","ISLAND MOVERS, INC.",hhg_broker hhg_interstate_carrier,
MOVE_NAME_COLLISION_HOLD,1129233,a-1-movers-inc,usdot-1129233,479810,"A-1 MOVERS, INC.","A-1 MOVERS, INC.",hhg_interstate_carrier,
MOVE_NAME_COLLISION_HOLD,1194579,the-moving-company-llc-usdot-1194579,usdot-1194579,478669,THE MOVING COMPANY LLC,THE MOVING COMPANY LLC,hhg_interstate_carrier,
MOVE_NAME_COLLISION_HOLD,1238201,eastern-van-lines-inc,usdot-1238201,485481,"EASTERN VAN LINES, INC.","EASTERN VAN LINES, INC.",hhg_interstate_carrier,
MOVE_NAME_COLLISION_HOLD,1283332,the-moving-company,usdot-1283332,620946,THE MOVING COMPANY,THE MOVING COMPANY,hhg_interstate_carrier,
MOVE_NAME_COLLISION_HOLD,1499121,the-movers-llc,usdot-1499121,631234,THE MOVERS LLC,THE MOVERS LLC,hhg_interstate_carrier,
MOVE_NAME_COLLISION_HOLD,1888352,student-movers-inc-usdot-1888352,usdot-1888352,680173,"STUDENT MOVERS, INC.","STUDENT MOVERS, INC.",hhg_interstate_carrier,
MOVE_NAME_COLLISION_HOLD,2032001,noble-moving-and-storage-inc,usdot-2032001,713782,NOBLE MOVING AND STORAGE INC,NOBLE MOVING AND STORAGE INC,hhg_interstate_carrier,
MOVE_NAME_COLLISION_HOLD,2270761,let-s-get-moving-inc-usdot-2270761,usdot-2270761,775415,LET'S GET MOVING INC,LET'S GET MOVING INC,hhg_interstate_carrier,
MOVE_NAME_COLLISION_HOLD,2357921,aloha-movers-llc,usdot-2357921,1283777,ALOHA MOVERS LLC,ALOHA MOVERS LLC,hhg_interstate_carrier,
MOVE_NAME_COLLISION_HOLD,2593605,aloha-movers-storage,usdot-2593605,910070,ALOHA MOVERS LLC,ALOHA MOVERS & STORAGE,hhg_interstate_carrier,
MOVE_NAME_COLLISION_HOLD,2919912,the-moving-company-llc,usdot-2919912,984411,THE MOVING COMPANY LLC,THE MOVING COMPANY LLC,hhg_interstate_carrier,
MOVE_NAME_COLLISION_HOLD,2971512,the-moving-company-llc-usdot-2971512,usdot-2971512,10329,THE MOVING COMPANY LLC,THE MOVING COMPANY LLC,hhg_interstate_carrier,
MOVE_NAME_COLLISION_HOLD,2971998,legacy-worldwide-moving-storage,usdot-2971998,,BEKINS A-1 MOVERS INC.,LEGACY WORLDWIDE MOVING & STORAGE,hhg_interstate_carrier,
MOVE_NAME_COLLISION_HOLD,2971999,gates-moving-systems,usdot-2971999,,BEKINS A-1 MOVERS INC.,GATES MOVING SYSTEMS,hhg_interstate_carrier,
MOVE_NAME_COLLISION_HOLD,2972000,national-moving-storage,usdot-2972000,,BEKINS A-1 MOVERS INC.,NATIONAL MOVING & STORAGE,hhg_interstate_carrier,
MOVE_NAME_COLLISION_HOLD,2972001,ace-moving-storage-co,usdot-2972001,,BEKINS A-1 MOVERS INC.,ACE MOVING & STORAGE CO.,hhg_interstate_carrier,
MOVE_NAME_COLLISION_HOLD,2972135,cardiff-international-forwarding-inc,usdot-2972135,,"CARDIFF INTERNATIONAL FORWARDING, INC.","CARDIFF INTERNATIONAL FORWARDING, INC.",hhg_interstate_carrier,
MOVE_NAME_COLLISION_HOLD,2972136,cardiff-international-forwarding-inc-usdot-2972136,usdot-2972136,503878,"CARDIFF INTERNATIONAL FORWARDING, INC.","CARDIFF INTERNATIONAL FORWARDING, INC.",hhg_interstate_carrier,
MOVE_NAME_COLLISION_HOLD,2972254,continental-transportation-and-distribution-services-llc,usdot-2972254,,"CONTINENTAL TRANSPORTATION AND DISTRIBUTION SERVICES, LLC","CONTINENTAL TRANSPORTATION AND DISTRIBUTION SERVICES, LLC",hhg_interstate_carrier,
MOVE_NAME_COLLISION_HOLD,2972255,continental-transportation-and-distribution-services-llc-usdot-2972255,usdot-2972255,846740,"CONTINENTAL TRANSPORTATION AND DISTRIBUTION SERVICES, LLC","CONTINENTAL TRANSPORTATION AND DISTRIBUTION SERVICES, LLC",hhg_interstate_carrier,
MOVE_NAME_COLLISION_HOLD,2972806,island-movers-inc-usdot-2972806,usdot-2972806,,"ISLAND MOVERS, INC.","ISLAND MOVERS, INC.",hhg_interstate_carrier,
MOVE_NAME_COLLISION_HOLD,3104419,the-moving-company-usdot-3104419,usdot-3104419,79382,THE MOVING COMPANY,THE MOVING COMPANY,hhg_interstate_carrier,
MOVE_NAME_COLLISION_HOLD,3125025,let-s-get-moving-inc,usdot-3125025,90068,LET'S GET MOVING INC,LET'S GET MOVING INC,hhg_interstate_carrier,
MOVE_NAME_COLLISION_HOLD,3259574,student-movers-inc,usdot-3259574,1027336,"STUDENT MOVERS, INC.","STUDENT MOVERS, INC.",hhg_interstate_carrier,
MOVE_NAME_COLLISION_HOLD,36779,thompson-moving-storage-inc,usdot-36779,129283,"THOMPSON MOVING & STORAGE, INC.","THOMPSON MOVING & STORAGE, INC.",hhg_interstate_carrier,
MOVE_NAME_COLLISION_HOLD,3951634,peak-moving-and-storage-llc-usdot-3951634,usdot-3951634,1470832,PEAK MOVING AND STORAGE LLC,PEAK MOVING AND STORAGE LLC,hhg_interstate_carrier,
MOVE_NAME_COLLISION_HOLD,4064811,the-movers-llc-usdot-4064811,usdot-4064811,1543049,THE MOVERS LLC,THE MOVERS LLC,hhg_interstate_carrier,
MOVE_NAME_COLLISION_HOLD,4126677,college-hunks-hauling-junk-moving-usdot-4126677,usdot-4126677,1763682,AE MOVING LLC,COLLEGE HUNKS HAULING JUNK & MOVING,hhg_interstate_carrier,
MOVE_NAME_COLLISION_HOLD,4270220,wellknown-moving-llc-usdot-4270220,usdot-4270220,1658288,WELLKNOWN MOVING LLC,WELLKNOWN MOVING LLC,hhg_interstate_carrier,
MOVE_NAME_COLLISION_HOLD,4340834,moving-systems,usdot-4340834,1696026,NOBLE MOVING AND STORAGE INC,MOVING SYSTEMS,hhg_interstate_carrier,
MOVE_NAME_COLLISION_HOLD,4348852,ae-moving,usdot-4348852,1700128,AE MOVING LLC,AE MOVING,hhg_interstate_carrier,
MOVE_NAME_COLLISION_HOLD,4359790,wellknown-moving-llc,usdot-4359790,1705850,WELLKNOWN MOVING LLC,WELLKNOWN MOVING LLC,hhg_interstate_carrier,
MOVE_NAME_COLLISION_HOLD,4498830,peak-moving-and-storage-llc,usdot-4498830,1779495,PEAK MOVING AND STORAGE LLC,PEAK MOVING AND STORAGE LLC,hhg_interstate_carrier,
MOVE_NAME_COLLISION_HOLD,624921,sterling-moving-storage-inc,usdot-624921,298384,"STERLING MOVING & STORAGE, INC.","STERLING MOVING & STORAGE, INC.",hhg_broker hhg_interstate_carrier,
MOVE_NAME_COLLISION_HOLD,631155,sterling-moving-storage-inc-usdot-631155,usdot-631155,299121,"STERLING MOVING & STORAGE, INC.","STERLING MOVING & STORAGE, INC.",hhg_broker hhg_interstate_carrier,
MOVE_NAME_COLLISION_HOLD,706666,northwest-movers-inc,usdot-706666,326877,NORTHWEST MOVERS INC.,NORTHWEST MOVERS INC.,hhg_interstate_carrier,
MOVE_NAME_COLLISION_HOLD,712509,eastern-van-lines-inc-usdot-712509,usdot-712509,328332,"EASTERN VAN LINES, INC.","EASTERN VAN LINES, INC.",hhg_interstate_carrier,
MOVE_NAME_COLLISION_HOLD,716970,tri-valley-worldwide-moving-storage,usdot-716970,224537,BEKINS A-1 MOVERS INC.,TRI VALLEY WORLDWIDE MOVING & STORAGE,hhg_interstate_carrier,
MOVE_NAME_COLLISION_HOLD,736828,a-1-movers-inc-usdot-736828,usdot-736828,417177,"A-1 MOVERS, INC.","A-1 MOVERS, INC.",hhg_interstate_carrier,
MOVE_NAME_COLLISION_HOLD,854516,thompson-moving-storage-inc-usdot-854516,usdot-854516,366130,"THOMPSON MOVING & STORAGE, INC.","THOMPSON MOVING & STORAGE, INC.",hhg_interstate_carrier,
MOVE_NAME_COLLISION_HOLD,962244,northwest-movers-inc-usdot-962244,usdot-962244,410477,NORTHWEST MOVERS INC.,NORTHWEST MOVERS INC.,hhg_interstate_carrier,
